2025-05-20T16:04:47.489+0000 [INFO] [org.gradle.internal.nativeintegration.services.NativeServices] Initialized native services in: /root/.gradle/native
2025-05-20T16:04:47.511+0000 [INFO] [org.gradle.internal.nativeintegration.services.NativeServices] Initialized jansi services in: /root/.gradle/native
2025-05-20T16:04:47.516+0000 [DEBUG] [org.gradle.internal.nativeintegration.services.NativeServices] Native-platform terminal integration is not available. Continuing with fallback.
2025-05-20T16:04:47.522+0000 [LIFECYCLE] [org.gradle.launcher.cli.DebugLoggerWarningAction] 
#############################################################################
   WARNING WARNING WARNING WARNING WARNING WARNING WARNING WARNING WARNING

   Debug level logging will leak security sensitive information!

   For more details, please refer to https://docs.gradle.org/8.2/userguide/logging.html#sec:debug_security in the Gradle documentation.
#############################################################################

2025-05-20T16:04:47.543+0000 [INFO] [org.gradle.internal.jvm.inspection.DefaultJvmMetadataDetector] Received JVM installation metadata from '/usr/lib/jvm/java-11-openjdk-amd64': {JAVA_HOME=/usr/lib/jvm/java-11-openjdk-amd64, JAVA_VERSION=11.0.26, JAVA_VENDOR=Debian, RUNTIME_NAME=OpenJDK Runtime Environment, RUNTIME_VERSION=11.0.26+4-post-Debian-1deb11u1, VM_NAME=OpenJDK 64-Bit Server VM, VM_VERSION=11.0.26+4-post-Debian-1deb11u1, VM_VENDOR=Debian, OS_ARCH=amd64}
2025-05-20T16:04:47.591+0000 [DEBUG] [org.gradle.launcher.daemon.client.DaemonClient] Executing build 0ce6d39f-b9a7-4a50-8a5d-d87dcab0b643 in daemon client {pid=97}
2025-05-20T16:04:47.592+0000 [DEBUG] [org.gradle.internal.remote.internal.inet.InetAddresses] Adding IP addresses for network interface eth0
2025-05-20T16:04:47.592+0000 [DEBUG] [org.gradle.internal.remote.internal.inet.InetAddresses] Is this a loopback interface? false
2025-05-20T16:04:47.592+0000 [DEBUG] [org.gradle.internal.remote.internal.inet.InetAddresses] Adding remote address /172.17.0.12
2025-05-20T16:04:47.592+0000 [DEBUG] [org.gradle.internal.remote.internal.inet.InetAddresses] Adding IP addresses for network interface lo
2025-05-20T16:04:47.592+0000 [DEBUG] [org.gradle.internal.remote.internal.inet.InetAddresses] Is this a loopback interface? true
2025-05-20T16:04:47.593+0000 [DEBUG] [org.gradle.internal.remote.internal.inet.InetAddresses] Adding loopback address /0:0:0:0:0:0:0:1%lo
2025-05-20T16:04:47.593+0000 [DEBUG] [org.gradle.internal.remote.internal.inet.InetAddresses] Adding loopback address /127.0.0.1
2025-05-20T16:04:47.597+0000 [DEBUG] [org.gradle.cache.internal.DefaultFileLockManager] Waiting to acquire shared lock on daemon addresses registry.
2025-05-20T16:04:47.597+0000 [DEBUG] [org.gradle.cache.internal.DefaultFileLockManager] Lock acquired on daemon addresses registry.
2025-05-20T16:04:47.598+0000 [DEBUG] [org.gradle.cache.internal.DefaultFileLockManager] Releasing lock on daemon addresses registry.
2025-05-20T16:04:47.598+0000 [DEBUG] [org.gradle.launcher.daemon.registry.PersistentDaemonRegistry] Getting daemon stop events
2025-05-20T16:04:47.598+0000 [DEBUG] [org.gradle.cache.internal.DefaultFileLockManager] Waiting to acquire shared lock on daemon addresses registry.
2025-05-20T16:04:47.598+0000 [DEBUG] [org.gradle.cache.internal.DefaultFileLockManager] Lock acquired on daemon addresses registry.
2025-05-20T16:04:47.598+0000 [DEBUG] [org.gradle.cache.internal.DefaultFileLockManager] Releasing lock on daemon addresses registry.
2025-05-20T16:04:47.599+0000 [INFO] [org.gradle.launcher.daemon.registry.PersistentDaemonRegistry] Removing 0 daemon stop events from registry
2025-05-20T16:04:47.599+0000 [DEBUG] [org.gradle.cache.internal.DefaultFileLockManager] Waiting to acquire exclusive lock on daemon addresses registry.
2025-05-20T16:04:47.599+0000 [DEBUG] [org.gradle.cache.internal.DefaultFileLockManager] Lock acquired on daemon addresses registry.
2025-05-20T16:04:47.599+0000 [DEBUG] [org.gradle.cache.internal.DefaultFileLockManager] Releasing lock on daemon addresses registry.
2025-05-20T16:04:47.600+0000 [DEBUG] [org.gradle.cache.internal.DefaultFileLockManager] Waiting to acquire exclusive lock on daemon addresses registry.
2025-05-20T16:04:47.600+0000 [DEBUG] [org.gradle.cache.internal.DefaultFileLockManager] Lock acquired on daemon addresses registry.
2025-05-20T16:04:47.600+0000 [DEBUG] [org.gradle.cache.internal.DefaultFileLockManager] Releasing lock on daemon addresses registry.
2025-05-20T16:04:47.601+0000 [LIFECYCLE] [org.gradle.launcher.daemon.client.DefaultDaemonConnector] Starting a Gradle Daemon (subsequent builds will be faster)
2025-05-20T16:04:47.616+0000 [DEBUG] [org.gradle.launcher.daemon.client.DefaultDaemonStarter] Using daemon args: [/usr/lib/jvm/java-11-openjdk-amd64/bin/java, --add-opens=java.base/java.util=ALL-UNNAMED, --add-opens=java.base/java.lang=ALL-UNNAMED, --add-opens=java.base/java.lang.invoke=ALL-UNNAMED, --add-opens=java.prefs/java.util.prefs=ALL-UNNAMED, --add-opens=java.base/java.nio.charset=ALL-UNNAMED, --add-opens=java.base/java.net=ALL-UNNAMED, --add-opens=java.base/java.util.concurrent.atomic=ALL-UNNAMED, -XX:MaxMetaspaceSize=384m, -XX:+HeapDumpOnOutOfMemoryError, -Xms256m, -Xmx512m, -Dfile.encoding=US-ASCII, -Duser.country=US, -Duser.language=en, -Duser.variant, -cp, /root/.gradle/wrapper/dists/gradle-8.2-bin/bbg7u40eoinfdyxsxr3z4i7ta/gradle-8.2/lib/gradle-launcher-8.2.jar, -javaagent:/root/.gradle/wrapper/dists/gradle-8.2-bin/bbg7u40eoinfdyxsxr3z4i7ta/gradle-8.2/lib/agents/gradle-instrumentation-agent-8.2.jar]
2025-05-20T16:04:47.618+0000 [DEBUG] [org.gradle.launcher.daemon.client.DefaultDaemonStarter] Starting daemon process: workingDir = /root/.gradle/daemon/8.2, daemonArgs: [/usr/lib/jvm/java-11-openjdk-amd64/bin/java, --add-opens=java.base/java.util=ALL-UNNAMED, --add-opens=java.base/java.lang=ALL-UNNAMED, --add-opens=java.base/java.lang.invoke=ALL-UNNAMED, --add-opens=java.prefs/java.util.prefs=ALL-UNNAMED, --add-opens=java.base/java.nio.charset=ALL-UNNAMED, --add-opens=java.base/java.net=ALL-UNNAMED, --add-opens=java.base/java.util.concurrent.atomic=ALL-UNNAMED, -XX:MaxMetaspaceSize=384m, -XX:+HeapDumpOnOutOfMemoryError, -Xms256m, -Xmx512m, -Dfile.encoding=US-ASCII, -Duser.country=US, -Duser.language=en, -Duser.variant, -cp, /root/.gradle/wrapper/dists/gradle-8.2-bin/bbg7u40eoinfdyxsxr3z4i7ta/gradle-8.2/lib/gradle-launcher-8.2.jar, -javaagent:/root/.gradle/wrapper/dists/gradle-8.2-bin/bbg7u40eoinfdyxsxr3z4i7ta/gradle-8.2/lib/agents/gradle-instrumentation-agent-8.2.jar, org.gradle.launcher.daemon.bootstrap.GradleDaemon, 8.2]
2025-05-20T16:04:47.625+0000 [INFO] [org.gradle.process.internal.DefaultExecHandle] Starting process 'Gradle build daemon'. Working directory: /root/.gradle/daemon/8.2 Command: /usr/lib/jvm/java-11-openjdk-amd64/bin/java --add-opens=java.base/java.util=ALL-UNNAMED --add-opens=java.base/java.lang=ALL-UNNAMED --add-opens=java.base/java.lang.invoke=ALL-UNNAMED --add-opens=java.prefs/java.util.prefs=ALL-UNNAMED --add-opens=java.base/java.nio.charset=ALL-UNNAMED --add-opens=java.base/java.net=ALL-UNNAMED --add-opens=java.base/java.util.concurrent.atomic=ALL-UNNAMED -XX:MaxMetaspaceSize=384m -XX:+HeapDumpOnOutOfMemoryError -Xms256m -Xmx512m -Dfile.encoding=US-ASCII -Duser.country=US -Duser.language=en -Duser.variant -cp /root/.gradle/wrapper/dists/gradle-8.2-bin/bbg7u40eoinfdyxsxr3z4i7ta/gradle-8.2/lib/gradle-launcher-8.2.jar -javaagent:/root/.gradle/wrapper/dists/gradle-8.2-bin/bbg7u40eoinfdyxsxr3z4i7ta/gradle-8.2/lib/agents/gradle-instrumentation-agent-8.2.jar org.gradle.launcher.daemon.bootstrap.GradleDaemon 8.2
2025-05-20T16:04:47.738+0000 [DEBUG] [org.gradle.process.internal.DefaultExecHandle] Changing state to: STARTING
2025-05-20T16:04:47.740+0000 [DEBUG] [org.gradle.process.internal.DefaultExecHandle] Waiting until process started: Gradle build daemon.
2025-05-20T16:04:47.750+0000 [DEBUG] [org.gradle.process.internal.DefaultExecHandle] Changing state to: STARTED
2025-05-20T16:04:47.750+0000 [DEBUG] [org.gradle.process.internal.ExecHandleRunner] waiting until streams are handled...
2025-05-20T16:04:47.751+0000 [INFO] [org.gradle.process.internal.DefaultExecHandle] Successfully started process 'Gradle build daemon'
2025-05-20T16:04:47.751+0000 [DEBUG] [org.gradle.launcher.daemon.client.DefaultDaemonStarter] Gradle daemon process is starting. Waiting for the daemon to detach...
2025-05-20T16:04:47.751+0000 [DEBUG] [org.gradle.launcher.daemon.bootstrap.DaemonOutputConsumer] Starting consuming the daemon process output.
2025-05-20T16:04:48.172+0000 [DEBUG] [org.gradle.launcher.daemon.bootstrap.DaemonOutputConsumer] daemon out: Daemon started. About to close the streams. Daemon details: 010003313334002433636338356638392d383466392d343236382d623838392d353266313237316633326366486b8d65e7974f6a82f30e66ba175d070000ad8300000001000000047f000001002b2f726f6f742f2e677261646c652f6461656d6f6e2f382e322f6461656d6f6e2d3133342e6f75742e6c6f67
2025-05-20T16:04:48.172+0000 [DEBUG] [org.gradle.process.internal.DefaultExecHandle] Changing state to: DETACHED
2025-05-20T16:04:48.173+0000 [DEBUG] [org.gradle.process.internal.DefaultExecHandle] Process 'Gradle build daemon' finished with exit value 0 (state: DETACHED)
2025-05-20T16:04:48.173+0000 [DEBUG] [org.gradle.launcher.daemon.client.DefaultDaemonStarter] Gradle daemon process is now detached.
2025-05-20T16:04:48.177+0000 [INFO] [org.gradle.launcher.daemon.client.DefaultDaemonStarter] An attempt to start the daemon took 0.558 secs.
2025-05-20T16:04:48.177+0000 [DEBUG] [org.gradle.launcher.daemon.client.DefaultDaemonConnector] Started Gradle daemon DaemonStartupInfo{pid=134, uid=3cc85f89-84f9-4268-b889-52f1271f32cf, address=[486b8d65-e797-4f6a-82f3-0e66ba175d07 port:44419, addresses:[/127.0.0.1]], diagnostics={pid=134, daemonLog=/root/.gradle/daemon/8.2/daemon-134.out.log}}
2025-05-20T16:04:48.177+0000 [DEBUG] [org.gradle.cache.internal.DefaultFileLockManager] Waiting to acquire shared lock on daemon addresses registry.
2025-05-20T16:04:48.177+0000 [DEBUG] [org.gradle.cache.internal.DefaultFileLockManager] Lock acquired on daemon addresses registry.
2025-05-20T16:04:48.178+0000 [DEBUG] [org.gradle.cache.internal.DefaultFileLockManager] Releasing lock on daemon addresses registry.
2025-05-20T16:04:48.178+0000 [DEBUG] [org.gradle.internal.remote.internal.inet.TcpOutgoingConnector] Attempting to connect to [486b8d65-e797-4f6a-82f3-0e66ba175d07 port:44419, addresses:[/127.0.0.1]].
2025-05-20T16:04:48.178+0000 [DEBUG] [org.gradle.internal.remote.internal.inet.TcpOutgoingConnector] Trying to connect to address /127.0.0.1.
2025-05-20T16:04:48.180+0000 [DEBUG] [org.gradle.internal.remote.internal.inet.TcpOutgoingConnector] Connected to address /127.0.0.1:44419.
2025-05-20T16:04:48.186+0000 [DEBUG] [org.gradle.launcher.daemon.client.DaemonClient] Connected to daemon DaemonInfo{pid=134, address=[486b8d65-e797-4f6a-82f3-0e66ba175d07 port:44419, addresses:[/127.0.0.1]], state=Busy, lastBusy=1747757088167, context=DefaultDaemonContext[uid=3cc85f89-84f9-4268-b889-52f1271f32cf,javaHome=/usr/lib/jvm/java-11-openjdk-amd64,daemonRegistryDir=/root/.gradle/daemon,pid=134,idleTimeout=10800000,priority=NORMAL,applyInstrumentationAgent=true,daemonOpts=--add-opens=java.base/java.util=ALL-UNNAMED,--add-opens=java.base/java.lang=ALL-UNNAMED,--add-opens=java.base/java.lang.invoke=ALL-UNNAMED,--add-opens=java.prefs/java.util.prefs=ALL-UNNAMED,--add-opens=java.base/java.nio.charset=ALL-UNNAMED,--add-opens=java.base/java.net=ALL-UNNAMED,--add-opens=java.base/java.util.concurrent.atomic=ALL-UNNAMED,-XX:MaxMetaspaceSize=384m,-XX:+HeapDumpOnOutOfMemoryError,-Xms256m,-Xmx512m,-Dfile.encoding=US-ASCII,-Duser.country=US,-Duser.language=en,-Duser.variant]}. Dispatching request Build{id=0ce6d39f-b9a7-4a50-8a5d-d87dcab0b643, currentDir=/ws-code}.
2025-05-20T16:04:48.186+0000 [DEBUG] [org.gradle.launcher.daemon.client.DaemonClientConnection] thread 1: dispatching class org.gradle.launcher.daemon.protocol.Build
2025-05-20T16:04:48.302+0000 [DEBUG] [org.gradle.launcher.daemon.client.DaemonClient] Received result org.gradle.launcher.daemon.protocol.BuildStarted@50ecde95 from daemon DaemonInfo{pid=134, address=[486b8d65-e797-4f6a-82f3-0e66ba175d07 port:44419, addresses:[/127.0.0.1]], state=Busy, lastBusy=1747757088167, context=DefaultDaemonContext[uid=3cc85f89-84f9-4268-b889-52f1271f32cf,javaHome=/usr/lib/jvm/java-11-openjdk-amd64,daemonRegistryDir=/root/.gradle/daemon,pid=134,idleTimeout=10800000,priority=NORMAL,applyInstrumentationAgent=true,daemonOpts=--add-opens=java.base/java.util=ALL-UNNAMED,--add-opens=java.base/java.lang=ALL-UNNAMED,--add-opens=java.base/java.lang.invoke=ALL-UNNAMED,--add-opens=java.prefs/java.util.prefs=ALL-UNNAMED,--add-opens=java.base/java.nio.charset=ALL-UNNAMED,--add-opens=java.base/java.net=ALL-UNNAMED,--add-opens=java.base/java.util.concurrent.atomic=ALL-UNNAMED,-XX:MaxMetaspaceSize=384m,-XX:+HeapDumpOnOutOfMemoryError,-Xms256m,-Xmx512m,-Dfile.encoding=US-ASCII,-Duser.country=US,-Duser.language=en,-Duser.variant]} (build should be starting).
2025-05-20T16:04:48.304+0000 [INFO] [org.gradle.launcher.daemon.server.exec.LogToClient] The client will now receive all logging from the daemon (pid: 134). The daemon log file: /root/.gradle/daemon/8.2/daemon-134.out.log
2025-05-20T16:04:48.305+0000 [INFO] [org.gradle.launcher.daemon.server.exec.LogAndCheckHealth] Starting build in new daemon [memory: 512 MiB]
2025-05-20T16:04:48.307+0000 [DEBUG] [org.gradle.launcher.daemon.server.exec.ExecuteBuild] The daemon has started executing the build.
2025-05-20T16:04:48.308+0000 [DEBUG] [org.gradle.launcher.daemon.server.exec.ExecuteBuild] Executing build with daemon context: DefaultDaemonContext[uid=3cc85f89-84f9-4268-b889-52f1271f32cf,javaHome=/usr/lib/jvm/java-11-openjdk-amd64,daemonRegistryDir=/root/.gradle/daemon,pid=134,idleTimeout=10800000,priority=NORMAL,applyInstrumentationAgent=true,daemonOpts=--add-opens=java.base/java.util=ALL-UNNAMED,--add-opens=java.base/java.lang=ALL-UNNAMED,--add-opens=java.base/java.lang.invoke=ALL-UNNAMED,--add-opens=java.prefs/java.util.prefs=ALL-UNNAMED,--add-opens=java.base/java.nio.charset=ALL-UNNAMED,--add-opens=java.base/java.net=ALL-UNNAMED,--add-opens=java.base/java.util.concurrent.atomic=ALL-UNNAMED,-XX:MaxMetaspaceSize=384m,-XX:+HeapDumpOnOutOfMemoryError,-Xms256m,-Xmx512m,-Dfile.encoding=US-ASCII,-Duser.country=US,-Duser.language=en,-Duser.variant]
2025-05-20T16:04:48.437+0000 [DEBUG] [org.gradle.cache.internal.DefaultCacheCoordinator] Creating new cache for file-access, path /root/.gradle/caches/journal-1/file-access.bin, access org.gradle.cache.internal.DefaultCacheCoordinator@6282d0b0
2025-05-20T16:04:48.440+0000 [DEBUG] [org.gradle.cache.internal.DefaultInMemoryCacheDecoratorFactory] Creating in-memory store for cache /root/.gradle/caches/journal-1/file-access.bin (max size: 4700)
2025-05-20T16:04:48.441+0000 [DEBUG] [org.gradle.cache.internal.LockOnDemandCrossProcessCacheAccess] Acquiring file lock for journal cache (/root/.gradle/caches/journal-1)
2025-05-20T16:04:48.442+0000 [DEBUG] [org.gradle.cache.internal.locklistener.DefaultFileLockContentionHandler] Starting file lock listener thread.
2025-05-20T16:04:48.442+0000 [DEBUG] [org.gradle.cache.internal.DefaultFileLockManager] Waiting to acquire exclusive lock on journal cache (/root/.gradle/caches/journal-1).
2025-05-20T16:04:48.443+0000 [DEBUG] [org.gradle.cache.internal.DefaultFileLockManager] Lock acquired on journal cache (/root/.gradle/caches/journal-1).
2025-05-20T16:04:48.456+0000 [INFO] [org.gradle.internal.work.DefaultWorkerLeaseService] Using 32 worker leases.
2025-05-20T16:04:48.474+0000 [DEBUG] [org.gradle.internal.resources.AbstractTrackedResourceLock] Daemon worker: acquired lock on worker lease
2025-05-20T16:04:48.475+0000 [DEBUG] [org.gradle.internal.operations.DefaultBuildOperationRunner] Build operation 'Run build' started
2025-05-20T16:04:48.520+0000 [DEBUG] [org.gradle.cache.internal.DefaultCacheCoordinator] Creating new cache for fileHashes, path /root/.gradle/caches/8.2/fileHashes/fileHashes.bin, access org.gradle.cache.internal.DefaultCacheCoordinator@5036959f
2025-05-20T16:04:48.521+0000 [DEBUG] [org.gradle.cache.internal.DefaultInMemoryCacheDecoratorFactory] Creating in-memory store for cache /root/.gradle/caches/8.2/fileHashes/fileHashes.bin (max size: 190500)
2025-05-20T16:04:48.521+0000 [DEBUG] [org.gradle.cache.internal.LockOnDemandCrossProcessCacheAccess] Acquiring file lock for file hash cache (/root/.gradle/caches/8.2/fileHashes)
2025-05-20T16:04:48.521+0000 [DEBUG] [org.gradle.cache.internal.DefaultFileLockManager] Waiting to acquire exclusive lock on file hash cache (/root/.gradle/caches/8.2/fileHashes).
2025-05-20T16:04:48.521+0000 [DEBUG] [org.gradle.cache.internal.DefaultFileLockManager] Lock acquired on file hash cache (/root/.gradle/caches/8.2/fileHashes).
2025-05-20T16:04:48.581+0000 [INFO] [org.gradle.internal.jvm.inspection.DefaultJvmMetadataDetector] Received JVM installation metadata from '/usr/lib/jvm/java-11-openjdk-amd64': {JAVA_HOME=/usr/lib/jvm/java-11-openjdk-amd64, JAVA_VERSION=11.0.26, JAVA_VENDOR=Debian, RUNTIME_NAME=OpenJDK Runtime Environment, RUNTIME_VERSION=11.0.26+4-post-Debian-1deb11u1, VM_NAME=OpenJDK 64-Bit Server VM, VM_VERSION=11.0.26+4-post-Debian-1deb11u1, VM_VENDOR=Debian, OS_ARCH=amd64}
2025-05-20T16:04:48.621+0000 [DEBUG] [org.gradle.cache.internal.DefaultCacheCoordinator] Creating new cache for resourceHashesCache, path /root/.gradle/caches/8.2/fileHashes/resourceHashesCache.bin, access org.gradle.cache.internal.DefaultCacheCoordinator@5036959f
2025-05-20T16:04:48.621+0000 [DEBUG] [org.gradle.cache.internal.DefaultInMemoryCacheDecoratorFactory] Creating in-memory store for cache /root/.gradle/caches/8.2/fileHashes/resourceHashesCache.bin (max size: 190500)
2025-05-20T16:04:48.766+0000 [INFO] [org.gradle.tooling.internal.provider.FileSystemWatchingBuildActionRunner] Watching the file system is configured to be enabled if available
2025-05-20T16:04:48.766+0000 [DEBUG] [org.gradle.tooling.internal.provider.FileSystemWatchingBuildActionRunner] Watching the file system computed to be enabled if available
2025-05-20T16:04:48.767+0000 [DEBUG] [org.gradle.internal.operations.DefaultBuildOperationRunner] Build operation 'Build started for file system watching' started
2025-05-20T16:04:48.768+0000 [DEBUG] [org.gradle.internal.watch.vfs.impl.DefaultWatchableFileSystemDetector] Detected overlay: / from overlay (remote: false)
2025-05-20T16:04:48.768+0000 [DEBUG] [org.gradle.internal.watch.vfs.impl.DefaultWatchableFileSystemDetector] Detected proc: /proc from proc (remote: false)
2025-05-20T16:04:48.768+0000 [DEBUG] [org.gradle.internal.watch.vfs.impl.DefaultWatchableFileSystemDetector] Detected tmpfs: /dev from tmpfs (remote: false)
2025-05-20T16:04:48.768+0000 [DEBUG] [org.gradle.internal.watch.vfs.impl.DefaultWatchableFileSystemDetector] Detected devpts: /dev/pts from devpts (remote: false)
2025-05-20T16:04:48.768+0000 [DEBUG] [org.gradle.internal.watch.vfs.impl.DefaultWatchableFileSystemDetector] Detected sysfs: /sys from sysfs (remote: false)
2025-05-20T16:04:48.768+0000 [DEBUG] [org.gradle.internal.watch.vfs.impl.DefaultWatchableFileSystemDetector] Detected tmpfs: /sys/fs/cgroup from tmpfs (remote: false)
2025-05-20T16:04:48.768+0000 [DEBUG] [org.gradle.internal.watch.vfs.impl.DefaultWatchableFileSystemDetector] Detected cgroup: /sys/fs/cgroup/cpuset from cpuset (remote: false)
2025-05-20T16:04:48.768+0000 [DEBUG] [org.gradle.internal.watch.vfs.impl.DefaultWatchableFileSystemDetector] Detected cgroup: /sys/fs/cgroup/cpu from cpu (remote: false)
2025-05-20T16:04:48.768+0000 [DEBUG] [org.gradle.internal.watch.vfs.impl.DefaultWatchableFileSystemDetector] Detected cgroup: /sys/fs/cgroup/cpuacct from cpuacct (remote: false)
2025-05-20T16:04:48.768+0000 [DEBUG] [org.gradle.internal.watch.vfs.impl.DefaultWatchableFileSystemDetector] Detected cgroup: /sys/fs/cgroup/blkio from blkio (remote: false)
2025-05-20T16:04:48.768+0000 [DEBUG] [org.gradle.internal.watch.vfs.impl.DefaultWatchableFileSystemDetector] Detected cgroup: /sys/fs/cgroup/memory from memory (remote: false)
2025-05-20T16:04:48.768+0000 [DEBUG] [org.gradle.internal.watch.vfs.impl.DefaultWatchableFileSystemDetector] Detected cgroup: /sys/fs/cgroup/devices from devices (remote: false)
2025-05-20T16:04:48.768+0000 [DEBUG] [org.gradle.internal.watch.vfs.impl.DefaultWatchableFileSystemDetector] Detected cgroup: /sys/fs/cgroup/freezer from freezer (remote: false)
2025-05-20T16:04:48.768+0000 [DEBUG] [org.gradle.internal.watch.vfs.impl.DefaultWatchableFileSystemDetector] Detected cgroup: /sys/fs/cgroup/net_cls from net_cls (remote: false)
2025-05-20T16:04:48.768+0000 [DEBUG] [org.gradle.internal.watch.vfs.impl.DefaultWatchableFileSystemDetector] Detected cgroup: /sys/fs/cgroup/perf_event from perf_event (remote: false)
2025-05-20T16:04:48.769+0000 [DEBUG] [org.gradle.internal.watch.vfs.impl.DefaultWatchableFileSystemDetector] Detected cgroup: /sys/fs/cgroup/net_prio from net_prio (remote: false)
2025-05-20T16:04:48.769+0000 [DEBUG] [org.gradle.internal.watch.vfs.impl.DefaultWatchableFileSystemDetector] Detected cgroup: /sys/fs/cgroup/hugetlb from hugetlb (remote: false)
2025-05-20T16:04:48.769+0000 [DEBUG] [org.gradle.internal.watch.vfs.impl.DefaultWatchableFileSystemDetector] Detected cgroup: /sys/fs/cgroup/pids from pids (remote: false)
2025-05-20T16:04:48.769+0000 [DEBUG] [org.gradle.internal.watch.vfs.impl.DefaultWatchableFileSystemDetector] Detected cgroup: /sys/fs/cgroup/rdma from rdma (remote: false)
2025-05-20T16:04:48.769+0000 [DEBUG] [org.gradle.internal.watch.vfs.impl.DefaultWatchableFileSystemDetector] Detected cgroup: /sys/fs/cgroup/misc from misc (remote: false)
2025-05-20T16:04:48.769+0000 [DEBUG] [org.gradle.internal.watch.vfs.impl.DefaultWatchableFileSystemDetector] Detected cgroup: /sys/fs/cgroup/systemd from cgroup (remote: false)
2025-05-20T16:04:48.769+0000 [DEBUG] [org.gradle.internal.watch.vfs.impl.DefaultWatchableFileSystemDetector] Detected mqueue: /dev/mqueue from mqueue (remote: false)
2025-05-20T16:04:48.769+0000 [DEBUG] [org.gradle.internal.watch.vfs.impl.DefaultWatchableFileSystemDetector] Detected tmpfs: /dev/shm from shm (remote: false)
2025-05-20T16:04:48.769+0000 [DEBUG] [org.gradle.internal.watch.vfs.impl.DefaultWatchableFileSystemDetector] Detected 9p: /ws-code from D:\ (remote: false)
2025-05-20T16:04:48.769+0000 [DEBUG] [org.gradle.internal.watch.vfs.impl.DefaultWatchableFileSystemDetector] Detected ext4: /etc/resolv.conf from /dev/sdd (remote: false)
2025-05-20T16:04:48.769+0000 [DEBUG] [org.gradle.internal.watch.vfs.impl.DefaultWatchableFileSystemDetector] Detected ext4: /etc/hostname from /dev/sdd (remote: false)
2025-05-20T16:04:48.769+0000 [DEBUG] [org.gradle.internal.watch.vfs.impl.DefaultWatchableFileSystemDetector] Detected ext4: /etc/hosts from /dev/sdd (remote: false)
2025-05-20T16:04:48.769+0000 [DEBUG] [org.gradle.internal.watch.vfs.impl.DefaultWatchableFileSystemDetector] Detected devpts: /dev/console from devpts (remote: false)
2025-05-20T16:04:48.769+0000 [DEBUG] [org.gradle.internal.watch.vfs.impl.DefaultWatchableFileSystemDetector] Detected proc: /proc/bus from proc (remote: false)
2025-05-20T16:04:48.769+0000 [DEBUG] [org.gradle.internal.watch.vfs.impl.DefaultWatchableFileSystemDetector] Detected proc: /proc/fs from proc (remote: false)
2025-05-20T16:04:48.769+0000 [DEBUG] [org.gradle.internal.watch.vfs.impl.DefaultWatchableFileSystemDetector] Detected proc: /proc/irq from proc (remote: false)
2025-05-20T16:04:48.769+0000 [DEBUG] [org.gradle.internal.watch.vfs.impl.DefaultWatchableFileSystemDetector] Detected proc: /proc/sys from proc (remote: false)
2025-05-20T16:04:48.769+0000 [DEBUG] [org.gradle.internal.watch.vfs.impl.DefaultWatchableFileSystemDetector] Detected tmpfs: /proc/acpi from tmpfs (remote: false)
2025-05-20T16:04:48.769+0000 [DEBUG] [org.gradle.internal.watch.vfs.impl.DefaultWatchableFileSystemDetector] Detected tmpfs: /proc/kcore from tmpfs (remote: false)
2025-05-20T16:04:48.769+0000 [DEBUG] [org.gradle.internal.watch.vfs.impl.DefaultWatchableFileSystemDetector] Detected tmpfs: /proc/keys from tmpfs (remote: false)
2025-05-20T16:04:48.769+0000 [DEBUG] [org.gradle.internal.watch.vfs.impl.DefaultWatchableFileSystemDetector] Detected tmpfs: /proc/timer_list from tmpfs (remote: false)
2025-05-20T16:04:48.769+0000 [DEBUG] [org.gradle.internal.watch.vfs.impl.DefaultWatchableFileSystemDetector] Detected tmpfs: /sys/firmware from tmpfs (remote: false)
2025-05-20T16:04:48.775+0000 [DEBUG] [org.gradle.internal.watch.registry.impl.DefaultFileWatcherRegistry] Started listening to file system change events
2025-05-20T16:04:48.778+0000 [INFO] [org.gradle.internal.watch.registry.impl.WatchableHierarchies] Not watching /ws-code since the file system is not supported
2025-05-20T16:04:48.778+0000 [DEBUG] [org.gradle.internal.watch.registry.impl.DefaultFileWatcherProbeRegistry] Registering probe for /ws-code
2025-05-20T16:04:48.783+0000 [DEBUG] [org.gradle.internal.operations.DefaultBuildOperationRunner] Completing Build operation 'Build started for file system watching'
2025-05-20T16:04:48.783+0000 [DEBUG] [org.gradle.internal.operations.DefaultBuildOperationRunner] Build operation 'Build started for file system watching' completed
2025-05-20T16:04:48.783+0000 [INFO] [org.gradle.tooling.internal.provider.FileSystemWatchingBuildActionRunner] File system watching is active
2025-05-20T16:04:48.788+0000 [DEBUG] [org.gradle.internal.operations.DefaultBuildOperationRunner] Build operation 'Load build' started
2025-05-20T16:04:48.798+0000 [DEBUG] [org.gradle.initialization.properties.DefaultProjectPropertiesLoader] Found env project properties: []
2025-05-20T16:04:48.798+0000 [DEBUG] [org.gradle.initialization.properties.DefaultProjectPropertiesLoader] Found system project properties: []
2025-05-20T16:04:48.801+0000 [DEBUG] [org.gradle.internal.operations.DefaultBuildOperationRunner] Build operation 'Evaluate settings' started
2025-05-20T16:04:48.886+0000 [DEBUG] [org.gradle.cache.internal.DefaultCacheCoordinator] Creating new cache for workingDirs, path /ws-code/.gradle/8.2/vcsMetadata/workingDirs.bin, access org.gradle.cache.internal.DefaultCacheCoordinator@394f78c0
2025-05-20T16:04:48.928+0000 [DEBUG] [org.gradle.cache.internal.DefaultCacheCoordinator] Creating new cache for md5-checksums, path /ws-code/.gradle/8.2/checksums/md5-checksums.bin, access org.gradle.cache.internal.DefaultCacheCoordinator@637d70e8
2025-05-20T16:04:48.928+0000 [DEBUG] [org.gradle.cache.internal.DefaultInMemoryCacheDecoratorFactory] Creating in-memory store for cache /ws-code/.gradle/8.2/checksums/md5-checksums.bin (max size: 400)
2025-05-20T16:04:48.929+0000 [DEBUG] [org.gradle.cache.internal.LockOnDemandCrossProcessCacheAccess] Acquiring file lock for checksums cache (/ws-code/.gradle/8.2/checksums)
2025-05-20T16:04:48.952+0000 [DEBUG] [org.gradle.cache.internal.DefaultFileLockManager] Waiting to acquire exclusive lock on checksums cache (/ws-code/.gradle/8.2/checksums).
2025-05-20T16:04:48.956+0000 [DEBUG] [org.gradle.cache.internal.DefaultFileLockManager] Lock acquired on checksums cache (/ws-code/.gradle/8.2/checksums).
2025-05-20T16:04:48.956+0000 [DEBUG] [org.gradle.cache.internal.DefaultCacheCoordinator] Creating new cache for sha1-checksums, path /ws-code/.gradle/8.2/checksums/sha1-checksums.bin, access org.gradle.cache.internal.DefaultCacheCoordinator@637d70e8
2025-05-20T16:04:48.956+0000 [DEBUG] [org.gradle.cache.internal.DefaultInMemoryCacheDecoratorFactory] Creating in-memory store for cache /ws-code/.gradle/8.2/checksums/sha1-checksums.bin (max size: 400)
2025-05-20T16:04:48.956+0000 [DEBUG] [org.gradle.cache.internal.DefaultCacheCoordinator] Creating new cache for sha256-checksums, path /ws-code/.gradle/8.2/checksums/sha256-checksums.bin, access org.gradle.cache.internal.DefaultCacheCoordinator@637d70e8
2025-05-20T16:04:48.956+0000 [DEBUG] [org.gradle.cache.internal.DefaultInMemoryCacheDecoratorFactory] Creating in-memory store for cache /ws-code/.gradle/8.2/checksums/sha256-checksums.bin (max size: 400)
2025-05-20T16:04:48.956+0000 [DEBUG] [org.gradle.cache.internal.DefaultCacheCoordinator] Creating new cache for sha512-checksums, path /ws-code/.gradle/8.2/checksums/sha512-checksums.bin, access org.gradle.cache.internal.DefaultCacheCoordinator@637d70e8
2025-05-20T16:04:48.956+0000 [DEBUG] [org.gradle.cache.internal.DefaultInMemoryCacheDecoratorFactory] Creating in-memory store for cache /ws-code/.gradle/8.2/checksums/sha512-checksums.bin (max size: 400)
2025-05-20T16:04:48.965+0000 [DEBUG] [org.gradle.cache.internal.DefaultCacheCoordinator] Creating new cache for md-rule, path /root/.gradle/caches/8.2/md-rule/md-rule.bin, access org.gradle.cache.internal.DefaultCacheCoordinator@5bf9d246
2025-05-20T16:04:48.966+0000 [DEBUG] [org.gradle.cache.internal.DefaultInMemoryCacheDecoratorFactory] Creating in-memory store for cache /root/.gradle/caches/8.2/md-rule/md-rule.bin (max size: 900)
2025-05-20T16:04:48.966+0000 [DEBUG] [org.gradle.cache.internal.LockOnDemandCrossProcessCacheAccess] Acquiring file lock for cache directory md-rule (/root/.gradle/caches/8.2/md-rule)
2025-05-20T16:04:48.966+0000 [DEBUG] [org.gradle.cache.internal.DefaultFileLockManager] Waiting to acquire exclusive lock on cache directory md-rule (/root/.gradle/caches/8.2/md-rule).
2025-05-20T16:04:48.966+0000 [DEBUG] [org.gradle.cache.internal.DefaultFileLockManager] Lock acquired on cache directory md-rule (/root/.gradle/caches/8.2/md-rule).
2025-05-20T16:04:48.973+0000 [DEBUG] [org.gradle.cache.internal.DefaultCacheCoordinator] Creating new cache for java-modules, path /root/.gradle/caches/8.2/fileContent/java-modules.bin, access org.gradle.cache.internal.DefaultCacheCoordinator@2d463a46
2025-05-20T16:04:48.974+0000 [DEBUG] [org.gradle.cache.internal.DefaultInMemoryCacheDecoratorFactory] Creating in-memory store for cache /root/.gradle/caches/8.2/fileContent/java-modules.bin (max size: 9500)
2025-05-20T16:04:48.974+0000 [DEBUG] [org.gradle.cache.internal.LockOnDemandCrossProcessCacheAccess] Acquiring file lock for file content cache (/root/.gradle/caches/8.2/fileContent)
2025-05-20T16:04:48.974+0000 [DEBUG] [org.gradle.cache.internal.DefaultFileLockManager] Waiting to acquire exclusive lock on file content cache (/root/.gradle/caches/8.2/fileContent).
2025-05-20T16:04:48.974+0000 [DEBUG] [org.gradle.cache.internal.DefaultFileLockManager] Lock acquired on file content cache (/root/.gradle/caches/8.2/fileContent).
2025-05-20T16:04:49.003+0000 [DEBUG] [org.gradle.internal.locking.LockFileReaderWriter] Lockfiles root: /ws-code/gradle/dependency-locks
2025-05-20T16:04:49.019+0000 [DEBUG] [org.gradle.cache.internal.DefaultCacheCoordinator] Creating new cache for fileHashes, path /ws-code/.gradle/8.2/fileHashes/fileHashes.bin, access org.gradle.cache.internal.DefaultCacheCoordinator@323516dd
2025-05-20T16:04:49.019+0000 [DEBUG] [org.gradle.cache.internal.DefaultInMemoryCacheDecoratorFactory] Creating in-memory store for cache /ws-code/.gradle/8.2/fileHashes/fileHashes.bin (max size: 190500)
2025-05-20T16:04:49.019+0000 [DEBUG] [org.gradle.cache.internal.LockOnDemandCrossProcessCacheAccess] Acquiring file lock for file hash cache (/ws-code/.gradle/8.2/fileHashes)
2025-05-20T16:04:49.026+0000 [DEBUG] [org.gradle.cache.internal.DefaultFileLockManager] Waiting to acquire exclusive lock on file hash cache (/ws-code/.gradle/8.2/fileHashes).
2025-05-20T16:04:49.029+0000 [DEBUG] [org.gradle.cache.internal.DefaultFileLockManager] Lock acquired on file hash cache (/ws-code/.gradle/8.2/fileHashes).
2025-05-20T16:04:49.036+0000 [DEBUG] [org.gradle.cache.internal.DefaultCacheCoordinator] Creating new cache for md-supplier, path /root/.gradle/caches/8.2/md-supplier/md-supplier.bin, access org.gradle.cache.internal.DefaultCacheCoordinator@416f62ad
2025-05-20T16:04:49.037+0000 [DEBUG] [org.gradle.cache.internal.DefaultInMemoryCacheDecoratorFactory] Creating in-memory store for cache /root/.gradle/caches/8.2/md-supplier/md-supplier.bin (max size: 900)
2025-05-20T16:04:49.037+0000 [DEBUG] [org.gradle.cache.internal.LockOnDemandCrossProcessCacheAccess] Acquiring file lock for cache directory md-supplier (/root/.gradle/caches/8.2/md-supplier)
2025-05-20T16:04:49.037+0000 [DEBUG] [org.gradle.cache.internal.DefaultFileLockManager] Waiting to acquire exclusive lock on cache directory md-supplier (/root/.gradle/caches/8.2/md-supplier).
2025-05-20T16:04:49.037+0000 [DEBUG] [org.gradle.cache.internal.DefaultFileLockManager] Lock acquired on cache directory md-supplier (/root/.gradle/caches/8.2/md-supplier).
2025-05-20T16:04:49.042+0000 [DEBUG] [org.gradle.api.internal.artifacts.mvnsettings.DefaultLocalMavenRepositoryLocator] No local repository in Settings file defined. Using default path: /root/.m2/repository
2025-05-20T16:04:49.071+0000 [DEBUG] [org.gradle.cache.internal.DefaultCacheCoordinator] Creating new cache for executionHistory, path /root/.gradle/caches/8.2/executionHistory/executionHistory.bin, access org.gradle.cache.internal.DefaultCacheCoordinator@7101d069
2025-05-20T16:04:49.071+0000 [DEBUG] [org.gradle.cache.internal.DefaultInMemoryCacheDecoratorFactory] Creating in-memory store for cache /root/.gradle/caches/8.2/executionHistory/executionHistory.bin (max size: 4700)
2025-05-20T16:04:49.071+0000 [DEBUG] [org.gradle.cache.internal.LockOnDemandCrossProcessCacheAccess] Acquiring file lock for execution history cache (/root/.gradle/caches/8.2/executionHistory)
2025-05-20T16:04:49.071+0000 [DEBUG] [org.gradle.cache.internal.DefaultFileLockManager] Waiting to acquire exclusive lock on execution history cache (/root/.gradle/caches/8.2/executionHistory).
2025-05-20T16:04:49.071+0000 [DEBUG] [org.gradle.cache.internal.DefaultFileLockManager] Lock acquired on execution history cache (/root/.gradle/caches/8.2/executionHistory).
2025-05-20T16:04:49.081+0000 [DEBUG] [org.gradle.cache.internal.DefaultCacheCoordinator] Creating new cache for resourceHashesCache, path /ws-code/.gradle/8.2/fileHashes/resourceHashesCache.bin, access org.gradle.cache.internal.DefaultCacheCoordinator@323516dd
2025-05-20T16:04:49.081+0000 [DEBUG] [org.gradle.cache.internal.DefaultInMemoryCacheDecoratorFactory] Creating in-memory store for cache /ws-code/.gradle/8.2/fileHashes/resourceHashesCache.bin (max size: 381000)
2025-05-20T16:04:49.341+0000 [INFO] [org.gradle.internal.buildevents.BuildLogger] Starting Build
2025-05-20T16:04:49.341+0000 [DEBUG] [org.gradle.internal.buildevents.BuildLogger] Gradle user home: /root/.gradle
2025-05-20T16:04:49.341+0000 [DEBUG] [org.gradle.internal.buildevents.BuildLogger] Current dir: /ws-code
2025-05-20T16:04:49.342+0000 [DEBUG] [org.gradle.internal.buildevents.BuildLogger] Settings file: null
2025-05-20T16:04:49.342+0000 [DEBUG] [org.gradle.internal.buildevents.BuildLogger] Build file: null
2025-05-20T16:04:49.346+0000 [DEBUG] [org.gradle.internal.operations.DefaultBuildOperationRunner] Build operation 'Apply settings file 'settings.gradle' to settings 'ws-code'' started
2025-05-20T16:04:49.357+0000 [DEBUG] [org.gradle.cache.internal.DefaultFileLockManager] Waiting to acquire shared lock on cp_settings generic class cache for settings file '/ws-code/settings.gradle' (/root/.gradle/caches/8.2/scripts/ek0k5hyz3jfa4hbjkckj51mpu).
2025-05-20T16:04:49.358+0000 [DEBUG] [org.gradle.cache.internal.DefaultFileLockManager] Lock acquired on cp_settings generic class cache for settings file '/ws-code/settings.gradle' (/root/.gradle/caches/8.2/scripts/ek0k5hyz3jfa4hbjkckj51mpu).
2025-05-20T16:04:49.358+0000 [DEBUG] [org.gradle.cache.internal.DefaultFileLockManager] Releasing lock on cp_settings generic class cache for settings file '/ws-code/settings.gradle' (/root/.gradle/caches/8.2/scripts/ek0k5hyz3jfa4hbjkckj51mpu).
2025-05-20T16:04:49.358+0000 [DEBUG] [org.gradle.cache.internal.DefaultFileLockManager] Waiting to acquire exclusive lock on cp_settings generic class cache for settings file '/ws-code/settings.gradle' (/root/.gradle/caches/8.2/scripts/ek0k5hyz3jfa4hbjkckj51mpu).
2025-05-20T16:04:49.358+0000 [DEBUG] [org.gradle.cache.internal.DefaultFileLockManager] Lock acquired on cp_settings generic class cache for settings file '/ws-code/settings.gradle' (/root/.gradle/caches/8.2/scripts/ek0k5hyz3jfa4hbjkckj51mpu).
2025-05-20T16:04:49.359+0000 [DEBUG] [org.gradle.internal.operations.DefaultBuildOperationRunner] Build operation 'Compile settings file 'settings.gradle' (CLASSPATH)' started
2025-05-20T16:04:49.359+0000 [INFO] [org.gradle.groovy.scripts.internal.DefaultScriptCompilationHandler] Compiling settings file '/ws-code/settings.gradle' using SubsetScriptTransformer.
2025-05-20T16:04:49.475+0000 [DEBUG] [org.gradle.groovy.scripts.internal.DefaultScriptCompilationHandler] Timing: Writing script to cache at /root/.gradle/caches/8.2/scripts/ek0k5hyz3jfa4hbjkckj51mpu/cp_settings took: 0.115 secs
2025-05-20T16:04:49.475+0000 [DEBUG] [org.gradle.internal.operations.DefaultBuildOperationRunner] Completing Build operation 'Compile settings file 'settings.gradle' (CLASSPATH)'
2025-05-20T16:04:49.475+0000 [DEBUG] [org.gradle.internal.operations.DefaultBuildOperationRunner] Build operation 'Compile settings file 'settings.gradle' (CLASSPATH)' completed
2025-05-20T16:04:49.475+0000 [DEBUG] [org.gradle.cache.internal.DefaultFileLockManager] Releasing lock on cp_settings generic class cache for settings file '/ws-code/settings.gradle' (/root/.gradle/caches/8.2/scripts/ek0k5hyz3jfa4hbjkckj51mpu).
2025-05-20T16:04:49.475+0000 [DEBUG] [org.gradle.cache.internal.DefaultFileLockManager] Waiting to acquire shared lock on cp_settings generic class cache for settings file '/ws-code/settings.gradle' (/root/.gradle/caches/8.2/scripts/ek0k5hyz3jfa4hbjkckj51mpu).
2025-05-20T16:04:49.475+0000 [DEBUG] [org.gradle.cache.internal.DefaultFileLockManager] Lock acquired on cp_settings generic class cache for settings file '/ws-code/settings.gradle' (/root/.gradle/caches/8.2/scripts/ek0k5hyz3jfa4hbjkckj51mpu).
2025-05-20T16:04:49.479+0000 [DEBUG] [org.gradle.cache.internal.LockOnDemandCrossProcessCacheAccess] Acquiring file lock for jars (/root/.gradle/caches/jars-9)
2025-05-20T16:04:49.479+0000 [DEBUG] [org.gradle.cache.internal.DefaultFileLockManager] Waiting to acquire exclusive lock on jars (/root/.gradle/caches/jars-9).
2025-05-20T16:04:49.479+0000 [DEBUG] [org.gradle.cache.internal.DefaultFileLockManager] Lock acquired on jars (/root/.gradle/caches/jars-9).
2025-05-20T16:04:49.491+0000 [DEBUG] [org.gradle.cache.internal.DefaultFileLockManager] Waiting to acquire exclusive lock on instrumented jar cache.
2025-05-20T16:04:49.491+0000 [DEBUG] [org.gradle.cache.internal.DefaultFileLockManager] Lock acquired on instrumented jar cache.
2025-05-20T16:04:49.499+0000 [DEBUG] [org.gradle.cache.internal.DefaultFileLockManager] Releasing lock on instrumented jar cache.
2025-05-20T16:04:49.501+0000 [DEBUG] [org.gradle.cache.internal.DefaultFileLockManager] Releasing lock on cp_settings generic class cache for settings file '/ws-code/settings.gradle' (/root/.gradle/caches/8.2/scripts/ek0k5hyz3jfa4hbjkckj51mpu).
2025-05-20T16:04:49.532+0000 [DEBUG] [org.gradle.cache.internal.btree.BTreePersistentIndexedCache] Opening cache file-access.bin (/root/.gradle/caches/journal-1/file-access.bin)
2025-05-20T16:04:49.538+0000 [DEBUG] [org.gradle.cache.internal.DefaultFileLockManager] Waiting to acquire shared lock on settings generic class cache for settings file '/ws-code/settings.gradle' (/root/.gradle/caches/8.2/scripts/4on7bo089e1566p718iccb7ae).
2025-05-20T16:04:49.538+0000 [DEBUG] [org.gradle.cache.internal.DefaultFileLockManager] Lock acquired on settings generic class cache for settings file '/ws-code/settings.gradle' (/root/.gradle/caches/8.2/scripts/4on7bo089e1566p718iccb7ae).
2025-05-20T16:04:49.538+0000 [DEBUG] [org.gradle.cache.internal.DefaultFileLockManager] Releasing lock on settings generic class cache for settings file '/ws-code/settings.gradle' (/root/.gradle/caches/8.2/scripts/4on7bo089e1566p718iccb7ae).
2025-05-20T16:04:49.538+0000 [DEBUG] [org.gradle.cache.internal.DefaultFileLockManager] Waiting to acquire exclusive lock on settings generic class cache for settings file '/ws-code/settings.gradle' (/root/.gradle/caches/8.2/scripts/4on7bo089e1566p718iccb7ae).
2025-05-20T16:04:49.538+0000 [DEBUG] [org.gradle.cache.internal.DefaultFileLockManager] Lock acquired on settings generic class cache for settings file '/ws-code/settings.gradle' (/root/.gradle/caches/8.2/scripts/4on7bo089e1566p718iccb7ae).
2025-05-20T16:04:49.539+0000 [DEBUG] [org.gradle.internal.operations.DefaultBuildOperationRunner] Build operation 'Compile settings file 'settings.gradle' (BODY)' started
2025-05-20T16:04:49.539+0000 [INFO] [org.gradle.groovy.scripts.internal.DefaultScriptCompilationHandler] Compiling settings file '/ws-code/settings.gradle' using BuildScriptTransformer.
2025-05-20T16:04:49.636+0000 [DEBUG] [org.gradle.groovy.scripts.internal.DefaultScriptCompilationHandler] Timing: Writing script to cache at /root/.gradle/caches/8.2/scripts/4on7bo089e1566p718iccb7ae/settings took: 0.097 secs
2025-05-20T16:04:49.636+0000 [DEBUG] [org.gradle.internal.operations.DefaultBuildOperationRunner] Completing Build operation 'Compile settings file 'settings.gradle' (BODY)'
2025-05-20T16:04:49.636+0000 [DEBUG] [org.gradle.internal.operations.DefaultBuildOperationRunner] Build operation 'Compile settings file 'settings.gradle' (BODY)' completed
2025-05-20T16:04:49.636+0000 [DEBUG] [org.gradle.cache.internal.DefaultFileLockManager] Releasing lock on settings generic class cache for settings file '/ws-code/settings.gradle' (/root/.gradle/caches/8.2/scripts/4on7bo089e1566p718iccb7ae).
2025-05-20T16:04:49.636+0000 [DEBUG] [org.gradle.cache.internal.DefaultFileLockManager] Waiting to acquire shared lock on settings generic class cache for settings file '/ws-code/settings.gradle' (/root/.gradle/caches/8.2/scripts/4on7bo089e1566p718iccb7ae).
2025-05-20T16:04:49.637+0000 [DEBUG] [org.gradle.cache.internal.DefaultFileLockManager] Lock acquired on settings generic class cache for settings file '/ws-code/settings.gradle' (/root/.gradle/caches/8.2/scripts/4on7bo089e1566p718iccb7ae).
2025-05-20T16:04:49.639+0000 [DEBUG] [org.gradle.cache.internal.btree.BTreePersistentIndexedCache] Opening cache fileHashes.bin (/root/.gradle/caches/8.2/fileHashes/fileHashes.bin)
2025-05-20T16:04:49.642+0000 [DEBUG] [org.gradle.cache.internal.DefaultFileLockManager] Waiting to acquire exclusive lock on instrumented jar cache.
2025-05-20T16:04:49.643+0000 [DEBUG] [org.gradle.cache.internal.DefaultFileLockManager] Lock acquired on instrumented jar cache.
2025-05-20T16:04:49.657+0000 [DEBUG] [org.gradle.cache.internal.DefaultFileLockManager] Releasing lock on instrumented jar cache.
2025-05-20T16:04:49.658+0000 [DEBUG] [org.gradle.cache.internal.DefaultFileLockManager] Releasing lock on settings generic class cache for settings file '/ws-code/settings.gradle' (/root/.gradle/caches/8.2/scripts/4on7bo089e1566p718iccb7ae).
2025-05-20T16:04:49.689+0000 [DEBUG] [org.gradle.internal.operations.DefaultBuildOperationRunner] Completing Build operation 'Apply settings file 'settings.gradle' to settings 'ws-code''
2025-05-20T16:04:49.690+0000 [DEBUG] [org.gradle.internal.operations.DefaultBuildOperationRunner] Build operation 'Apply settings file 'settings.gradle' to settings 'ws-code'' completed
2025-05-20T16:04:49.690+0000 [DEBUG] [org.gradle.initialization.ScriptEvaluatingSettingsProcessor] Timing: Processing settings took: 0.888 secs
2025-05-20T16:04:49.690+0000 [INFO] [org.gradle.internal.buildevents.BuildLogger] Settings evaluated using settings file '/ws-code/settings.gradle'.
2025-05-20T16:04:49.693+0000 [DEBUG] [org.gradle.caching.configuration.internal.DefaultBuildCacheConfiguration] Found class org.gradle.caching.local.internal.DirectoryBuildCacheServiceFactory registered for class org.gradle.caching.local.DirectoryBuildCache
2025-05-20T16:04:49.699+0000 [DEBUG] [org.gradle.internal.operations.DefaultBuildOperationRunner] Build operation 'Finalize build cache configuration' started
2025-05-20T16:04:49.699+0000 [DEBUG] [org.gradle.internal.operations.DefaultBuildOperationRunner] Completing Build operation 'Finalize build cache configuration'
2025-05-20T16:04:49.699+0000 [DEBUG] [org.gradle.internal.operations.DefaultBuildOperationRunner] Build operation 'Finalize build cache configuration' completed
2025-05-20T16:04:49.699+0000 [DEBUG] [org.gradle.internal.operations.DefaultBuildOperationRunner] Completing Build operation 'Evaluate settings'
2025-05-20T16:04:49.699+0000 [DEBUG] [org.gradle.internal.operations.DefaultBuildOperationRunner] Build operation 'Evaluate settings' completed
2025-05-20T16:04:49.702+0000 [DEBUG] [org.gradle.internal.operations.DefaultBuildOperationRunner] Completing Build operation 'Load build'
2025-05-20T16:04:49.702+0000 [DEBUG] [org.gradle.internal.operations.DefaultBuildOperationRunner] Build operation 'Load build' completed
2025-05-20T16:04:49.703+0000 [DEBUG] [org.gradle.internal.operations.DefaultBuildOperationRunner] Build operation 'Configure build' started
2025-05-20T16:04:49.713+0000 [DEBUG] [org.gradle.cache.internal.DefaultCacheCoordinator] Creating new cache for executionHistory, path /ws-code/.gradle/8.2/dependencies-accessors/executionHistory.bin, access org.gradle.cache.internal.DefaultCacheCoordinator@543fafe1
2025-05-20T16:04:49.713+0000 [DEBUG] [org.gradle.cache.internal.DefaultInMemoryCacheDecoratorFactory] Creating in-memory store for cache /ws-code/.gradle/8.2/dependencies-accessors/executionHistory.bin (max size: 4700)
2025-05-20T16:04:49.713+0000 [DEBUG] [org.gradle.cache.internal.LockOnDemandCrossProcessCacheAccess] Acquiring file lock for dependencies-accessors (/ws-code/.gradle/8.2/dependencies-accessors)
2025-05-20T16:04:49.727+0000 [DEBUG] [org.gradle.cache.internal.DefaultFileLockManager] Waiting to acquire exclusive lock on dependencies-accessors (/ws-code/.gradle/8.2/dependencies-accessors).
2025-05-20T16:04:49.732+0000 [DEBUG] [org.gradle.cache.internal.DefaultFileLockManager] Lock acquired on dependencies-accessors (/ws-code/.gradle/8.2/dependencies-accessors).
2025-05-20T16:04:49.734+0000 [DEBUG] [org.gradle.internal.operations.DefaultBuildOperationRunner] Build operation 'Load projects' started
2025-05-20T16:04:49.769+0000 [DEBUG] [org.gradle.initialization.ProjectPropertySettingBuildLoader] Looking for project properties from: /ws-code/gradle.properties
2025-05-20T16:04:49.770+0000 [DEBUG] [org.gradle.initialization.ProjectPropertySettingBuildLoader] project property file does not exists. We continue!
2025-05-20T16:04:49.771+0000 [DEBUG] [org.gradle.internal.operations.DefaultBuildOperationRunner] Completing Build operation 'Load projects'
2025-05-20T16:04:49.772+0000 [DEBUG] [org.gradle.internal.operations.DefaultBuildOperationRunner] Build operation 'Load projects' completed
2025-05-20T16:04:49.772+0000 [DEBUG] [org.gradle.internal.operations.DefaultBuildOperationRunner] Build operation 'Notify projectsLoaded listeners' started
2025-05-20T16:04:49.772+0000 [INFO] [org.gradle.internal.buildevents.BuildLogger] Projects loaded. Root project using build file '/ws-code/build.gradle'.
2025-05-20T16:04:49.772+0000 [INFO] [org.gradle.internal.buildevents.BuildLogger] Included projects: [root project 'WS_RaceCondition']
2025-05-20T16:04:49.772+0000 [DEBUG] [org.gradle.internal.operations.DefaultBuildOperationRunner] Completing Build operation 'Notify projectsLoaded listeners'
2025-05-20T16:04:49.773+0000 [DEBUG] [org.gradle.internal.operations.DefaultBuildOperationRunner] Build operation 'Notify projectsLoaded listeners' completed
2025-05-20T16:04:49.775+0000 [DEBUG] [org.gradle.internal.operations.DefaultBuildOperationRunner] Build operation 'Configure project :' started
2025-05-20T16:04:49.776+0000 [DEBUG] [org.gradle.internal.operations.DefaultBuildOperationRunner] Build operation 'Notify beforeEvaluate listeners of :' started
2025-05-20T16:04:49.777+0000 [DEBUG] [org.gradle.internal.operations.DefaultBuildOperationRunner] Completing Build operation 'Notify beforeEvaluate listeners of :'
2025-05-20T16:04:49.797+0000 [DEBUG] [org.gradle.internal.operations.DefaultBuildOperationRunner] Build operation 'Apply plugin org.gradle.help-tasks to root project 'WS_RaceCondition'' started
2025-05-20T16:04:49.807+0000 [DEBUG] [org.gradle.internal.operations.DefaultBuildOperationRunner] Build operation 'Register task :help' started
2025-05-20T16:04:49.812+0000 [DEBUG] [org.gradle.internal.operations.DefaultBuildOperationRunner] Completing Build operation 'Register task :help'
2025-05-20T16:04:49.813+0000 [DEBUG] [org.gradle.internal.operations.DefaultBuildOperationRunner] Build operation 'Register task :projects' started
2025-05-20T16:04:49.813+0000 [DEBUG] [org.gradle.internal.operations.DefaultBuildOperationRunner] Completing Build operation 'Register task :projects'
2025-05-20T16:04:49.813+0000 [DEBUG] [org.gradle.internal.operations.DefaultBuildOperationRunner] Build operation 'Register task :tasks' started
2025-05-20T16:04:49.813+0000 [DEBUG] [org.gradle.internal.operations.DefaultBuildOperationRunner] Completing Build operation 'Register task :tasks'
2025-05-20T16:04:49.814+0000 [DEBUG] [org.gradle.internal.operations.DefaultBuildOperationRunner] Build operation 'Register task :properties' started
2025-05-20T16:04:49.814+0000 [DEBUG] [org.gradle.internal.operations.DefaultBuildOperationRunner] Completing Build operation 'Register task :properties'
2025-05-20T16:04:49.817+0000 [DEBUG] [org.gradle.internal.operations.DefaultBuildOperationRunner] Build operation 'Register task :dependencyInsight' started
2025-05-20T16:04:49.817+0000 [DEBUG] [org.gradle.internal.operations.DefaultBuildOperationRunner] Completing Build operation 'Register task :dependencyInsight'
2025-05-20T16:04:49.817+0000 [DEBUG] [org.gradle.internal.operations.DefaultBuildOperationRunner] Build operation 'Register task :dependencies' started
2025-05-20T16:04:49.817+0000 [DEBUG] [org.gradle.internal.operations.DefaultBuildOperationRunner] Completing Build operation 'Register task :dependencies'
2025-05-20T16:04:49.818+0000 [DEBUG] [org.gradle.internal.operations.DefaultBuildOperationRunner] Build operation 'Register task :buildEnvironment' started
2025-05-20T16:04:49.818+0000 [DEBUG] [org.gradle.internal.operations.DefaultBuildOperationRunner] Completing Build operation 'Register task :buildEnvironment'
2025-05-20T16:04:49.818+0000 [DEBUG] [org.gradle.internal.operations.DefaultBuildOperationRunner] Build operation 'Register task :components' started
2025-05-20T16:04:49.819+0000 [DEBUG] [org.gradle.internal.operations.DefaultBuildOperationRunner] Completing Build operation 'Register task :components'
2025-05-20T16:04:49.819+0000 [DEBUG] [org.gradle.internal.operations.DefaultBuildOperationRunner] Build operation 'Register task :model' started
2025-05-20T16:04:49.819+0000 [DEBUG] [org.gradle.internal.operations.DefaultBuildOperationRunner] Completing Build operation 'Register task :model'
2025-05-20T16:04:49.820+0000 [DEBUG] [org.gradle.internal.operations.DefaultBuildOperationRunner] Build operation 'Register task :dependentComponents' started
2025-05-20T16:04:49.821+0000 [DEBUG] [org.gradle.internal.operations.DefaultBuildOperationRunner] Completing Build operation 'Register task :dependentComponents'
2025-05-20T16:04:49.821+0000 [DEBUG] [org.gradle.internal.operations.DefaultBuildOperationRunner] Build operation 'Register task :outgoingVariants' started
2025-05-20T16:04:49.821+0000 [DEBUG] [org.gradle.internal.operations.DefaultBuildOperationRunner] Completing Build operation 'Register task :outgoingVariants'
2025-05-20T16:04:49.821+0000 [DEBUG] [org.gradle.internal.operations.DefaultBuildOperationRunner] Build operation 'Register task :resolvableConfigurations' started
2025-05-20T16:04:49.821+0000 [DEBUG] [org.gradle.internal.operations.DefaultBuildOperationRunner] Completing Build operation 'Register task :resolvableConfigurations'
2025-05-20T16:04:49.827+0000 [DEBUG] [org.gradle.internal.operations.DefaultBuildOperationRunner] Completing Build operation 'Apply plugin org.gradle.help-tasks to root project 'WS_RaceCondition''
2025-05-20T16:04:49.828+0000 [DEBUG] [org.gradle.internal.operations.DefaultBuildOperationRunner] Build operation 'Register task :javaToolchains' started
2025-05-20T16:04:49.828+0000 [DEBUG] [org.gradle.internal.operations.DefaultBuildOperationRunner] Completing Build operation 'Register task :javaToolchains'
2025-05-20T16:04:49.846+0000 [DEBUG] [org.gradle.internal.operations.DefaultBuildOperationRunner] Build operation 'Register task :prepareKotlinBuildScriptModel' started
2025-05-20T16:04:49.846+0000 [DEBUG] [org.gradle.internal.operations.DefaultBuildOperationRunner] Completing Build operation 'Register task :prepareKotlinBuildScriptModel'
2025-05-20T16:04:49.847+0000 [DEBUG] [org.gradle.internal.operations.DefaultBuildOperationRunner] Build operation 'Apply plugin org.gradle.build-init to root project 'WS_RaceCondition'' started
2025-05-20T16:04:49.850+0000 [DEBUG] [org.gradle.internal.operations.DefaultBuildOperationRunner] Build operation 'Register task :init' started
2025-05-20T16:04:49.850+0000 [DEBUG] [org.gradle.internal.operations.DefaultBuildOperationRunner] Completing Build operation 'Register task :init'
2025-05-20T16:04:49.850+0000 [DEBUG] [org.gradle.internal.operations.DefaultBuildOperationRunner] Completing Build operation 'Apply plugin org.gradle.build-init to root project 'WS_RaceCondition''
2025-05-20T16:04:49.851+0000 [DEBUG] [org.gradle.internal.operations.DefaultBuildOperationRunner] Build operation 'Apply plugin org.gradle.wrapper to root project 'WS_RaceCondition'' started
2025-05-20T16:04:49.866+0000 [DEBUG] [org.gradle.internal.operations.DefaultBuildOperationRunner] Build operation 'Register task :wrapper' started
2025-05-20T16:04:49.866+0000 [DEBUG] [org.gradle.internal.operations.DefaultBuildOperationRunner] Completing Build operation 'Register task :wrapper'
2025-05-20T16:04:49.866+0000 [DEBUG] [org.gradle.internal.operations.DefaultBuildOperationRunner] Completing Build operation 'Apply plugin org.gradle.wrapper to root project 'WS_RaceCondition''
2025-05-20T16:04:49.868+0000 [DEBUG] [org.gradle.internal.operations.DefaultBuildOperationRunner] Build operation 'Apply build file 'build.gradle' to root project 'WS_RaceCondition'' started
2025-05-20T16:04:49.873+0000 [DEBUG] [org.gradle.internal.operations.DefaultBuildOperationRunner] Build operation 'Compile build file 'build.gradle' (CLASSPATH)' started
2025-05-20T16:04:49.924+0000 [DEBUG] [org.gradle.internal.operations.DefaultBuildOperationRunner] Completing Build operation 'Compile build file 'build.gradle' (CLASSPATH)'
2025-05-20T16:04:49.927+0000 [DEBUG] [org.gradle.cache.internal.DefaultFileLockManager] Waiting to acquire exclusive lock on instrumented jar cache.
2025-05-20T16:04:49.927+0000 [DEBUG] [org.gradle.cache.internal.DefaultFileLockManager] Lock acquired on instrumented jar cache.
2025-05-20T16:04:49.929+0000 [DEBUG] [org.gradle.cache.internal.DefaultFileLockManager] Releasing lock on instrumented jar cache.
2025-05-20T16:04:49.991+0000 [DEBUG] [org.gradle.internal.operations.DefaultBuildOperationRunner] Build operation 'Apply plugin org.gradle.java to root project 'WS_RaceCondition'' started
2025-05-20T16:04:49.998+0000 [DEBUG] [org.gradle.internal.operations.DefaultBuildOperationRunner] Build operation 'Apply plugin org.gradle.api.plugins.JavaBasePlugin to root project 'WS_RaceCondition'' started
2025-05-20T16:04:50.006+0000 [DEBUG] [org.gradle.internal.operations.DefaultBuildOperationRunner] Build operation 'Apply plugin org.gradle.api.plugins.BasePlugin to root project 'WS_RaceCondition'' started
2025-05-20T16:04:50.008+0000 [DEBUG] [org.gradle.internal.operations.DefaultBuildOperationRunner] Build operation 'Apply plugin org.gradle.language.base.plugins.LifecycleBasePlugin to root project 'WS_RaceCondition'' started
2025-05-20T16:04:50.010+0000 [DEBUG] [org.gradle.internal.operations.DefaultBuildOperationRunner] Build operation 'Register task :clean' started
2025-05-20T16:04:50.010+0000 [DEBUG] [org.gradle.internal.operations.DefaultBuildOperationRunner] Completing Build operation 'Register task :clean'
2025-05-20T16:04:50.010+0000 [DEBUG] [org.gradle.internal.operations.DefaultBuildOperationRunner] Build operation 'Register task :assemble' started
2025-05-20T16:04:50.011+0000 [DEBUG] [org.gradle.internal.operations.DefaultBuildOperationRunner] Completing Build operation 'Register task :assemble'
2025-05-20T16:04:50.011+0000 [DEBUG] [org.gradle.internal.operations.DefaultBuildOperationRunner] Build operation 'Register task :check' started
2025-05-20T16:04:50.011+0000 [DEBUG] [org.gradle.internal.operations.DefaultBuildOperationRunner] Completing Build operation 'Register task :check'
2025-05-20T16:04:50.011+0000 [DEBUG] [org.gradle.internal.operations.DefaultBuildOperationRunner] Build operation 'Register task :build' started
2025-05-20T16:04:50.011+0000 [DEBUG] [org.gradle.internal.operations.DefaultBuildOperationRunner] Completing Build operation 'Register task :build'
2025-05-20T16:04:50.011+0000 [DEBUG] [org.gradle.internal.operations.DefaultBuildOperationRunner] Completing Build operation 'Apply plugin org.gradle.language.base.plugins.LifecycleBasePlugin to root project 'WS_RaceCondition''
2025-05-20T16:04:50.078+0000 [DEBUG] [org.gradle.internal.operations.DefaultBuildOperationRunner] Build operation 'Execute container callback action' started
2025-05-20T16:04:50.078+0000 [DEBUG] [org.gradle.internal.operations.DefaultBuildOperationRunner] Completing Build operation 'Execute container callback action'
2025-05-20T16:04:50.078+0000 [DEBUG] [org.gradle.internal.operations.DefaultBuildOperationRunner] Build operation 'Execute container callback action' started
2025-05-20T16:04:50.078+0000 [DEBUG] [org.gradle.internal.operations.DefaultBuildOperationRunner] Completing Build operation 'Execute container callback action'
2025-05-20T16:04:50.078+0000 [DEBUG] [org.gradle.internal.operations.DefaultBuildOperationRunner] Completing Build operation 'Apply plugin org.gradle.api.plugins.BasePlugin to root project 'WS_RaceCondition''
2025-05-20T16:04:50.079+0000 [DEBUG] [org.gradle.internal.operations.DefaultBuildOperationRunner] Build operation 'Apply plugin org.gradle.api.plugins.JvmEcosystemPlugin to root project 'WS_RaceCondition'' started
2025-05-20T16:04:50.097+0000 [DEBUG] [org.gradle.internal.operations.DefaultBuildOperationRunner] Completing Build operation 'Apply plugin org.gradle.api.plugins.JvmEcosystemPlugin to root project 'WS_RaceCondition''
2025-05-20T16:04:50.098+0000 [DEBUG] [org.gradle.internal.operations.DefaultBuildOperationRunner] Build operation 'Apply plugin org.gradle.api.plugins.ReportingBasePlugin to root project 'WS_RaceCondition'' started
2025-05-20T16:04:50.102+0000 [DEBUG] [org.gradle.internal.operations.DefaultBuildOperationRunner] Completing Build operation 'Apply plugin org.gradle.api.plugins.ReportingBasePlugin to root project 'WS_RaceCondition''
2025-05-20T16:04:50.102+0000 [DEBUG] [org.gradle.internal.operations.DefaultBuildOperationRunner] Build operation 'Apply plugin org.gradle.api.plugins.JvmToolchainsPlugin to root project 'WS_RaceCondition'' started
2025-05-20T16:04:50.154+0000 [DEBUG] [org.gradle.internal.operations.DefaultBuildOperationRunner] Completing Build operation 'Apply plugin org.gradle.api.plugins.JvmToolchainsPlugin to root project 'WS_RaceCondition''
2025-05-20T16:04:50.161+0000 [DEBUG] [org.gradle.internal.operations.DefaultBuildOperationRunner] Build operation 'Register task :buildNeeded' started
2025-05-20T16:04:50.161+0000 [DEBUG] [org.gradle.internal.operations.DefaultBuildOperationRunner] Completing Build operation 'Register task :buildNeeded'
2025-05-20T16:04:50.161+0000 [DEBUG] [org.gradle.internal.operations.DefaultBuildOperationRunner] Build operation 'Register task :buildDependents' started
2025-05-20T16:04:50.161+0000 [DEBUG] [org.gradle.internal.operations.DefaultBuildOperationRunner] Completing Build operation 'Register task :buildDependents'
2025-05-20T16:04:50.162+0000 [DEBUG] [org.gradle.internal.operations.DefaultBuildOperationRunner] Completing Build operation 'Apply plugin org.gradle.api.plugins.JavaBasePlugin to root project 'WS_RaceCondition''
2025-05-20T16:04:50.162+0000 [DEBUG] [org.gradle.internal.operations.DefaultBuildOperationRunner] Build operation 'Apply plugin org.gradle.jvm-test-suite to root project 'WS_RaceCondition'' started
2025-05-20T16:04:50.164+0000 [DEBUG] [org.gradle.internal.operations.DefaultBuildOperationRunner] Build operation 'Apply plugin org.gradle.test-suite-base to root project 'WS_RaceCondition'' started
2025-05-20T16:04:50.166+0000 [DEBUG] [org.gradle.internal.operations.DefaultBuildOperationRunner] Completing Build operation 'Apply plugin org.gradle.test-suite-base to root project 'WS_RaceCondition''
2025-05-20T16:04:50.168+0000 [DEBUG] [org.gradle.internal.operations.DefaultBuildOperationRunner] Completing Build operation 'Apply plugin org.gradle.jvm-test-suite to root project 'WS_RaceCondition''
2025-05-20T16:04:50.180+0000 [DEBUG] [org.gradle.internal.operations.DefaultBuildOperationRunner] Build operation 'Execute container callback action' started
2025-05-20T16:04:50.181+0000 [DEBUG] [org.gradle.internal.operations.DefaultBuildOperationRunner] Build operation 'Execute container callback action' started
2025-05-20T16:04:50.181+0000 [DEBUG] [org.gradle.internal.operations.DefaultBuildOperationRunner] Completing Build operation 'Execute container callback action'
2025-05-20T16:04:50.181+0000 [DEBUG] [org.gradle.internal.operations.DefaultBuildOperationRunner] Build operation 'Execute container callback action' started
2025-05-20T16:04:50.181+0000 [DEBUG] [org.gradle.internal.operations.DefaultBuildOperationRunner] Completing Build operation 'Execute container callback action'
2025-05-20T16:04:50.181+0000 [DEBUG] [org.gradle.internal.operations.DefaultBuildOperationRunner] Build operation 'Execute container callback action' started
2025-05-20T16:04:50.181+0000 [DEBUG] [org.gradle.internal.operations.DefaultBuildOperationRunner] Completing Build operation 'Execute container callback action'
2025-05-20T16:04:50.183+0000 [DEBUG] [org.gradle.internal.operations.DefaultBuildOperationRunner] Build operation 'Execute container callback action' started
2025-05-20T16:04:50.183+0000 [DEBUG] [org.gradle.internal.operations.DefaultBuildOperationRunner] Completing Build operation 'Execute container callback action'
2025-05-20T16:04:50.184+0000 [DEBUG] [org.gradle.internal.operations.DefaultBuildOperationRunner] Build operation 'Execute container callback action' started
2025-05-20T16:04:50.184+0000 [DEBUG] [org.gradle.internal.operations.DefaultBuildOperationRunner] Completing Build operation 'Execute container callback action'
2025-05-20T16:04:50.184+0000 [DEBUG] [org.gradle.internal.operations.DefaultBuildOperationRunner] Build operation 'Execute container callback action' started
2025-05-20T16:04:50.184+0000 [DEBUG] [org.gradle.internal.operations.DefaultBuildOperationRunner] Completing Build operation 'Execute container callback action'
2025-05-20T16:04:50.186+0000 [DEBUG] [org.gradle.internal.operations.DefaultBuildOperationRunner] Build operation 'Register task :processResources' started
2025-05-20T16:04:50.186+0000 [DEBUG] [org.gradle.internal.operations.DefaultBuildOperationRunner] Completing Build operation 'Register task :processResources'
2025-05-20T16:04:50.188+0000 [DEBUG] [org.gradle.internal.operations.DefaultBuildOperationRunner] Build operation 'Register task :compileJava' started
2025-05-20T16:04:50.188+0000 [DEBUG] [org.gradle.internal.operations.DefaultBuildOperationRunner] Completing Build operation 'Register task :compileJava'
2025-05-20T16:04:50.191+0000 [DEBUG] [org.gradle.internal.operations.DefaultBuildOperationRunner] Build operation 'Register task :classes' started
2025-05-20T16:04:50.192+0000 [DEBUG] [org.gradle.internal.operations.DefaultBuildOperationRunner] Completing Build operation 'Register task :classes'
2025-05-20T16:04:50.192+0000 [DEBUG] [org.gradle.internal.operations.DefaultBuildOperationRunner] Completing Build operation 'Execute container callback action'
2025-05-20T16:04:50.194+0000 [DEBUG] [org.gradle.internal.operations.DefaultBuildOperationRunner] Build operation 'Register task :jar' started
2025-05-20T16:04:50.194+0000 [DEBUG] [org.gradle.internal.operations.DefaultBuildOperationRunner] Completing Build operation 'Register task :jar'
2025-05-20T16:04:50.194+0000 [DEBUG] [org.gradle.internal.operations.DefaultBuildOperationRunner] Build operation 'Execute container callback action' started
2025-05-20T16:04:50.194+0000 [DEBUG] [org.gradle.internal.operations.DefaultBuildOperationRunner] Completing Build operation 'Execute container callback action'
2025-05-20T16:04:50.195+0000 [DEBUG] [org.gradle.internal.operations.DefaultBuildOperationRunner] Build operation 'Execute container callback action' started
2025-05-20T16:04:50.195+0000 [DEBUG] [org.gradle.internal.operations.DefaultBuildOperationRunner] Completing Build operation 'Execute container callback action'
2025-05-20T16:04:50.195+0000 [DEBUG] [org.gradle.internal.operations.DefaultBuildOperationRunner] Build operation 'Execute container callback action' started
2025-05-20T16:04:50.195+0000 [DEBUG] [org.gradle.internal.operations.DefaultBuildOperationRunner] Completing Build operation 'Execute container callback action'
2025-05-20T16:04:50.196+0000 [DEBUG] [org.gradle.internal.operations.DefaultBuildOperationRunner] Build operation 'Execute container callback action' started
2025-05-20T16:04:50.196+0000 [DEBUG] [org.gradle.internal.operations.DefaultBuildOperationRunner] Completing Build operation 'Execute container callback action'
2025-05-20T16:04:50.222+0000 [DEBUG] [org.gradle.internal.operations.DefaultBuildOperationRunner] Build operation 'Register task :javadoc' started
2025-05-20T16:04:50.222+0000 [DEBUG] [org.gradle.internal.operations.DefaultBuildOperationRunner] Completing Build operation 'Register task :javadoc'
2025-05-20T16:04:50.222+0000 [DEBUG] [org.gradle.internal.operations.DefaultBuildOperationRunner] Build operation 'Execute container callback action' started
2025-05-20T16:04:50.222+0000 [DEBUG] [org.gradle.internal.operations.DefaultBuildOperationRunner] Completing Build operation 'Execute container callback action'
2025-05-20T16:04:50.230+0000 [DEBUG] [org.gradle.internal.operations.DefaultBuildOperationRunner] Build operation 'Execute container callback action' started
2025-05-20T16:04:50.231+0000 [DEBUG] [org.gradle.internal.operations.DefaultBuildOperationRunner] Completing Build operation 'Execute container callback action'
2025-05-20T16:04:50.236+0000 [DEBUG] [org.gradle.internal.operations.DefaultBuildOperationRunner] Build operation 'Execute container callback action' started
2025-05-20T16:04:50.236+0000 [DEBUG] [org.gradle.internal.operations.DefaultBuildOperationRunner] Build operation 'Execute container callback action' started
2025-05-20T16:04:50.236+0000 [DEBUG] [org.gradle.internal.operations.DefaultBuildOperationRunner] Completing Build operation 'Execute container callback action'
2025-05-20T16:04:50.236+0000 [DEBUG] [org.gradle.internal.operations.DefaultBuildOperationRunner] Build operation 'Execute container callback action' started
2025-05-20T16:04:50.236+0000 [DEBUG] [org.gradle.internal.operations.DefaultBuildOperationRunner] Completing Build operation 'Execute container callback action'
2025-05-20T16:04:50.236+0000 [DEBUG] [org.gradle.internal.operations.DefaultBuildOperationRunner] Build operation 'Execute container callback action' started
2025-05-20T16:04:50.236+0000 [DEBUG] [org.gradle.internal.operations.DefaultBuildOperationRunner] Completing Build operation 'Execute container callback action'
2025-05-20T16:04:50.236+0000 [DEBUG] [org.gradle.internal.operations.DefaultBuildOperationRunner] Build operation 'Execute container callback action' started
2025-05-20T16:04:50.236+0000 [DEBUG] [org.gradle.internal.operations.DefaultBuildOperationRunner] Completing Build operation 'Execute container callback action'
2025-05-20T16:04:50.238+0000 [DEBUG] [org.gradle.internal.operations.DefaultBuildOperationRunner] Build operation 'Execute container callback action' started
2025-05-20T16:04:50.238+0000 [DEBUG] [org.gradle.internal.operations.DefaultBuildOperationRunner] Completing Build operation 'Execute container callback action'
2025-05-20T16:04:50.238+0000 [DEBUG] [org.gradle.internal.operations.DefaultBuildOperationRunner] Build operation 'Execute container callback action' started
2025-05-20T16:04:50.238+0000 [DEBUG] [org.gradle.internal.operations.DefaultBuildOperationRunner] Completing Build operation 'Execute container callback action'
2025-05-20T16:04:50.238+0000 [DEBUG] [org.gradle.internal.operations.DefaultBuildOperationRunner] Build operation 'Register task :processTestResources' started
2025-05-20T16:04:50.238+0000 [DEBUG] [org.gradle.internal.operations.DefaultBuildOperationRunner] Completing Build operation 'Register task :processTestResources'
2025-05-20T16:04:50.238+0000 [DEBUG] [org.gradle.internal.operations.DefaultBuildOperationRunner] Build operation 'Register task :compileTestJava' started
2025-05-20T16:04:50.238+0000 [DEBUG] [org.gradle.internal.operations.DefaultBuildOperationRunner] Completing Build operation 'Register task :compileTestJava'
2025-05-20T16:04:50.239+0000 [DEBUG] [org.gradle.internal.operations.DefaultBuildOperationRunner] Build operation 'Register task :testClasses' started
2025-05-20T16:04:50.239+0000 [DEBUG] [org.gradle.internal.operations.DefaultBuildOperationRunner] Completing Build operation 'Register task :testClasses'
2025-05-20T16:04:50.239+0000 [DEBUG] [org.gradle.internal.operations.DefaultBuildOperationRunner] Completing Build operation 'Execute container callback action'
2025-05-20T16:04:50.239+0000 [DEBUG] [org.gradle.internal.operations.DefaultBuildOperationRunner] Build operation 'Execute container callback action' started
2025-05-20T16:04:50.239+0000 [DEBUG] [org.gradle.internal.operations.DefaultBuildOperationRunner] Completing Build operation 'Execute container callback action'
2025-05-20T16:04:50.246+0000 [DEBUG] [org.gradle.internal.operations.DefaultBuildOperationRunner] Build operation 'Execute container callback action' started
2025-05-20T16:04:50.247+0000 [DEBUG] [org.gradle.internal.operations.DefaultBuildOperationRunner] Build operation 'Register task :test' started
2025-05-20T16:04:50.247+0000 [DEBUG] [org.gradle.internal.operations.DefaultBuildOperationRunner] Completing Build operation 'Register task :test'
2025-05-20T16:04:50.247+0000 [DEBUG] [org.gradle.internal.operations.DefaultBuildOperationRunner] Build operation 'Execute container callback action' started
2025-05-20T16:04:50.247+0000 [DEBUG] [org.gradle.internal.operations.DefaultBuildOperationRunner] Completing Build operation 'Execute container callback action'
2025-05-20T16:04:50.248+0000 [DEBUG] [org.gradle.internal.operations.DefaultBuildOperationRunner] Build operation 'Execute container callback action' started
2025-05-20T16:04:50.248+0000 [DEBUG] [org.gradle.internal.operations.DefaultBuildOperationRunner] Completing Build operation 'Execute container callback action'
2025-05-20T16:04:50.248+0000 [DEBUG] [org.gradle.internal.operations.DefaultBuildOperationRunner] Completing Build operation 'Execute container callback action'
2025-05-20T16:04:50.248+0000 [DEBUG] [org.gradle.internal.operations.DefaultBuildOperationRunner] Build operation 'Execute container callback action' started
2025-05-20T16:04:50.248+0000 [DEBUG] [org.gradle.internal.operations.DefaultBuildOperationRunner] Build operation 'Execute container callback action' started
2025-05-20T16:04:50.248+0000 [DEBUG] [org.gradle.internal.operations.DefaultBuildOperationRunner] Build operation 'Execute container callback action' started
2025-05-20T16:04:50.248+0000 [DEBUG] [org.gradle.internal.operations.DefaultBuildOperationRunner] Completing Build operation 'Execute container callback action'
2025-05-20T16:04:50.252+0000 [DEBUG] [org.gradle.internal.operations.DefaultBuildOperationRunner] Build operation 'Execute container callback action' started
2025-05-20T16:04:50.252+0000 [DEBUG] [org.gradle.internal.operations.DefaultBuildOperationRunner] Completing Build operation 'Execute container callback action'
2025-05-20T16:04:50.252+0000 [DEBUG] [org.gradle.internal.operations.DefaultBuildOperationRunner] Completing Build operation 'Execute container callback action'
2025-05-20T16:04:50.252+0000 [DEBUG] [org.gradle.internal.operations.DefaultBuildOperationRunner] Completing Build operation 'Execute container callback action'
2025-05-20T16:04:50.252+0000 [DEBUG] [org.gradle.internal.operations.DefaultBuildOperationRunner] Build operation 'Execute container callback action' started
2025-05-20T16:04:50.253+0000 [DEBUG] [org.gradle.internal.operations.DefaultBuildOperationRunner] Completing Build operation 'Execute container callback action'
2025-05-20T16:04:50.253+0000 [DEBUG] [org.gradle.internal.operations.DefaultBuildOperationRunner] Completing Build operation 'Apply plugin org.gradle.java to root project 'WS_RaceCondition''
2025-05-20T16:04:50.255+0000 [DEBUG] [org.gradle.internal.operations.DefaultBuildOperationRunner] Build operation 'Compile build file 'build.gradle' (BODY)' started
2025-05-20T16:04:50.271+0000 [DEBUG] [org.gradle.internal.operations.DefaultBuildOperationRunner] Completing Build operation 'Compile build file 'build.gradle' (BODY)'
2025-05-20T16:04:50.274+0000 [DEBUG] [org.gradle.cache.internal.DefaultFileLockManager] Waiting to acquire exclusive lock on instrumented jar cache.
2025-05-20T16:04:50.274+0000 [DEBUG] [org.gradle.cache.internal.DefaultFileLockManager] Lock acquired on instrumented jar cache.
2025-05-20T16:04:50.277+0000 [DEBUG] [org.gradle.cache.internal.DefaultFileLockManager] Releasing lock on instrumented jar cache.
2025-05-20T16:04:50.314+0000 [DEBUG] [org.gradle.internal.operations.DefaultBuildOperationRunner] Build operation 'Realize task :test' started
2025-05-20T16:04:50.349+0000 [DEBUG] [org.gradle.internal.operations.DefaultBuildOperationRunner] Build operation 'Execute container callback action' started
2025-05-20T16:04:50.349+0000 [DEBUG] [org.gradle.internal.operations.DefaultBuildOperationRunner] Completing Build operation 'Execute container callback action'
2025-05-20T16:04:50.349+0000 [DEBUG] [org.gradle.internal.operations.DefaultBuildOperationRunner] Build operation 'Execute container callback action' started
2025-05-20T16:04:50.350+0000 [DEBUG] [org.gradle.internal.operations.DefaultBuildOperationRunner] Completing Build operation 'Execute container callback action'
2025-05-20T16:04:50.350+0000 [DEBUG] [org.gradle.internal.operations.DefaultBuildOperationRunner] Build operation 'Execute container callback action' started
2025-05-20T16:04:50.350+0000 [DEBUG] [org.gradle.internal.operations.DefaultBuildOperationRunner] Completing Build operation 'Execute container callback action'
2025-05-20T16:04:50.350+0000 [DEBUG] [org.gradle.internal.operations.DefaultBuildOperationRunner] Build operation 'Execute container callback action' started
2025-05-20T16:04:50.350+0000 [DEBUG] [org.gradle.internal.operations.DefaultBuildOperationRunner] Completing Build operation 'Execute container callback action'
2025-05-20T16:04:50.350+0000 [DEBUG] [org.gradle.internal.operations.DefaultBuildOperationRunner] Build operation 'Execute container callback action' started
2025-05-20T16:04:50.350+0000 [DEBUG] [org.gradle.internal.operations.DefaultBuildOperationRunner] Completing Build operation 'Execute container callback action'
2025-05-20T16:04:50.350+0000 [DEBUG] [org.gradle.internal.operations.DefaultBuildOperationRunner] Build operation 'Execute container callback action' started
2025-05-20T16:04:50.350+0000 [DEBUG] [org.gradle.internal.operations.DefaultBuildOperationRunner] Completing Build operation 'Execute container callback action'
2025-05-20T16:04:50.351+0000 [DEBUG] [org.gradle.internal.operations.DefaultBuildOperationRunner] Completing Build operation 'Realize task :test'
2025-05-20T16:04:50.361+0000 [DEBUG] [org.gradle.internal.operations.DefaultBuildOperationRunner] Completing Build operation 'Apply build file 'build.gradle' to root project 'WS_RaceCondition''
2025-05-20T16:04:50.361+0000 [DEBUG] [org.gradle.internal.operations.DefaultBuildOperationRunner] Build operation 'Notify afterEvaluate listeners of :' started
2025-05-20T16:04:50.362+0000 [DEBUG] [org.gradle.internal.operations.DefaultBuildOperationRunner] Completing Build operation 'Notify afterEvaluate listeners of :'
2025-05-20T16:04:49.775+0000 [LIFECYCLE] [org.gradle.internal.logging.progress.ProgressLoggerFactory] 
2025-05-20T16:04:49.775+0000 [LIFECYCLE] [org.gradle.internal.logging.progress.ProgressLoggerFactory] > Configure project :
2025-05-20T16:04:49.776+0000 [DEBUG] [org.gradle.internal.resources.AbstractTrackedResourceLock] Daemon worker: acquired lock on state of build :
2025-05-20T16:04:49.777+0000 [DEBUG] [org.gradle.internal.operations.DefaultBuildOperationRunner] Build operation 'Notify beforeEvaluate listeners of :' completed
2025-05-20T16:04:49.805+0000 [DEBUG] [org.gradle.model.internal.registry.DefaultModelRegistry] Project : - Transitioning model element '<root>' from state Registered to Created
2025-05-20T16:04:49.806+0000 [DEBUG] [org.gradle.model.internal.registry.DefaultModelRegistry] Project : - Transitioning model element '<root>' to state Discovered.
2025-05-20T16:04:49.806+0000 [DEBUG] [org.gradle.model.internal.registry.DefaultModelRegistry] Project : - Transitioning model element '<root>' to state Created.
2025-05-20T16:04:49.812+0000 [DEBUG] [org.gradle.internal.operations.DefaultBuildOperationRunner] Build operation 'Register task :help' completed
2025-05-20T16:04:49.813+0000 [DEBUG] [org.gradle.internal.operations.DefaultBuildOperationRunner] Build operation 'Register task :projects' completed
2025-05-20T16:04:49.813+0000 [DEBUG] [org.gradle.internal.operations.DefaultBuildOperationRunner] Build operation 'Register task :tasks' completed
2025-05-20T16:04:49.814+0000 [DEBUG] [org.gradle.internal.operations.DefaultBuildOperationRunner] Build operation 'Register task :properties' completed
2025-05-20T16:04:49.817+0000 [DEBUG] [org.gradle.internal.operations.DefaultBuildOperationRunner] Build operation 'Register task :dependencyInsight' completed
2025-05-20T16:04:49.817+0000 [DEBUG] [org.gradle.internal.operations.DefaultBuildOperationRunner] Build operation 'Register task :dependencies' completed
2025-05-20T16:04:49.818+0000 [DEBUG] [org.gradle.internal.operations.DefaultBuildOperationRunner] Build operation 'Register task :buildEnvironment' completed
2025-05-20T16:04:49.819+0000 [DEBUG] [org.gradle.internal.operations.DefaultBuildOperationRunner] Build operation 'Register task :components' completed
2025-05-20T16:04:49.820+0000 [DEBUG] [org.gradle.internal.operations.DefaultBuildOperationRunner] Build operation 'Register task :model' completed
2025-05-20T16:04:49.821+0000 [DEBUG] [org.gradle.internal.operations.DefaultBuildOperationRunner] Build operation 'Register task :dependentComponents' completed
2025-05-20T16:04:49.821+0000 [DEBUG] [org.gradle.internal.operations.DefaultBuildOperationRunner] Build operation 'Register task :outgoingVariants' completed
2025-05-20T16:04:49.821+0000 [DEBUG] [org.gradle.internal.operations.DefaultBuildOperationRunner] Build operation 'Register task :resolvableConfigurations' completed
2025-05-20T16:04:49.827+0000 [DEBUG] [org.gradle.internal.operations.DefaultBuildOperationRunner] Build operation 'Apply plugin org.gradle.help-tasks to root project 'WS_RaceCondition'' completed
2025-05-20T16:04:49.828+0000 [DEBUG] [org.gradle.internal.operations.DefaultBuildOperationRunner] Build operation 'Register task :javaToolchains' completed
2025-05-20T16:04:49.846+0000 [DEBUG] [org.gradle.internal.operations.DefaultBuildOperationRunner] Build operation 'Register task :prepareKotlinBuildScriptModel' completed
2025-05-20T16:04:49.850+0000 [DEBUG] [org.gradle.internal.operations.DefaultBuildOperationRunner] Build operation 'Register task :init' completed
2025-05-20T16:04:49.850+0000 [DEBUG] [org.gradle.internal.operations.DefaultBuildOperationRunner] Build operation 'Apply plugin org.gradle.build-init to root project 'WS_RaceCondition'' completed
2025-05-20T16:04:49.866+0000 [DEBUG] [org.gradle.internal.operations.DefaultBuildOperationRunner] Build operation 'Register task :wrapper' completed
2025-05-20T16:04:49.866+0000 [DEBUG] [org.gradle.internal.operations.DefaultBuildOperationRunner] Build operation 'Apply plugin org.gradle.wrapper to root project 'WS_RaceCondition'' completed
2025-05-20T16:04:49.866+0000 [INFO] [org.gradle.configuration.project.BuildScriptProcessor] Evaluating root project 'WS_RaceCondition' using build file '/ws-code/build.gradle'.
2025-05-20T16:04:49.867+0000 [DEBUG] [org.gradle.internal.locking.LockFileReaderWriter] Lockfiles root: /ws-code/gradle/dependency-locks
2025-05-20T16:04:49.872+0000 [DEBUG] [org.gradle.cache.internal.DefaultFileLockManager] Waiting to acquire shared lock on cp_proj generic class cache for build file '/ws-code/build.gradle' (/root/.gradle/caches/8.2/scripts/66b5spk6jc08zvct1h4zl7k85).
2025-05-20T16:04:49.872+0000 [DEBUG] [org.gradle.cache.internal.DefaultFileLockManager] Lock acquired on cp_proj generic class cache for build file '/ws-code/build.gradle' (/root/.gradle/caches/8.2/scripts/66b5spk6jc08zvct1h4zl7k85).
2025-05-20T16:04:49.873+0000 [DEBUG] [org.gradle.cache.internal.DefaultFileLockManager] Releasing lock on cp_proj generic class cache for build file '/ws-code/build.gradle' (/root/.gradle/caches/8.2/scripts/66b5spk6jc08zvct1h4zl7k85).
2025-05-20T16:04:49.873+0000 [DEBUG] [org.gradle.cache.internal.DefaultFileLockManager] Waiting to acquire exclusive lock on cp_proj generic class cache for build file '/ws-code/build.gradle' (/root/.gradle/caches/8.2/scripts/66b5spk6jc08zvct1h4zl7k85).
2025-05-20T16:04:49.873+0000 [DEBUG] [org.gradle.cache.internal.DefaultFileLockManager] Lock acquired on cp_proj generic class cache for build file '/ws-code/build.gradle' (/root/.gradle/caches/8.2/scripts/66b5spk6jc08zvct1h4zl7k85).
2025-05-20T16:04:49.873+0000 [INFO] [org.gradle.groovy.scripts.internal.DefaultScriptCompilationHandler] Compiling build file '/ws-code/build.gradle' using SubsetScriptTransformer.
2025-05-20T16:04:49.924+0000 [DEBUG] [org.gradle.groovy.scripts.internal.DefaultScriptCompilationHandler] Timing: Writing script to cache at /root/.gradle/caches/8.2/scripts/66b5spk6jc08zvct1h4zl7k85/cp_proj took: 0.051 secs
2025-05-20T16:04:49.924+0000 [DEBUG] [org.gradle.internal.operations.DefaultBuildOperationRunner] Build operation 'Compile build file 'build.gradle' (CLASSPATH)' completed
2025-05-20T16:04:49.925+0000 [DEBUG] [org.gradle.cache.internal.DefaultFileLockManager] Releasing lock on cp_proj generic class cache for build file '/ws-code/build.gradle' (/root/.gradle/caches/8.2/scripts/66b5spk6jc08zvct1h4zl7k85).
2025-05-20T16:04:49.925+0000 [DEBUG] [org.gradle.cache.internal.DefaultFileLockManager] Waiting to acquire shared lock on cp_proj generic class cache for build file '/ws-code/build.gradle' (/root/.gradle/caches/8.2/scripts/66b5spk6jc08zvct1h4zl7k85).
2025-05-20T16:04:49.925+0000 [DEBUG] [org.gradle.cache.internal.DefaultFileLockManager] Lock acquired on cp_proj generic class cache for build file '/ws-code/build.gradle' (/root/.gradle/caches/8.2/scripts/66b5spk6jc08zvct1h4zl7k85).
2025-05-20T16:04:49.930+0000 [DEBUG] [org.gradle.cache.internal.DefaultFileLockManager] Releasing lock on cp_proj generic class cache for build file '/ws-code/build.gradle' (/root/.gradle/caches/8.2/scripts/66b5spk6jc08zvct1h4zl7k85).
2025-05-20T16:04:50.010+0000 [DEBUG] [org.gradle.internal.operations.DefaultBuildOperationRunner] Build operation 'Register task :clean' completed
2025-05-20T16:04:50.011+0000 [DEBUG] [org.gradle.internal.operations.DefaultBuildOperationRunner] Build operation 'Register task :assemble' completed
2025-05-20T16:04:50.011+0000 [DEBUG] [org.gradle.internal.operations.DefaultBuildOperationRunner] Build operation 'Register task :check' completed
2025-05-20T16:04:50.011+0000 [DEBUG] [org.gradle.internal.operations.DefaultBuildOperationRunner] Build operation 'Register task :build' completed
2025-05-20T16:04:50.011+0000 [DEBUG] [org.gradle.internal.operations.DefaultBuildOperationRunner] Build operation 'Apply plugin org.gradle.language.base.plugins.LifecycleBasePlugin to root project 'WS_RaceCondition'' completed
2025-05-20T16:04:50.016+0000 [DEBUG] [org.gradle.internal.locking.LockFileReaderWriter] Lockfiles root: /ws-code/gradle/dependency-locks
2025-05-20T16:04:50.025+0000 [DEBUG] [org.gradle.cache.internal.DefaultCacheCoordinator] Creating new cache for outputFiles, path /ws-code/.gradle/buildOutputCleanup/outputFiles.bin, access org.gradle.cache.internal.DefaultCacheCoordinator@56253f65
2025-05-20T16:04:50.025+0000 [DEBUG] [org.gradle.cache.internal.DefaultInMemoryCacheDecoratorFactory] Creating in-memory store for cache /ws-code/.gradle/buildOutputCleanup/outputFiles.bin (max size: 47600)
2025-05-20T16:04:50.025+0000 [DEBUG] [org.gradle.cache.internal.LockOnDemandCrossProcessCacheAccess] Acquiring file lock for Build Output Cleanup Cache (/ws-code/.gradle/buildOutputCleanup)
2025-05-20T16:04:50.037+0000 [DEBUG] [org.gradle.cache.internal.DefaultFileLockManager] Waiting to acquire exclusive lock on Build Output Cleanup Cache (/ws-code/.gradle/buildOutputCleanup).
2025-05-20T16:04:50.041+0000 [DEBUG] [org.gradle.cache.internal.DefaultFileLockManager] Lock acquired on Build Output Cleanup Cache (/ws-code/.gradle/buildOutputCleanup).
2025-05-20T16:04:50.078+0000 [DEBUG] [org.gradle.internal.operations.DefaultBuildOperationRunner] Build operation 'Execute container callback action' completed
2025-05-20T16:04:50.078+0000 [DEBUG] [org.gradle.internal.operations.DefaultBuildOperationRunner] Build operation 'Execute container callback action' completed
2025-05-20T16:04:50.078+0000 [DEBUG] [org.gradle.internal.operations.DefaultBuildOperationRunner] Build operation 'Apply plugin org.gradle.api.plugins.BasePlugin to root project 'WS_RaceCondition'' completed
2025-05-20T16:04:50.097+0000 [DEBUG] [org.gradle.internal.operations.DefaultBuildOperationRunner] Build operation 'Apply plugin org.gradle.api.plugins.JvmEcosystemPlugin to root project 'WS_RaceCondition'' completed
2025-05-20T16:04:50.102+0000 [DEBUG] [org.gradle.internal.operations.DefaultBuildOperationRunner] Build operation 'Apply plugin org.gradle.api.plugins.ReportingBasePlugin to root project 'WS_RaceCondition'' completed
2025-05-20T16:04:50.146+0000 [DEBUG] [org.gradle.process.internal.health.memory.DefaultMemoryManager] Memory status broadcaster started
2025-05-20T16:04:50.153+0000 [DEBUG] [org.gradle.cache.internal.DefaultCacheCoordinator] Creating new cache for annotation-processors, path /root/.gradle/caches/8.2/fileContent/annotation-processors.bin, access org.gradle.cache.internal.DefaultCacheCoordinator@2d463a46
2025-05-20T16:04:50.153+0000 [DEBUG] [org.gradle.cache.internal.DefaultInMemoryCacheDecoratorFactory] Creating in-memory store for cache /root/.gradle/caches/8.2/fileContent/annotation-processors.bin (max size: 9500)
2025-05-20T16:04:50.154+0000 [DEBUG] [org.gradle.internal.operations.DefaultBuildOperationRunner] Build operation 'Apply plugin org.gradle.api.plugins.JvmToolchainsPlugin to root project 'WS_RaceCondition'' completed
2025-05-20T16:04:50.161+0000 [DEBUG] [org.gradle.internal.operations.DefaultBuildOperationRunner] Build operation 'Register task :buildNeeded' completed
2025-05-20T16:04:50.161+0000 [DEBUG] [org.gradle.internal.operations.DefaultBuildOperationRunner] Build operation 'Register task :buildDependents' completed
2025-05-20T16:04:50.162+0000 [DEBUG] [org.gradle.internal.operations.DefaultBuildOperationRunner] Build operation 'Apply plugin org.gradle.api.plugins.JavaBasePlugin to root project 'WS_RaceCondition'' completed
2025-05-20T16:04:50.166+0000 [DEBUG] [org.gradle.internal.operations.DefaultBuildOperationRunner] Build operation 'Apply plugin org.gradle.test-suite-base to root project 'WS_RaceCondition'' completed
2025-05-20T16:04:50.168+0000 [DEBUG] [org.gradle.internal.operations.DefaultBuildOperationRunner] Build operation 'Apply plugin org.gradle.jvm-test-suite to root project 'WS_RaceCondition'' completed
2025-05-20T16:04:50.181+0000 [DEBUG] [org.gradle.internal.operations.DefaultBuildOperationRunner] Build operation 'Execute container callback action' completed
2025-05-20T16:04:50.181+0000 [DEBUG] [org.gradle.internal.operations.DefaultBuildOperationRunner] Build operation 'Execute container callback action' completed
2025-05-20T16:04:50.181+0000 [DEBUG] [org.gradle.internal.operations.DefaultBuildOperationRunner] Build operation 'Execute container callback action' completed
2025-05-20T16:04:50.183+0000 [DEBUG] [org.gradle.internal.operations.DefaultBuildOperationRunner] Build operation 'Execute container callback action' completed
2025-05-20T16:04:50.184+0000 [DEBUG] [org.gradle.internal.operations.DefaultBuildOperationRunner] Build operation 'Execute container callback action' completed
2025-05-20T16:04:50.184+0000 [DEBUG] [org.gradle.internal.operations.DefaultBuildOperationRunner] Build operation 'Execute container callback action' completed
2025-05-20T16:04:50.186+0000 [DEBUG] [org.gradle.internal.operations.DefaultBuildOperationRunner] Build operation 'Register task :processResources' completed
2025-05-20T16:04:50.188+0000 [DEBUG] [org.gradle.internal.operations.DefaultBuildOperationRunner] Build operation 'Register task :compileJava' completed
2025-05-20T16:04:50.192+0000 [DEBUG] [org.gradle.internal.operations.DefaultBuildOperationRunner] Build operation 'Register task :classes' completed
2025-05-20T16:04:50.192+0000 [DEBUG] [org.gradle.internal.operations.DefaultBuildOperationRunner] Build operation 'Execute container callback action' completed
2025-05-20T16:04:50.194+0000 [DEBUG] [org.gradle.internal.operations.DefaultBuildOperationRunner] Build operation 'Register task :jar' completed
2025-05-20T16:04:50.194+0000 [DEBUG] [org.gradle.internal.operations.DefaultBuildOperationRunner] Build operation 'Execute container callback action' completed
2025-05-20T16:04:50.195+0000 [DEBUG] [org.gradle.internal.operations.DefaultBuildOperationRunner] Build operation 'Execute container callback action' completed
2025-05-20T16:04:50.195+0000 [DEBUG] [org.gradle.internal.operations.DefaultBuildOperationRunner] Build operation 'Execute container callback action' completed
2025-05-20T16:04:50.196+0000 [DEBUG] [org.gradle.internal.operations.DefaultBuildOperationRunner] Build operation 'Execute container callback action' completed
2025-05-20T16:04:50.222+0000 [DEBUG] [org.gradle.internal.operations.DefaultBuildOperationRunner] Build operation 'Register task :javadoc' completed
2025-05-20T16:04:50.222+0000 [DEBUG] [org.gradle.internal.operations.DefaultBuildOperationRunner] Build operation 'Execute container callback action' completed
2025-05-20T16:04:50.231+0000 [DEBUG] [org.gradle.internal.operations.DefaultBuildOperationRunner] Build operation 'Execute container callback action' completed
2025-05-20T16:04:50.236+0000 [DEBUG] [org.gradle.internal.operations.DefaultBuildOperationRunner] Build operation 'Execute container callback action' completed
2025-05-20T16:04:50.236+0000 [DEBUG] [org.gradle.internal.operations.DefaultBuildOperationRunner] Build operation 'Execute container callback action' completed
2025-05-20T16:04:50.236+0000 [DEBUG] [org.gradle.internal.operations.DefaultBuildOperationRunner] Build operation 'Execute container callback action' completed
2025-05-20T16:04:50.236+0000 [DEBUG] [org.gradle.internal.operations.DefaultBuildOperationRunner] Build operation 'Execute container callback action' completed
2025-05-20T16:04:50.238+0000 [DEBUG] [org.gradle.internal.operations.DefaultBuildOperationRunner] Build operation 'Execute container callback action' completed
2025-05-20T16:04:50.238+0000 [DEBUG] [org.gradle.internal.operations.DefaultBuildOperationRunner] Build operation 'Execute container callback action' completed
2025-05-20T16:04:50.238+0000 [DEBUG] [org.gradle.internal.operations.DefaultBuildOperationRunner] Build operation 'Register task :processTestResources' completed
2025-05-20T16:04:50.239+0000 [DEBUG] [org.gradle.internal.operations.DefaultBuildOperationRunner] Build operation 'Register task :compileTestJava' completed
2025-05-20T16:04:50.239+0000 [DEBUG] [org.gradle.internal.operations.DefaultBuildOperationRunner] Build operation 'Register task :testClasses' completed
2025-05-20T16:04:50.239+0000 [DEBUG] [org.gradle.internal.operations.DefaultBuildOperationRunner] Build operation 'Execute container callback action' completed
2025-05-20T16:04:50.239+0000 [DEBUG] [org.gradle.internal.operations.DefaultBuildOperationRunner] Build operation 'Execute container callback action' completed
2025-05-20T16:04:50.247+0000 [DEBUG] [org.gradle.internal.operations.DefaultBuildOperationRunner] Build operation 'Register task :test' completed
2025-05-20T16:04:50.247+0000 [DEBUG] [org.gradle.internal.operations.DefaultBuildOperationRunner] Build operation 'Execute container callback action' completed
2025-05-20T16:04:50.248+0000 [DEBUG] [org.gradle.internal.operations.DefaultBuildOperationRunner] Build operation 'Execute container callback action' completed
2025-05-20T16:04:50.248+0000 [DEBUG] [org.gradle.internal.operations.DefaultBuildOperationRunner] Build operation 'Execute container callback action' completed
2025-05-20T16:04:50.248+0000 [DEBUG] [org.gradle.internal.operations.DefaultBuildOperationRunner] Build operation 'Execute container callback action' completed
2025-05-20T16:04:50.252+0000 [DEBUG] [org.gradle.internal.operations.DefaultBuildOperationRunner] Build operation 'Execute container callback action' completed
2025-05-20T16:04:50.252+0000 [DEBUG] [org.gradle.internal.operations.DefaultBuildOperationRunner] Build operation 'Execute container callback action' completed
2025-05-20T16:04:50.252+0000 [DEBUG] [org.gradle.internal.operations.DefaultBuildOperationRunner] Build operation 'Execute container callback action' completed
2025-05-20T16:04:50.253+0000 [DEBUG] [org.gradle.internal.operations.DefaultBuildOperationRunner] Build operation 'Execute container callback action' completed
2025-05-20T16:04:50.253+0000 [DEBUG] [org.gradle.internal.operations.DefaultBuildOperationRunner] Build operation 'Apply plugin org.gradle.java to root project 'WS_RaceCondition'' completed
2025-05-20T16:04:50.254+0000 [DEBUG] [org.gradle.cache.internal.DefaultFileLockManager] Waiting to acquire shared lock on proj generic class cache for build file '/ws-code/build.gradle' (/root/.gradle/caches/8.2/scripts/eu1evgj6jwk3y75z46hybjuy0).
2025-05-20T16:04:50.255+0000 [DEBUG] [org.gradle.cache.internal.DefaultFileLockManager] Lock acquired on proj generic class cache for build file '/ws-code/build.gradle' (/root/.gradle/caches/8.2/scripts/eu1evgj6jwk3y75z46hybjuy0).
2025-05-20T16:04:50.255+0000 [DEBUG] [org.gradle.cache.internal.DefaultFileLockManager] Releasing lock on proj generic class cache for build file '/ws-code/build.gradle' (/root/.gradle/caches/8.2/scripts/eu1evgj6jwk3y75z46hybjuy0).
2025-05-20T16:04:50.255+0000 [DEBUG] [org.gradle.cache.internal.DefaultFileLockManager] Waiting to acquire exclusive lock on proj generic class cache for build file '/ws-code/build.gradle' (/root/.gradle/caches/8.2/scripts/eu1evgj6jwk3y75z46hybjuy0).
2025-05-20T16:04:50.255+0000 [DEBUG] [org.gradle.cache.internal.DefaultFileLockManager] Lock acquired on proj generic class cache for build file '/ws-code/build.gradle' (/root/.gradle/caches/8.2/scripts/eu1evgj6jwk3y75z46hybjuy0).
2025-05-20T16:04:50.255+0000 [INFO] [org.gradle.groovy.scripts.internal.DefaultScriptCompilationHandler] Compiling build file '/ws-code/build.gradle' using BuildScriptTransformer.
2025-05-20T16:04:50.271+0000 [DEBUG] [org.gradle.groovy.scripts.internal.DefaultScriptCompilationHandler] Timing: Writing script to cache at /root/.gradle/caches/8.2/scripts/eu1evgj6jwk3y75z46hybjuy0/proj took: 0.016 secs
2025-05-20T16:04:50.271+0000 [DEBUG] [org.gradle.internal.operations.DefaultBuildOperationRunner] Build operation 'Compile build file 'build.gradle' (BODY)' completed
2025-05-20T16:04:50.271+0000 [DEBUG] [org.gradle.cache.internal.DefaultFileLockManager] Releasing lock on proj generic class cache for build file '/ws-code/build.gradle' (/root/.gradle/caches/8.2/scripts/eu1evgj6jwk3y75z46hybjuy0).
2025-05-20T16:04:50.271+0000 [DEBUG] [org.gradle.cache.internal.DefaultFileLockManager] Waiting to acquire shared lock on proj generic class cache for build file '/ws-code/build.gradle' (/root/.gradle/caches/8.2/scripts/eu1evgj6jwk3y75z46hybjuy0).
2025-05-20T16:04:50.271+0000 [DEBUG] [org.gradle.cache.internal.DefaultFileLockManager] Lock acquired on proj generic class cache for build file '/ws-code/build.gradle' (/root/.gradle/caches/8.2/scripts/eu1evgj6jwk3y75z46hybjuy0).
2025-05-20T16:04:50.277+0000 [DEBUG] [org.gradle.cache.internal.DefaultFileLockManager] Releasing lock on proj generic class cache for build file '/ws-code/build.gradle' (/root/.gradle/caches/8.2/scripts/eu1evgj6jwk3y75z46hybjuy0).
2025-05-20T16:04:50.349+0000 [DEBUG] [org.gradle.internal.operations.DefaultBuildOperationRunner] Build operation 'Execute container callback action' completed
2025-05-20T16:04:50.350+0000 [DEBUG] [org.gradle.internal.operations.DefaultBuildOperationRunner] Build operation 'Execute container callback action' completed
2025-05-20T16:04:50.350+0000 [DEBUG] [org.gradle.internal.operations.DefaultBuildOperationRunner] Build operation 'Execute container callback action' completed
2025-05-20T16:04:50.350+0000 [DEBUG] [org.gradle.internal.operations.DefaultBuildOperationRunner] Build operation 'Execute container callback action' completed
2025-05-20T16:04:50.350+0000 [DEBUG] [org.gradle.internal.operations.DefaultBuildOperationRunner] Build operation 'Execute container callback action' completed
2025-05-20T16:04:50.351+0000 [DEBUG] [org.gradle.internal.operations.DefaultBuildOperationRunner] Build operation 'Execute container callback action' completed
2025-05-20T16:04:50.351+0000 [DEBUG] [org.gradle.internal.operations.DefaultBuildOperationRunner] Build operation 'Realize task :test' completed
2025-05-20T16:04:50.361+0000 [DEBUG] [org.gradle.internal.operations.DefaultBuildOperationRunner] Build operation 'Apply build file 'build.gradle' to root project 'WS_RaceCondition'' completed
2025-05-20T16:04:50.361+0000 [DEBUG] [org.gradle.configuration.project.BuildScriptProcessor] Timing: Running the build script took 0.494 secs
2025-05-20T16:04:50.362+0000 [DEBUG] [org.gradle.internal.operations.DefaultBuildOperationRunner] Build operation 'Notify afterEvaluate listeners of :' completed
2025-05-20T16:04:50.362+0000 [DEBUG] [org.gradle.internal.resources.AbstractTrackedResourceLock] Daemon worker: released lock on state of build :
2025-05-20T16:04:50.362+0000 [DEBUG] [org.gradle.internal.operations.DefaultBuildOperationRunner] Completing Build operation 'Configure project :'
2025-05-20T16:04:50.362+0000 [DEBUG] [org.gradle.internal.operations.DefaultBuildOperationRunner] Build operation 'Configure project :' completed
2025-05-20T16:04:50.363+0000 [DEBUG] [org.gradle.internal.operations.DefaultBuildOperationRunner] Build operation 'Notify projectsEvaluated listeners' started
2025-05-20T16:04:50.363+0000 [INFO] [org.gradle.internal.buildevents.BuildLogger] All projects evaluated.
2025-05-20T16:04:50.363+0000 [DEBUG] [org.gradle.internal.operations.DefaultBuildOperationRunner] Completing Build operation 'Notify projectsEvaluated listeners'
2025-05-20T16:04:50.363+0000 [DEBUG] [org.gradle.internal.operations.DefaultBuildOperationRunner] Build operation 'Notify projectsEvaluated listeners' completed
2025-05-20T16:04:50.363+0000 [DEBUG] [org.gradle.internal.operations.DefaultBuildOperationRunner] Completing Build operation 'Configure build'
2025-05-20T16:04:50.363+0000 [DEBUG] [org.gradle.internal.operations.DefaultBuildOperationRunner] Build operation 'Configure build' completed
2025-05-20T16:04:50.363+0000 [DEBUG] [org.gradle.internal.operations.DefaultBuildOperationRunner] Build operation 'Calculate build tree task graph' started
2025-05-20T16:04:50.367+0000 [DEBUG] [org.gradle.internal.operations.DefaultBuildOperationRunner] Build operation 'Calculate task graph' started
2025-05-20T16:04:50.367+0000 [DEBUG] [org.gradle.internal.resources.AbstractTrackedResourceLock] Daemon worker: acquired lock on All projects of :
2025-05-20T16:04:50.367+0000 [DEBUG] [org.gradle.internal.operations.DefaultBuildOperationRunner] Build operation 'Realize task :build' started
2025-05-20T16:04:50.369+0000 [DEBUG] [org.gradle.internal.operations.DefaultBuildOperationRunner] Build operation 'Execute container callback action' started
2025-05-20T16:04:50.369+0000 [DEBUG] [org.gradle.internal.operations.DefaultBuildOperationRunner] Completing Build operation 'Execute container callback action'
2025-05-20T16:04:50.369+0000 [DEBUG] [org.gradle.internal.operations.DefaultBuildOperationRunner] Build operation 'Execute container callback action' completed
2025-05-20T16:04:50.369+0000 [DEBUG] [org.gradle.internal.operations.DefaultBuildOperationRunner] Completing Build operation 'Realize task :build'
2025-05-20T16:04:50.369+0000 [DEBUG] [org.gradle.internal.operations.DefaultBuildOperationRunner] Build operation 'Realize task :build' completed
2025-05-20T16:04:50.369+0000 [INFO] [org.gradle.execution.DefaultTaskSelector] Task name matched 'build'
2025-05-20T16:04:50.369+0000 [INFO] [org.gradle.execution.TaskNameResolvingBuildTaskScheduler] Selected primary task 'build' from project :
2025-05-20T16:04:50.387+0000 [DEBUG] [org.gradle.internal.operations.DefaultBuildOperationRunner] Build operation 'Realize task :check' started
2025-05-20T16:04:50.388+0000 [DEBUG] [org.gradle.internal.operations.DefaultBuildOperationRunner] Build operation 'Execute container callback action' started
2025-05-20T16:04:50.388+0000 [DEBUG] [org.gradle.internal.operations.DefaultBuildOperationRunner] Completing Build operation 'Execute container callback action'
2025-05-20T16:04:50.388+0000 [DEBUG] [org.gradle.internal.operations.DefaultBuildOperationRunner] Build operation 'Execute container callback action' completed
2025-05-20T16:04:50.388+0000 [DEBUG] [org.gradle.internal.operations.DefaultBuildOperationRunner] Build operation 'Execute container callback action' started
2025-05-20T16:04:50.388+0000 [DEBUG] [org.gradle.internal.operations.DefaultBuildOperationRunner] Completing Build operation 'Execute container callback action'
2025-05-20T16:04:50.388+0000 [DEBUG] [org.gradle.internal.operations.DefaultBuildOperationRunner] Build operation 'Execute container callback action' completed
2025-05-20T16:04:50.388+0000 [DEBUG] [org.gradle.internal.operations.DefaultBuildOperationRunner] Completing Build operation 'Realize task :check'
2025-05-20T16:04:50.388+0000 [DEBUG] [org.gradle.internal.operations.DefaultBuildOperationRunner] Build operation 'Realize task :check' completed
2025-05-20T16:04:50.388+0000 [DEBUG] [org.gradle.internal.operations.DefaultBuildOperationRunner] Build operation 'Realize task :assemble' started
2025-05-20T16:04:50.388+0000 [DEBUG] [org.gradle.internal.operations.DefaultBuildOperationRunner] Build operation 'Execute container callback action' started
2025-05-20T16:04:50.388+0000 [DEBUG] [org.gradle.internal.operations.DefaultBuildOperationRunner] Completing Build operation 'Execute container callback action'
2025-05-20T16:04:50.388+0000 [DEBUG] [org.gradle.internal.operations.DefaultBuildOperationRunner] Build operation 'Execute container callback action' completed
2025-05-20T16:04:50.388+0000 [DEBUG] [org.gradle.internal.operations.DefaultBuildOperationRunner] Build operation 'Execute container callback action' started
2025-05-20T16:04:50.389+0000 [DEBUG] [org.gradle.internal.operations.DefaultBuildOperationRunner] Build operation 'Realize task :jar' started
2025-05-20T16:04:50.404+0000 [DEBUG] [org.gradle.internal.operations.DefaultBuildOperationRunner] Build operation 'Execute container callback action' started
2025-05-20T16:04:50.404+0000 [DEBUG] [org.gradle.internal.operations.DefaultBuildOperationRunner] Completing Build operation 'Execute container callback action'
2025-05-20T16:04:50.404+0000 [DEBUG] [org.gradle.internal.operations.DefaultBuildOperationRunner] Build operation 'Execute container callback action' completed
2025-05-20T16:04:50.404+0000 [DEBUG] [org.gradle.internal.operations.DefaultBuildOperationRunner] Build operation 'Execute container callback action' started
2025-05-20T16:04:50.404+0000 [DEBUG] [org.gradle.internal.operations.DefaultBuildOperationRunner] Completing Build operation 'Execute container callback action'
2025-05-20T16:04:50.404+0000 [DEBUG] [org.gradle.internal.operations.DefaultBuildOperationRunner] Build operation 'Execute container callback action' completed
2025-05-20T16:04:50.404+0000 [DEBUG] [org.gradle.internal.operations.DefaultBuildOperationRunner] Build operation 'Execute container callback action' started
2025-05-20T16:04:50.404+0000 [DEBUG] [org.gradle.internal.operations.DefaultBuildOperationRunner] Completing Build operation 'Execute container callback action'
2025-05-20T16:04:50.404+0000 [DEBUG] [org.gradle.internal.operations.DefaultBuildOperationRunner] Build operation 'Execute container callback action' completed
2025-05-20T16:04:50.404+0000 [DEBUG] [org.gradle.internal.operations.DefaultBuildOperationRunner] Completing Build operation 'Realize task :jar'
2025-05-20T16:04:50.404+0000 [DEBUG] [org.gradle.internal.operations.DefaultBuildOperationRunner] Build operation 'Realize task :jar' completed
2025-05-20T16:04:50.405+0000 [DEBUG] [org.gradle.internal.operations.DefaultBuildOperationRunner] Completing Build operation 'Execute container callback action'
2025-05-20T16:04:50.405+0000 [DEBUG] [org.gradle.internal.operations.DefaultBuildOperationRunner] Build operation 'Execute container callback action' completed
2025-05-20T16:04:50.405+0000 [DEBUG] [org.gradle.internal.operations.DefaultBuildOperationRunner] Completing Build operation 'Realize task :assemble'
2025-05-20T16:04:50.405+0000 [DEBUG] [org.gradle.internal.operations.DefaultBuildOperationRunner] Build operation 'Realize task :assemble' completed
2025-05-20T16:04:50.416+0000 [DEBUG] [org.gradle.internal.operations.DefaultBuildOperationRunner] Build operation 'Realize task :compileJava' started
2025-05-20T16:04:50.425+0000 [DEBUG] [org.gradle.internal.operations.DefaultBuildOperationRunner] Build operation 'Execute container callback action' started
2025-05-20T16:04:50.425+0000 [DEBUG] [org.gradle.internal.operations.DefaultBuildOperationRunner] Completing Build operation 'Execute container callback action'
2025-05-20T16:04:50.425+0000 [DEBUG] [org.gradle.internal.operations.DefaultBuildOperationRunner] Build operation 'Execute container callback action' completed
2025-05-20T16:04:50.425+0000 [DEBUG] [org.gradle.internal.operations.DefaultBuildOperationRunner] Build operation 'Execute container callback action' started
2025-05-20T16:04:50.426+0000 [DEBUG] [org.gradle.internal.operations.DefaultBuildOperationRunner] Completing Build operation 'Execute container callback action'
2025-05-20T16:04:50.426+0000 [DEBUG] [org.gradle.internal.operations.DefaultBuildOperationRunner] Build operation 'Execute container callback action' completed
2025-05-20T16:04:50.426+0000 [DEBUG] [org.gradle.internal.operations.DefaultBuildOperationRunner] Build operation 'Execute container callback action' started
2025-05-20T16:04:50.426+0000 [DEBUG] [org.gradle.internal.operations.DefaultBuildOperationRunner] Completing Build operation 'Execute container callback action'
2025-05-20T16:04:50.426+0000 [DEBUG] [org.gradle.internal.operations.DefaultBuildOperationRunner] Build operation 'Execute container callback action' completed
2025-05-20T16:04:50.426+0000 [DEBUG] [org.gradle.internal.operations.DefaultBuildOperationRunner] Completing Build operation 'Realize task :compileJava'
2025-05-20T16:04:50.426+0000 [DEBUG] [org.gradle.internal.operations.DefaultBuildOperationRunner] Build operation 'Realize task :compileJava' completed
2025-05-20T16:04:50.426+0000 [DEBUG] [org.gradle.internal.operations.DefaultBuildOperationRunner] Build operation 'Realize task :classes' started
2025-05-20T16:04:50.426+0000 [DEBUG] [org.gradle.internal.operations.DefaultBuildOperationRunner] Build operation 'Execute container callback action' started
2025-05-20T16:04:50.426+0000 [DEBUG] [org.gradle.internal.operations.DefaultBuildOperationRunner] Completing Build operation 'Execute container callback action'
2025-05-20T16:04:50.426+0000 [DEBUG] [org.gradle.internal.operations.DefaultBuildOperationRunner] Build operation 'Execute container callback action' completed
2025-05-20T16:04:50.426+0000 [DEBUG] [org.gradle.internal.operations.DefaultBuildOperationRunner] Completing Build operation 'Realize task :classes'
2025-05-20T16:04:50.426+0000 [DEBUG] [org.gradle.internal.operations.DefaultBuildOperationRunner] Build operation 'Realize task :classes' completed
2025-05-20T16:04:50.427+0000 [DEBUG] [org.gradle.internal.operations.DefaultBuildOperationRunner] Build operation 'Realize task :processResources' started
2025-05-20T16:04:50.431+0000 [DEBUG] [org.gradle.internal.operations.DefaultBuildOperationRunner] Build operation 'Execute container callback action' started
2025-05-20T16:04:50.431+0000 [DEBUG] [org.gradle.internal.operations.DefaultBuildOperationRunner] Completing Build operation 'Execute container callback action'
2025-05-20T16:04:50.431+0000 [DEBUG] [org.gradle.internal.operations.DefaultBuildOperationRunner] Build operation 'Execute container callback action' completed
2025-05-20T16:04:50.431+0000 [DEBUG] [org.gradle.internal.operations.DefaultBuildOperationRunner] Completing Build operation 'Realize task :processResources'
2025-05-20T16:04:50.431+0000 [DEBUG] [org.gradle.internal.operations.DefaultBuildOperationRunner] Build operation 'Realize task :processResources' completed
2025-05-20T16:04:50.455+0000 [DEBUG] [org.gradle.api.internal.artifacts.ivyservice.resolveengine.DefaultArtifactDependencyResolver] Resolving configuration ':compileClasspath'
2025-05-20T16:04:50.471+0000 [INFO] [org.gradle.api.internal.artifacts.configurations.DefaultConfiguration] The configuration :mainSourceElements is both consumable and declarable. This combination is incorrect, only one of these flags should be set.
2025-05-20T16:04:50.472+0000 [DEBUG] [org.gradle.internal.operations.DefaultBuildOperationRunner] Build operation 'Realize task :compileTestJava' started
2025-05-20T16:04:50.472+0000 [DEBUG] [org.gradle.internal.operations.DefaultBuildOperationRunner] Build operation 'Execute container callback action' started
2025-05-20T16:04:50.472+0000 [DEBUG] [org.gradle.internal.operations.DefaultBuildOperationRunner] Completing Build operation 'Execute container callback action'
2025-05-20T16:04:50.472+0000 [DEBUG] [org.gradle.internal.operations.DefaultBuildOperationRunner] Build operation 'Execute container callback action' completed
2025-05-20T16:04:50.472+0000 [DEBUG] [org.gradle.internal.operations.DefaultBuildOperationRunner] Build operation 'Execute container callback action' started
2025-05-20T16:04:50.473+0000 [DEBUG] [org.gradle.internal.operations.DefaultBuildOperationRunner] Completing Build operation 'Execute container callback action'
2025-05-20T16:04:50.473+0000 [DEBUG] [org.gradle.internal.operations.DefaultBuildOperationRunner] Build operation 'Execute container callback action' completed
2025-05-20T16:04:50.473+0000 [DEBUG] [org.gradle.internal.operations.DefaultBuildOperationRunner] Build operation 'Execute container callback action' started
2025-05-20T16:04:50.473+0000 [DEBUG] [org.gradle.internal.operations.DefaultBuildOperationRunner] Completing Build operation 'Execute container callback action'
2025-05-20T16:04:50.473+0000 [DEBUG] [org.gradle.internal.operations.DefaultBuildOperationRunner] Build operation 'Execute container callback action' completed
2025-05-20T16:04:50.473+0000 [DEBUG] [org.gradle.internal.operations.DefaultBuildOperationRunner] Completing Build operation 'Realize task :compileTestJava'
2025-05-20T16:04:50.473+0000 [DEBUG] [org.gradle.internal.operations.DefaultBuildOperationRunner] Build operation 'Realize task :compileTestJava' completed
2025-05-20T16:04:50.489+0000 [DEBUG] [org.gradle.api.internal.artifacts.ivyservice.resolveengine.graph.builder.DependencyGraphBuilder] Visiting configuration io.redrays.ws.concept:WS_RaceCondition:1.0-SNAPSHOT(compileClasspath).
2025-05-20T16:04:50.491+0000 [DEBUG] [org.gradle.api.internal.artifacts.ivyservice.resolveengine.graph.builder.NodeState] dependency: org.xerial:sqlite-jdbc:3.43.0.0 from-conf: implementation to-conf: null is filtered.
2025-05-20T16:04:50.491+0000 [DEBUG] [org.gradle.api.internal.artifacts.ivyservice.resolveengine.graph.builder.NodeState] dependency: org.postgresql:postgresql:42.6.0 from-conf: implementation to-conf: null is filtered.
2025-05-20T16:04:50.491+0000 [DEBUG] [org.gradle.api.internal.artifacts.ivyservice.resolveengine.graph.builder.NodeState] dependency: org.java-websocket:Java-WebSocket:1.5.4 from-conf: implementation to-conf: null is filtered.
2025-05-20T16:04:50.500+0000 [DEBUG] [org.gradle.internal.operations.DefaultBuildOperationRunner] Build operation 'Execute container callback action' started
2025-05-20T16:04:50.501+0000 [DEBUG] [org.gradle.internal.operations.DefaultBuildOperationRunner] Completing Build operation 'Execute container callback action'
2025-05-20T16:04:50.501+0000 [DEBUG] [org.gradle.internal.operations.DefaultBuildOperationRunner] Build operation 'Execute container callback action' completed
2025-05-20T16:04:50.501+0000 [DEBUG] [org.gradle.internal.operations.DefaultBuildOperationRunner] Build operation 'Execute container callback action' started
2025-05-20T16:04:50.501+0000 [DEBUG] [org.gradle.internal.operations.DefaultBuildOperationRunner] Completing Build operation 'Execute container callback action'
2025-05-20T16:04:50.501+0000 [DEBUG] [org.gradle.internal.operations.DefaultBuildOperationRunner] Build operation 'Execute container callback action' completed
2025-05-20T16:04:50.514+0000 [DEBUG] [org.gradle.api.internal.artifacts.ivyservice.resolveengine.DefaultArtifactDependencyResolver] Resolving configuration ':testRuntimeClasspath'
2025-05-20T16:04:50.516+0000 [DEBUG] [org.gradle.api.internal.artifacts.ivyservice.resolveengine.graph.builder.DependencyGraphBuilder] Visiting configuration io.redrays.ws.concept:WS_RaceCondition:1.0-SNAPSHOT(testRuntimeClasspath).
2025-05-20T16:04:50.516+0000 [DEBUG] [org.gradle.api.internal.artifacts.ivyservice.resolveengine.graph.builder.NodeState] dependency: org.xerial:sqlite-jdbc:3.43.0.0 from-conf: implementation to-conf: null is filtered.
2025-05-20T16:04:50.516+0000 [DEBUG] [org.gradle.api.internal.artifacts.ivyservice.resolveengine.graph.builder.NodeState] dependency: org.postgresql:postgresql:42.6.0 from-conf: implementation to-conf: null is filtered.
2025-05-20T16:04:50.516+0000 [DEBUG] [org.gradle.api.internal.artifacts.ivyservice.resolveengine.graph.builder.NodeState] dependency: org.java-websocket:Java-WebSocket:1.5.4 from-conf: implementation to-conf: null is filtered.
2025-05-20T16:04:50.516+0000 [DEBUG] [org.gradle.api.internal.artifacts.ivyservice.resolveengine.graph.builder.NodeState] dependency: org.junit:junit-bom:5.9.1 from-conf: testImplementation to-conf: null is filtered.
2025-05-20T16:04:50.516+0000 [DEBUG] [org.gradle.api.internal.artifacts.ivyservice.resolveengine.graph.builder.NodeState] dependency: org.junit.jupiter:junit-jupiter from-conf: testImplementation to-conf: null is filtered.
2025-05-20T16:04:50.520+0000 [DEBUG] [org.gradle.internal.operations.DefaultBuildOperationRunner] Build operation 'Realize task :testClasses' started
2025-05-20T16:04:50.521+0000 [DEBUG] [org.gradle.internal.operations.DefaultBuildOperationRunner] Build operation 'Execute container callback action' started
2025-05-20T16:04:50.521+0000 [DEBUG] [org.gradle.internal.operations.DefaultBuildOperationRunner] Completing Build operation 'Execute container callback action'
2025-05-20T16:04:50.521+0000 [DEBUG] [org.gradle.internal.operations.DefaultBuildOperationRunner] Build operation 'Execute container callback action' completed
2025-05-20T16:04:50.521+0000 [DEBUG] [org.gradle.internal.operations.DefaultBuildOperationRunner] Completing Build operation 'Realize task :testClasses'
2025-05-20T16:04:50.521+0000 [DEBUG] [org.gradle.internal.operations.DefaultBuildOperationRunner] Build operation 'Realize task :testClasses' completed
2025-05-20T16:04:50.522+0000 [DEBUG] [org.gradle.api.internal.artifacts.ivyservice.resolveengine.DefaultArtifactDependencyResolver] Resolving configuration ':testCompileClasspath'
2025-05-20T16:04:50.522+0000 [DEBUG] [org.gradle.api.internal.artifacts.ivyservice.resolveengine.graph.builder.DependencyGraphBuilder] Visiting configuration io.redrays.ws.concept:WS_RaceCondition:1.0-SNAPSHOT(testCompileClasspath).
2025-05-20T16:04:50.522+0000 [DEBUG] [org.gradle.api.internal.artifacts.ivyservice.resolveengine.graph.builder.NodeState] dependency: org.xerial:sqlite-jdbc:3.43.0.0 from-conf: implementation to-conf: null is filtered.
2025-05-20T16:04:50.522+0000 [DEBUG] [org.gradle.api.internal.artifacts.ivyservice.resolveengine.graph.builder.NodeState] dependency: org.postgresql:postgresql:42.6.0 from-conf: implementation to-conf: null is filtered.
2025-05-20T16:04:50.522+0000 [DEBUG] [org.gradle.api.internal.artifacts.ivyservice.resolveengine.graph.builder.NodeState] dependency: org.java-websocket:Java-WebSocket:1.5.4 from-conf: implementation to-conf: null is filtered.
2025-05-20T16:04:50.522+0000 [DEBUG] [org.gradle.api.internal.artifacts.ivyservice.resolveengine.graph.builder.NodeState] dependency: org.junit:junit-bom:5.9.1 from-conf: testImplementation to-conf: null is filtered.
2025-05-20T16:04:50.522+0000 [DEBUG] [org.gradle.api.internal.artifacts.ivyservice.resolveengine.graph.builder.NodeState] dependency: org.junit.jupiter:junit-jupiter from-conf: testImplementation to-conf: null is filtered.
2025-05-20T16:04:50.523+0000 [DEBUG] [org.gradle.internal.operations.DefaultBuildOperationRunner] Build operation 'Realize task :processTestResources' started
2025-05-20T16:04:50.523+0000 [DEBUG] [org.gradle.internal.operations.DefaultBuildOperationRunner] Build operation 'Execute container callback action' started
2025-05-20T16:04:50.523+0000 [DEBUG] [org.gradle.internal.operations.DefaultBuildOperationRunner] Completing Build operation 'Execute container callback action'
2025-05-20T16:04:50.523+0000 [DEBUG] [org.gradle.internal.operations.DefaultBuildOperationRunner] Build operation 'Execute container callback action' completed
2025-05-20T16:04:50.523+0000 [DEBUG] [org.gradle.internal.operations.DefaultBuildOperationRunner] Completing Build operation 'Realize task :processTestResources'
2025-05-20T16:04:50.523+0000 [DEBUG] [org.gradle.internal.operations.DefaultBuildOperationRunner] Build operation 'Realize task :processTestResources' completed
2025-05-20T16:04:50.524+0000 [DEBUG] [org.gradle.internal.resources.AbstractTrackedResourceLock] Daemon worker: released lock on All projects of :
2025-05-20T16:04:50.530+0000 [DEBUG] [org.gradle.internal.operations.DefaultBuildOperationRunner] Completing Build operation 'Calculate task graph'
2025-05-20T16:04:50.530+0000 [DEBUG] [org.gradle.internal.operations.DefaultBuildOperationRunner] Build operation 'Calculate task graph' completed
2025-05-20T16:04:50.532+0000 [DEBUG] [org.gradle.internal.resources.AbstractTrackedResourceLock] Daemon worker: acquired lock on All projects of :
2025-05-20T16:04:50.533+0000 [DEBUG] [org.gradle.internal.operations.DefaultBuildOperationRunner] Build operation 'Notify task graph whenReady listeners' started
2025-05-20T16:04:50.533+0000 [INFO] [org.gradle.internal.buildevents.BuildLogger] Tasks to be executed: [task ':compileJava', task ':processResources', task ':classes', task ':jar', task ':assemble', task ':compileTestJava', task ':processTestResources', task ':testClasses', task ':test', task ':check', task ':build']
2025-05-20T16:04:50.533+0000 [INFO] [org.gradle.internal.buildevents.BuildLogger] Tasks that were excluded: []
2025-05-20T16:04:50.533+0000 [DEBUG] [org.gradle.internal.operations.DefaultBuildOperationRunner] Completing Build operation 'Notify task graph whenReady listeners'
2025-05-20T16:04:50.533+0000 [DEBUG] [org.gradle.internal.operations.DefaultBuildOperationRunner] Build operation 'Notify task graph whenReady listeners' completed
2025-05-20T16:04:50.533+0000 [DEBUG] [org.gradle.internal.resources.AbstractTrackedResourceLock] Daemon worker: released lock on All projects of :
2025-05-20T16:04:50.534+0000 [DEBUG] [org.gradle.internal.operations.DefaultBuildOperationRunner] Build operation 'Realize task :clean' started
2025-05-20T16:04:50.536+0000 [DEBUG] [org.gradle.internal.operations.DefaultBuildOperationRunner] Build operation 'Execute container callback action' started
2025-05-20T16:04:50.536+0000 [DEBUG] [org.gradle.internal.operations.DefaultBuildOperationRunner] Completing Build operation 'Execute container callback action'
2025-05-20T16:04:50.536+0000 [DEBUG] [org.gradle.internal.operations.DefaultBuildOperationRunner] Build operation 'Execute container callback action' completed
2025-05-20T16:04:50.536+0000 [DEBUG] [org.gradle.internal.operations.DefaultBuildOperationRunner] Completing Build operation 'Realize task :clean'
2025-05-20T16:04:50.536+0000 [DEBUG] [org.gradle.internal.operations.DefaultBuildOperationRunner] Build operation 'Realize task :clean' completed
2025-05-20T16:04:50.536+0000 [DEBUG] [org.gradle.internal.operations.DefaultBuildOperationRunner] Completing Build operation 'Calculate build tree task graph'
2025-05-20T16:04:50.536+0000 [DEBUG] [org.gradle.internal.operations.DefaultBuildOperationRunner] Build operation 'Calculate build tree task graph' completed
2025-05-20T16:04:50.537+0000 [DEBUG] [org.gradle.internal.operations.DefaultBuildOperationRunner] Build operation 'Run main tasks' started
2025-05-20T16:04:50.537+0000 [DEBUG] [org.gradle.internal.resources.AbstractTrackedResourceLock] Daemon worker: released lock on worker lease
2025-05-20T16:04:50.538+0000 [DEBUG] [org.gradle.internal.resources.AbstractTrackedResourceLock] included builds: acquired lock on worker lease
2025-05-20T16:04:50.538+0000 [DEBUG] [org.gradle.internal.operations.DefaultBuildOperationRunner] Build operation 'Run tasks' started
2025-05-20T16:04:50.539+0000 [DEBUG] [org.gradle.execution.plan.DefaultPlanExecutor] Using 32 parallel executor threads
2025-05-20T16:04:50.541+0000 [DEBUG] [org.gradle.internal.resources.AbstractTrackedResourceLock] Execution worker: acquired lock on worker lease
2025-05-20T16:04:50.541+0000 [DEBUG] [org.gradle.internal.resources.AbstractTrackedResourceLock] Execution worker: acquired lock on state of build :
2025-05-20T16:04:50.541+0000 [DEBUG] [org.gradle.internal.resources.AbstractTrackedResourceLock] Execution worker: acquired lock on task execution for build :
2025-05-20T16:04:50.542+0000 [DEBUG] [org.gradle.internal.resources.AbstractTrackedResourceLock] Execution worker Thread 9: acquired lock on worker lease
2025-05-20T16:04:50.542+0000 [INFO] [org.gradle.execution.plan.DefaultPlanExecutor] Resolve mutations for :compileJava (Thread[Execution worker,5,main]) started.
2025-05-20T16:04:50.542+0000 [DEBUG] [org.gradle.execution.plan.DefaultFinalizedExecutionPlan] Cannot acquire project lock for node Resolve mutations for :processResources
2025-05-20T16:04:50.542+0000 [DEBUG] [org.gradle.execution.plan.DefaultFinalizedExecutionPlan] Cannot acquire project lock for node Resolve mutations for :processResources
2025-05-20T16:04:50.542+0000 [DEBUG] [org.gradle.execution.plan.DefaultFinalizedExecutionPlan] Cannot acquire project lock for node Resolve mutations for :processTestResources
2025-05-20T16:04:50.542+0000 [DEBUG] [org.gradle.internal.resources.AbstractTrackedResourceLock] Execution worker Thread 9: released lock on worker lease
2025-05-20T16:04:50.542+0000 [DEBUG] [org.gradle.internal.resources.AbstractTrackedResourceLock] Execution worker Thread 8: acquired lock on worker lease
2025-05-20T16:04:50.542+0000 [DEBUG] [org.gradle.internal.resources.AbstractTrackedResourceLock] Execution worker Thread 8: released lock on worker lease
2025-05-20T16:04:50.542+0000 [DEBUG] [org.gradle.internal.resources.AbstractTrackedResourceLock] Execution worker Thread 7: acquired lock on worker lease
2025-05-20T16:04:50.542+0000 [DEBUG] [org.gradle.internal.resources.AbstractTrackedResourceLock] Execution worker Thread 7: released lock on worker lease
2025-05-20T16:04:50.542+0000 [DEBUG] [org.gradle.internal.resources.AbstractTrackedResourceLock] Execution worker Thread 6: acquired lock on worker lease
2025-05-20T16:04:50.542+0000 [DEBUG] [org.gradle.internal.resources.AbstractTrackedResourceLock] Execution worker Thread 6: released lock on worker lease
2025-05-20T16:04:50.542+0000 [DEBUG] [org.gradle.internal.resources.AbstractTrackedResourceLock] Execution worker Thread 5: acquired lock on worker lease
2025-05-20T16:04:50.542+0000 [DEBUG] [org.gradle.internal.resources.AbstractTrackedResourceLock] Execution worker Thread 5: released lock on worker lease
2025-05-20T16:04:50.542+0000 [DEBUG] [org.gradle.internal.resources.AbstractTrackedResourceLock] Execution worker Thread 4: acquired lock on worker lease
2025-05-20T16:04:50.542+0000 [DEBUG] [org.gradle.internal.resources.AbstractTrackedResourceLock] Execution worker Thread 4: released lock on worker lease
2025-05-20T16:04:50.543+0000 [DEBUG] [org.gradle.internal.resources.AbstractTrackedResourceLock] Execution worker Thread 2: acquired lock on worker lease
2025-05-20T16:04:50.543+0000 [DEBUG] [org.gradle.internal.resources.AbstractTrackedResourceLock] Execution worker Thread 2: released lock on worker lease
2025-05-20T16:04:50.543+0000 [DEBUG] [org.gradle.internal.resources.AbstractTrackedResourceLock] Execution worker Thread 14: acquired lock on worker lease
2025-05-20T16:04:50.543+0000 [DEBUG] [org.gradle.internal.resources.AbstractTrackedResourceLock] Execution worker Thread 14: released lock on worker lease
2025-05-20T16:04:50.543+0000 [DEBUG] [org.gradle.internal.resources.AbstractTrackedResourceLock] Execution worker Thread 15: acquired lock on worker lease
2025-05-20T16:04:50.543+0000 [DEBUG] [org.gradle.internal.resources.AbstractTrackedResourceLock] Execution worker Thread 15: released lock on worker lease
2025-05-20T16:04:50.543+0000 [DEBUG] [org.gradle.internal.resources.AbstractTrackedResourceLock] Execution worker Thread 16: acquired lock on worker lease
2025-05-20T16:04:50.543+0000 [DEBUG] [org.gradle.internal.resources.AbstractTrackedResourceLock] Execution worker Thread 16: released lock on worker lease
2025-05-20T16:04:50.543+0000 [DEBUG] [org.gradle.internal.resources.AbstractTrackedResourceLock] Execution worker Thread 17: acquired lock on worker lease
2025-05-20T16:04:50.543+0000 [DEBUG] [org.gradle.internal.resources.AbstractTrackedResourceLock] Execution worker Thread 17: released lock on worker lease
2025-05-20T16:04:50.543+0000 [DEBUG] [org.gradle.internal.resources.AbstractTrackedResourceLock] Execution worker Thread 3: acquired lock on worker lease
2025-05-20T16:04:50.543+0000 [DEBUG] [org.gradle.internal.resources.AbstractTrackedResourceLock] Execution worker Thread 3: released lock on worker lease
2025-05-20T16:04:50.543+0000 [DEBUG] [org.gradle.internal.resources.AbstractTrackedResourceLock] Execution worker Thread 19: acquired lock on worker lease
2025-05-20T16:04:50.543+0000 [DEBUG] [org.gradle.internal.resources.AbstractTrackedResourceLock] Execution worker Thread 19: released lock on worker lease
2025-05-20T16:04:50.543+0000 [DEBUG] [org.gradle.internal.resources.AbstractTrackedResourceLock] Execution worker Thread 20: acquired lock on worker lease
2025-05-20T16:04:50.544+0000 [DEBUG] [org.gradle.internal.resources.AbstractTrackedResourceLock] Execution worker Thread 20: released lock on worker lease
2025-05-20T16:04:50.545+0000 [DEBUG] [org.gradle.internal.resources.AbstractTrackedResourceLock] Execution worker Thread 18: acquired lock on worker lease
2025-05-20T16:04:50.545+0000 [DEBUG] [org.gradle.internal.resources.AbstractTrackedResourceLock] Execution worker Thread 18: released lock on worker lease
2025-05-20T16:04:50.545+0000 [DEBUG] [org.gradle.internal.operations.DefaultBuildOperationRunner] Build operation 'Resolve mutations for task :compileJava' started
2025-05-20T16:04:50.545+0000 [DEBUG] [org.gradle.internal.resources.AbstractTrackedResourceLock] Execution worker Thread 22: acquired lock on worker lease
2025-05-20T16:04:50.545+0000 [DEBUG] [org.gradle.internal.resources.AbstractTrackedResourceLock] Execution worker Thread 22: released lock on worker lease
2025-05-20T16:04:50.545+0000 [DEBUG] [org.gradle.internal.resources.AbstractTrackedResourceLock] Execution worker Thread 13: acquired lock on worker lease
2025-05-20T16:04:50.545+0000 [DEBUG] [org.gradle.internal.resources.AbstractTrackedResourceLock] Execution worker Thread 13: released lock on worker lease
2025-05-20T16:04:50.545+0000 [DEBUG] [org.gradle.internal.resources.AbstractTrackedResourceLock] Execution worker Thread 12: acquired lock on worker lease
2025-05-20T16:04:50.545+0000 [DEBUG] [org.gradle.internal.resources.AbstractTrackedResourceLock] Execution worker Thread 12: released lock on worker lease
2025-05-20T16:04:50.545+0000 [DEBUG] [org.gradle.internal.resources.AbstractTrackedResourceLock] Execution worker Thread 11: acquired lock on worker lease
2025-05-20T16:04:50.545+0000 [DEBUG] [org.gradle.internal.resources.AbstractTrackedResourceLock] Execution worker Thread 11: released lock on worker lease
2025-05-20T16:04:50.545+0000 [DEBUG] [org.gradle.internal.resources.AbstractTrackedResourceLock] Execution worker Thread 10: acquired lock on worker lease
2025-05-20T16:04:50.545+0000 [DEBUG] [org.gradle.internal.resources.AbstractTrackedResourceLock] Execution worker Thread 10: released lock on worker lease
2025-05-20T16:04:50.545+0000 [DEBUG] [org.gradle.internal.resources.AbstractTrackedResourceLock] Execution worker Thread 26: acquired lock on worker lease
2025-05-20T16:04:50.546+0000 [DEBUG] [org.gradle.internal.resources.AbstractTrackedResourceLock] Execution worker Thread 26: released lock on worker lease
2025-05-20T16:04:50.546+0000 [DEBUG] [org.gradle.internal.resources.AbstractTrackedResourceLock] Execution worker Thread 25: acquired lock on worker lease
2025-05-20T16:04:50.546+0000 [DEBUG] [org.gradle.internal.resources.AbstractTrackedResourceLock] Execution worker Thread 25: released lock on worker lease
2025-05-20T16:04:50.546+0000 [DEBUG] [org.gradle.internal.resources.AbstractTrackedResourceLock] Execution worker Thread 24: acquired lock on worker lease
2025-05-20T16:04:50.546+0000 [DEBUG] [org.gradle.internal.resources.AbstractTrackedResourceLock] Execution worker Thread 24: released lock on worker lease
2025-05-20T16:04:50.546+0000 [DEBUG] [org.gradle.internal.resources.AbstractTrackedResourceLock] Execution worker Thread 23: acquired lock on worker lease
2025-05-20T16:04:50.546+0000 [DEBUG] [org.gradle.internal.resources.AbstractTrackedResourceLock] Execution worker Thread 23: released lock on worker lease
2025-05-20T16:04:50.546+0000 [DEBUG] [org.gradle.internal.resources.AbstractTrackedResourceLock] Execution worker Thread 21: acquired lock on worker lease
2025-05-20T16:04:50.546+0000 [DEBUG] [org.gradle.internal.resources.AbstractTrackedResourceLock] Execution worker Thread 21: released lock on worker lease
2025-05-20T16:04:50.546+0000 [DEBUG] [org.gradle.internal.resources.AbstractTrackedResourceLock] Execution worker Thread 29: acquired lock on worker lease
2025-05-20T16:04:50.546+0000 [DEBUG] [org.gradle.internal.resources.AbstractTrackedResourceLock] Execution worker Thread 29: released lock on worker lease
2025-05-20T16:04:50.546+0000 [DEBUG] [org.gradle.internal.resources.AbstractTrackedResourceLock] Execution worker Thread 28: acquired lock on worker lease
2025-05-20T16:04:50.547+0000 [DEBUG] [org.gradle.internal.resources.AbstractTrackedResourceLock] Execution worker Thread 28: released lock on worker lease
2025-05-20T16:04:50.547+0000 [DEBUG] [org.gradle.internal.resources.AbstractTrackedResourceLock] Execution worker Thread 27: acquired lock on worker lease
2025-05-20T16:04:50.547+0000 [DEBUG] [org.gradle.internal.resources.AbstractTrackedResourceLock] Execution worker Thread 27: released lock on worker lease
2025-05-20T16:04:50.547+0000 [DEBUG] [org.gradle.internal.resources.AbstractTrackedResourceLock] Execution worker Thread 31: acquired lock on worker lease
2025-05-20T16:04:50.547+0000 [DEBUG] [org.gradle.internal.resources.AbstractTrackedResourceLock] Execution worker Thread 31: released lock on worker lease
2025-05-20T16:04:50.547+0000 [DEBUG] [org.gradle.internal.resources.AbstractTrackedResourceLock] Execution worker Thread 30: acquired lock on worker lease
2025-05-20T16:04:50.547+0000 [DEBUG] [org.gradle.internal.resources.AbstractTrackedResourceLock] Execution worker Thread 30: released lock on worker lease
2025-05-20T16:04:50.547+0000 [DEBUG] [org.gradle.internal.resources.AbstractTrackedResourceLock] included builds: released lock on worker lease
2025-05-20T16:04:50.547+0000 [DEBUG] [org.gradle.internal.resources.AbstractTrackedResourceLock] Execution worker Thread 31: acquired lock on worker lease
2025-05-20T16:04:50.547+0000 [DEBUG] [org.gradle.internal.resources.AbstractTrackedResourceLock] Execution worker Thread 31: released lock on worker lease
2025-05-20T16:04:50.547+0000 [DEBUG] [org.gradle.internal.resources.AbstractTrackedResourceLock] Execution worker Thread 27: acquired lock on worker lease
2025-05-20T16:04:50.547+0000 [DEBUG] [org.gradle.internal.resources.AbstractTrackedResourceLock] Execution worker Thread 27: released lock on worker lease
2025-05-20T16:04:50.547+0000 [DEBUG] [org.gradle.internal.resources.AbstractTrackedResourceLock] Execution worker Thread 28: acquired lock on worker lease
2025-05-20T16:04:50.547+0000 [DEBUG] [org.gradle.internal.resources.AbstractTrackedResourceLock] Execution worker Thread 28: released lock on worker lease
2025-05-20T16:04:50.547+0000 [DEBUG] [org.gradle.internal.resources.AbstractTrackedResourceLock] Execution worker Thread 29: acquired lock on worker lease
2025-05-20T16:04:50.547+0000 [DEBUG] [org.gradle.internal.resources.AbstractTrackedResourceLock] Execution worker Thread 29: released lock on worker lease
2025-05-20T16:04:50.548+0000 [DEBUG] [org.gradle.internal.resources.AbstractTrackedResourceLock] Execution worker Thread 21: acquired lock on worker lease
2025-05-20T16:04:50.548+0000 [DEBUG] [org.gradle.internal.resources.AbstractTrackedResourceLock] Execution worker Thread 21: released lock on worker lease
2025-05-20T16:04:50.548+0000 [DEBUG] [org.gradle.internal.resources.AbstractTrackedResourceLock] Execution worker Thread 23: acquired lock on worker lease
2025-05-20T16:04:50.548+0000 [DEBUG] [org.gradle.internal.resources.AbstractTrackedResourceLock] Execution worker Thread 23: released lock on worker lease
2025-05-20T16:04:50.548+0000 [DEBUG] [org.gradle.internal.resources.AbstractTrackedResourceLock] Execution worker Thread 24: acquired lock on worker lease
2025-05-20T16:04:50.548+0000 [DEBUG] [org.gradle.internal.resources.AbstractTrackedResourceLock] Execution worker Thread 24: released lock on worker lease
2025-05-20T16:04:50.548+0000 [DEBUG] [org.gradle.internal.resources.AbstractTrackedResourceLock] Execution worker Thread 25: acquired lock on worker lease
2025-05-20T16:04:50.548+0000 [DEBUG] [org.gradle.internal.resources.AbstractTrackedResourceLock] Execution worker Thread 25: released lock on worker lease
2025-05-20T16:04:50.548+0000 [DEBUG] [org.gradle.internal.resources.AbstractTrackedResourceLock] Execution worker Thread 26: acquired lock on worker lease
2025-05-20T16:04:50.548+0000 [DEBUG] [org.gradle.internal.resources.AbstractTrackedResourceLock] Execution worker Thread 26: released lock on worker lease
2025-05-20T16:04:50.548+0000 [DEBUG] [org.gradle.internal.resources.AbstractTrackedResourceLock] Execution worker Thread 10: acquired lock on worker lease
2025-05-20T16:04:50.548+0000 [DEBUG] [org.gradle.internal.resources.AbstractTrackedResourceLock] Execution worker Thread 10: released lock on worker lease
2025-05-20T16:04:50.548+0000 [DEBUG] [org.gradle.internal.resources.AbstractTrackedResourceLock] Execution worker Thread 11: acquired lock on worker lease
2025-05-20T16:04:50.548+0000 [DEBUG] [org.gradle.internal.resources.AbstractTrackedResourceLock] Execution worker Thread 11: released lock on worker lease
2025-05-20T16:04:50.549+0000 [DEBUG] [org.gradle.internal.resources.AbstractTrackedResourceLock] Execution worker Thread 12: acquired lock on worker lease
2025-05-20T16:04:50.549+0000 [DEBUG] [org.gradle.internal.resources.AbstractTrackedResourceLock] Execution worker Thread 12: released lock on worker lease
2025-05-20T16:04:50.549+0000 [DEBUG] [org.gradle.internal.resources.AbstractTrackedResourceLock] Execution worker Thread 13: acquired lock on worker lease
2025-05-20T16:04:50.549+0000 [DEBUG] [org.gradle.internal.resources.AbstractTrackedResourceLock] Execution worker Thread 13: released lock on worker lease
2025-05-20T16:04:50.549+0000 [DEBUG] [org.gradle.internal.resources.AbstractTrackedResourceLock] Execution worker Thread 22: acquired lock on worker lease
2025-05-20T16:04:50.549+0000 [DEBUG] [org.gradle.internal.resources.AbstractTrackedResourceLock] Execution worker Thread 22: released lock on worker lease
2025-05-20T16:04:50.549+0000 [DEBUG] [org.gradle.internal.resources.AbstractTrackedResourceLock] Execution worker Thread 18: acquired lock on worker lease
2025-05-20T16:04:50.549+0000 [DEBUG] [org.gradle.internal.resources.AbstractTrackedResourceLock] Execution worker Thread 18: released lock on worker lease
2025-05-20T16:04:50.549+0000 [DEBUG] [org.gradle.internal.resources.AbstractTrackedResourceLock] Execution worker Thread 20: acquired lock on worker lease
2025-05-20T16:04:50.549+0000 [DEBUG] [org.gradle.internal.resources.AbstractTrackedResourceLock] Execution worker Thread 20: released lock on worker lease
2025-05-20T16:04:50.550+0000 [DEBUG] [org.gradle.internal.resources.AbstractTrackedResourceLock] Execution worker Thread 19: acquired lock on worker lease
2025-05-20T16:04:50.550+0000 [DEBUG] [org.gradle.internal.resources.AbstractTrackedResourceLock] Execution worker Thread 19: released lock on worker lease
2025-05-20T16:04:50.550+0000 [DEBUG] [org.gradle.internal.resources.AbstractTrackedResourceLock] Execution worker Thread 3: acquired lock on worker lease
2025-05-20T16:04:50.550+0000 [DEBUG] [org.gradle.internal.resources.AbstractTrackedResourceLock] Execution worker Thread 3: released lock on worker lease
2025-05-20T16:04:50.550+0000 [DEBUG] [org.gradle.internal.resources.AbstractTrackedResourceLock] Execution worker Thread 17: acquired lock on worker lease
2025-05-20T16:04:50.550+0000 [DEBUG] [org.gradle.internal.resources.AbstractTrackedResourceLock] Execution worker Thread 17: released lock on worker lease
2025-05-20T16:04:50.550+0000 [DEBUG] [org.gradle.internal.resources.AbstractTrackedResourceLock] Execution worker Thread 16: acquired lock on worker lease
2025-05-20T16:04:50.550+0000 [DEBUG] [org.gradle.internal.resources.AbstractTrackedResourceLock] Execution worker Thread 16: released lock on worker lease
2025-05-20T16:04:50.550+0000 [DEBUG] [org.gradle.internal.resources.AbstractTrackedResourceLock] Execution worker Thread 15: acquired lock on worker lease
2025-05-20T16:04:50.550+0000 [DEBUG] [org.gradle.internal.resources.AbstractTrackedResourceLock] Execution worker Thread 15: released lock on worker lease
2025-05-20T16:04:50.550+0000 [DEBUG] [org.gradle.internal.resources.AbstractTrackedResourceLock] Execution worker Thread 14: acquired lock on worker lease
2025-05-20T16:04:50.550+0000 [DEBUG] [org.gradle.internal.resources.AbstractTrackedResourceLock] Execution worker Thread 14: released lock on worker lease
2025-05-20T16:04:50.550+0000 [DEBUG] [org.gradle.internal.resources.AbstractTrackedResourceLock] Execution worker Thread 2: acquired lock on worker lease
2025-05-20T16:04:50.550+0000 [DEBUG] [org.gradle.internal.resources.AbstractTrackedResourceLock] Execution worker Thread 2: released lock on worker lease
2025-05-20T16:04:50.550+0000 [DEBUG] [org.gradle.internal.resources.AbstractTrackedResourceLock] Execution worker Thread 4: acquired lock on worker lease
2025-05-20T16:04:50.550+0000 [DEBUG] [org.gradle.internal.resources.AbstractTrackedResourceLock] Execution worker Thread 4: released lock on worker lease
2025-05-20T16:04:50.550+0000 [DEBUG] [org.gradle.internal.resources.AbstractTrackedResourceLock] Execution worker Thread 5: acquired lock on worker lease
2025-05-20T16:04:50.550+0000 [DEBUG] [org.gradle.internal.resources.AbstractTrackedResourceLock] Execution worker Thread 5: released lock on worker lease
2025-05-20T16:04:50.550+0000 [DEBUG] [org.gradle.internal.resources.AbstractTrackedResourceLock] Execution worker Thread 6: acquired lock on worker lease
2025-05-20T16:04:50.551+0000 [DEBUG] [org.gradle.internal.resources.AbstractTrackedResourceLock] Execution worker Thread 6: released lock on worker lease
2025-05-20T16:04:50.551+0000 [DEBUG] [org.gradle.internal.resources.AbstractTrackedResourceLock] Execution worker Thread 7: acquired lock on worker lease
2025-05-20T16:04:50.551+0000 [DEBUG] [org.gradle.internal.resources.AbstractTrackedResourceLock] Execution worker Thread 7: released lock on worker lease
2025-05-20T16:04:50.551+0000 [DEBUG] [org.gradle.internal.resources.AbstractTrackedResourceLock] Execution worker Thread 8: acquired lock on worker lease
2025-05-20T16:04:50.551+0000 [DEBUG] [org.gradle.internal.resources.AbstractTrackedResourceLock] Execution worker Thread 8: released lock on worker lease
2025-05-20T16:04:50.551+0000 [DEBUG] [org.gradle.internal.resources.AbstractTrackedResourceLock] Execution worker Thread 9: acquired lock on worker lease
2025-05-20T16:04:50.551+0000 [DEBUG] [org.gradle.internal.resources.AbstractTrackedResourceLock] Execution worker Thread 9: released lock on worker lease
2025-05-20T16:04:50.551+0000 [DEBUG] [org.gradle.internal.resources.AbstractTrackedResourceLock] Execution worker Thread 30: acquired lock on worker lease
2025-05-20T16:04:50.551+0000 [DEBUG] [org.gradle.internal.resources.AbstractTrackedResourceLock] Execution worker Thread 30: released lock on worker lease
2025-05-20T16:04:50.558+0000 [DEBUG] [org.gradle.internal.operations.DefaultBuildOperationRunner] Completing Build operation 'Resolve mutations for task :compileJava'
2025-05-20T16:04:50.558+0000 [DEBUG] [org.gradle.internal.operations.DefaultBuildOperationRunner] Build operation 'Resolve mutations for task :compileJava' completed
2025-05-20T16:04:50.558+0000 [DEBUG] [org.gradle.execution.plan.DefaultFinalizedExecutionPlan] Node Resolve mutations for :compileJava completed, executed: true
2025-05-20T16:04:50.558+0000 [DEBUG] [org.gradle.execution.plan.DefaultFinalizedExecutionPlan] Node Resolve mutations for :compileJava finished executing
2025-05-20T16:04:50.558+0000 [DEBUG] [org.gradle.internal.resources.AbstractTrackedResourceLock] Execution worker: released lock on state of build :
2025-05-20T16:04:50.558+0000 [DEBUG] [org.gradle.internal.resources.AbstractTrackedResourceLock] Execution worker: released lock on task execution for build :
2025-05-20T16:04:50.558+0000 [DEBUG] [org.gradle.internal.resources.AbstractTrackedResourceLock] Execution worker: acquired lock on state of build :
2025-05-20T16:04:50.558+0000 [DEBUG] [org.gradle.internal.resources.AbstractTrackedResourceLock] Execution worker: acquired lock on task execution for build :
2025-05-20T16:04:50.560+0000 [INFO] [org.gradle.execution.plan.DefaultPlanExecutor] :compileJava (Thread[Execution worker,5,main]) started.
2025-05-20T16:04:50.560+0000 [DEBUG] [org.gradle.internal.resources.AbstractTrackedResourceLock] included builds: acquired lock on worker lease
2025-05-20T16:04:50.560+0000 [DEBUG] [org.gradle.execution.plan.DefaultFinalizedExecutionPlan] Cannot acquire project lock for node Resolve mutations for :processResources
2025-05-20T16:04:50.561+0000 [DEBUG] [org.gradle.execution.plan.DefaultFinalizedExecutionPlan] Cannot acquire project lock for node Resolve mutations for :processTestResources
2025-05-20T16:04:50.561+0000 [DEBUG] [org.gradle.internal.resources.AbstractTrackedResourceLock] included builds: released lock on worker lease
2025-05-20T16:04:50.561+0000 [DEBUG] [org.gradle.internal.resources.AbstractTrackedResourceLock] Execution worker Thread 30: acquired lock on worker lease
2025-05-20T16:04:50.561+0000 [DEBUG] [org.gradle.internal.resources.AbstractTrackedResourceLock] Execution worker Thread 30: released lock on worker lease
2025-05-20T16:04:50.561+0000 [DEBUG] [org.gradle.internal.resources.AbstractTrackedResourceLock] Execution worker Thread 9: acquired lock on worker lease
2025-05-20T16:04:50.561+0000 [DEBUG] [org.gradle.internal.resources.AbstractTrackedResourceLock] Execution worker Thread 9: released lock on worker lease
2025-05-20T16:04:50.562+0000 [DEBUG] [org.gradle.internal.resources.AbstractTrackedResourceLock] Execution worker Thread 8: acquired lock on worker lease
2025-05-20T16:04:50.562+0000 [DEBUG] [org.gradle.internal.resources.AbstractTrackedResourceLock] Execution worker Thread 8: released lock on worker lease
2025-05-20T16:04:50.562+0000 [DEBUG] [org.gradle.internal.resources.AbstractTrackedResourceLock] Execution worker Thread 7: acquired lock on worker lease
2025-05-20T16:04:50.562+0000 [DEBUG] [org.gradle.internal.resources.AbstractTrackedResourceLock] Execution worker Thread 7: released lock on worker lease
2025-05-20T16:04:50.562+0000 [DEBUG] [org.gradle.internal.resources.AbstractTrackedResourceLock] Execution worker Thread 6: acquired lock on worker lease
2025-05-20T16:04:50.562+0000 [DEBUG] [org.gradle.internal.resources.AbstractTrackedResourceLock] Execution worker Thread 6: released lock on worker lease
2025-05-20T16:04:50.562+0000 [DEBUG] [org.gradle.internal.resources.AbstractTrackedResourceLock] Execution worker Thread 5: acquired lock on worker lease
2025-05-20T16:04:50.562+0000 [DEBUG] [org.gradle.internal.resources.AbstractTrackedResourceLock] Execution worker Thread 5: released lock on worker lease
2025-05-20T16:04:50.562+0000 [DEBUG] [org.gradle.internal.resources.AbstractTrackedResourceLock] Execution worker Thread 4: acquired lock on worker lease
2025-05-20T16:04:50.562+0000 [DEBUG] [org.gradle.internal.resources.AbstractTrackedResourceLock] Execution worker Thread 4: released lock on worker lease
2025-05-20T16:04:50.562+0000 [DEBUG] [org.gradle.internal.resources.AbstractTrackedResourceLock] Execution worker Thread 2: acquired lock on worker lease
2025-05-20T16:04:50.562+0000 [DEBUG] [org.gradle.internal.resources.AbstractTrackedResourceLock] Execution worker Thread 2: released lock on worker lease
2025-05-20T16:04:50.562+0000 [DEBUG] [org.gradle.internal.resources.AbstractTrackedResourceLock] Execution worker Thread 14: acquired lock on worker lease
2025-05-20T16:04:50.562+0000 [DEBUG] [org.gradle.internal.resources.AbstractTrackedResourceLock] Execution worker Thread 14: released lock on worker lease
2025-05-20T16:04:50.563+0000 [DEBUG] [org.gradle.internal.resources.AbstractTrackedResourceLock] Execution worker Thread 15: acquired lock on worker lease
2025-05-20T16:04:50.563+0000 [DEBUG] [org.gradle.internal.resources.AbstractTrackedResourceLock] Execution worker Thread 15: released lock on worker lease
2025-05-20T16:04:50.563+0000 [DEBUG] [org.gradle.internal.resources.AbstractTrackedResourceLock] Execution worker Thread 16: acquired lock on worker lease
2025-05-20T16:04:50.563+0000 [DEBUG] [org.gradle.internal.resources.AbstractTrackedResourceLock] Execution worker Thread 16: released lock on worker lease
2025-05-20T16:04:50.563+0000 [DEBUG] [org.gradle.internal.resources.AbstractTrackedResourceLock] Execution worker Thread 17: acquired lock on worker lease
2025-05-20T16:04:50.563+0000 [DEBUG] [org.gradle.internal.resources.AbstractTrackedResourceLock] Execution worker Thread 17: released lock on worker lease
2025-05-20T16:04:50.563+0000 [DEBUG] [org.gradle.internal.resources.AbstractTrackedResourceLock] Execution worker Thread 3: acquired lock on worker lease
2025-05-20T16:04:50.563+0000 [DEBUG] [org.gradle.internal.resources.AbstractTrackedResourceLock] Execution worker Thread 3: released lock on worker lease
2025-05-20T16:04:50.563+0000 [DEBUG] [org.gradle.internal.resources.AbstractTrackedResourceLock] Execution worker Thread 19: acquired lock on worker lease
2025-05-20T16:04:50.563+0000 [DEBUG] [org.gradle.internal.resources.AbstractTrackedResourceLock] Execution worker Thread 19: released lock on worker lease
2025-05-20T16:04:50.563+0000 [DEBUG] [org.gradle.internal.resources.AbstractTrackedResourceLock] Execution worker Thread 20: acquired lock on worker lease
2025-05-20T16:04:50.564+0000 [DEBUG] [org.gradle.internal.resources.AbstractTrackedResourceLock] Execution worker Thread 20: released lock on worker lease
2025-05-20T16:04:50.564+0000 [DEBUG] [org.gradle.internal.resources.AbstractTrackedResourceLock] Execution worker Thread 18: acquired lock on worker lease
2025-05-20T16:04:50.564+0000 [DEBUG] [org.gradle.internal.resources.AbstractTrackedResourceLock] Execution worker Thread 18: released lock on worker lease
2025-05-20T16:04:50.564+0000 [DEBUG] [org.gradle.internal.resources.AbstractTrackedResourceLock] Execution worker Thread 22: acquired lock on worker lease
2025-05-20T16:04:50.564+0000 [DEBUG] [org.gradle.internal.resources.AbstractTrackedResourceLock] Execution worker Thread 22: released lock on worker lease
2025-05-20T16:04:50.564+0000 [DEBUG] [org.gradle.internal.resources.AbstractTrackedResourceLock] Execution worker Thread 13: acquired lock on worker lease
2025-05-20T16:04:50.564+0000 [DEBUG] [org.gradle.internal.resources.AbstractTrackedResourceLock] Execution worker Thread 13: released lock on worker lease
2025-05-20T16:04:50.564+0000 [DEBUG] [org.gradle.internal.resources.AbstractTrackedResourceLock] Execution worker Thread 12: acquired lock on worker lease
2025-05-20T16:04:50.564+0000 [DEBUG] [org.gradle.internal.resources.AbstractTrackedResourceLock] Execution worker Thread 12: released lock on worker lease
2025-05-20T16:04:50.564+0000 [DEBUG] [org.gradle.internal.resources.AbstractTrackedResourceLock] Execution worker Thread 11: acquired lock on worker lease
2025-05-20T16:04:50.564+0000 [DEBUG] [org.gradle.internal.resources.AbstractTrackedResourceLock] Execution worker Thread 11: released lock on worker lease
2025-05-20T16:04:50.564+0000 [DEBUG] [org.gradle.internal.resources.AbstractTrackedResourceLock] Execution worker Thread 10: acquired lock on worker lease
2025-05-20T16:04:50.564+0000 [DEBUG] [org.gradle.internal.resources.AbstractTrackedResourceLock] Execution worker Thread 10: released lock on worker lease
2025-05-20T16:04:50.564+0000 [DEBUG] [org.gradle.internal.resources.AbstractTrackedResourceLock] Execution worker Thread 26: acquired lock on worker lease
2025-05-20T16:04:50.564+0000 [DEBUG] [org.gradle.internal.resources.AbstractTrackedResourceLock] Execution worker Thread 26: released lock on worker lease
2025-05-20T16:04:50.564+0000 [DEBUG] [org.gradle.internal.resources.AbstractTrackedResourceLock] Execution worker Thread 25: acquired lock on worker lease
2025-05-20T16:04:50.564+0000 [DEBUG] [org.gradle.internal.resources.AbstractTrackedResourceLock] Execution worker Thread 25: released lock on worker lease
2025-05-20T16:04:50.565+0000 [DEBUG] [org.gradle.internal.resources.AbstractTrackedResourceLock] Execution worker Thread 24: acquired lock on worker lease
2025-05-20T16:04:50.565+0000 [DEBUG] [org.gradle.internal.resources.AbstractTrackedResourceLock] Execution worker Thread 24: released lock on worker lease
2025-05-20T16:04:50.565+0000 [DEBUG] [org.gradle.internal.resources.AbstractTrackedResourceLock] Execution worker Thread 23: acquired lock on worker lease
2025-05-20T16:04:50.565+0000 [DEBUG] [org.gradle.internal.resources.AbstractTrackedResourceLock] Execution worker Thread 23: released lock on worker lease
2025-05-20T16:04:50.565+0000 [DEBUG] [org.gradle.internal.resources.AbstractTrackedResourceLock] Execution worker Thread 21: acquired lock on worker lease
2025-05-20T16:04:50.565+0000 [DEBUG] [org.gradle.internal.resources.AbstractTrackedResourceLock] Execution worker Thread 21: released lock on worker lease
2025-05-20T16:04:50.565+0000 [DEBUG] [org.gradle.internal.resources.AbstractTrackedResourceLock] Execution worker Thread 29: acquired lock on worker lease
2025-05-20T16:04:50.565+0000 [DEBUG] [org.gradle.internal.resources.AbstractTrackedResourceLock] Execution worker Thread 29: released lock on worker lease
2025-05-20T16:04:50.565+0000 [DEBUG] [org.gradle.internal.resources.AbstractTrackedResourceLock] Execution worker Thread 28: acquired lock on worker lease
2025-05-20T16:04:50.565+0000 [DEBUG] [org.gradle.internal.resources.AbstractTrackedResourceLock] Execution worker Thread 28: released lock on worker lease
2025-05-20T16:04:50.565+0000 [DEBUG] [org.gradle.internal.resources.AbstractTrackedResourceLock] Execution worker Thread 27: acquired lock on worker lease
2025-05-20T16:04:50.565+0000 [DEBUG] [org.gradle.internal.resources.AbstractTrackedResourceLock] Execution worker Thread 27: released lock on worker lease
2025-05-20T16:04:50.565+0000 [DEBUG] [org.gradle.internal.resources.AbstractTrackedResourceLock] Execution worker Thread 31: acquired lock on worker lease
2025-05-20T16:04:50.565+0000 [DEBUG] [org.gradle.internal.resources.AbstractTrackedResourceLock] Execution worker Thread 31: released lock on worker lease
2025-05-20T16:04:50.572+0000 [DEBUG] [org.gradle.cache.internal.DefaultCacheCoordinator] Creating new cache for executionHistory, path /ws-code/.gradle/8.2/executionHistory/executionHistory.bin, access org.gradle.cache.internal.DefaultCacheCoordinator@5b96396f
2025-05-20T16:04:50.573+0000 [DEBUG] [org.gradle.cache.internal.DefaultInMemoryCacheDecoratorFactory] Creating in-memory store for cache /ws-code/.gradle/8.2/executionHistory/executionHistory.bin (max size: 4700)
2025-05-20T16:04:50.574+0000 [DEBUG] [org.gradle.cache.internal.LockOnDemandCrossProcessCacheAccess] Acquiring file lock for execution history cache (/ws-code/.gradle/8.2/executionHistory)
2025-05-20T16:04:50.587+0000 [DEBUG] [org.gradle.cache.internal.DefaultFileLockManager] Waiting to acquire exclusive lock on execution history cache (/ws-code/.gradle/8.2/executionHistory).
2025-05-20T16:04:50.592+0000 [DEBUG] [org.gradle.cache.internal.DefaultFileLockManager] Lock acquired on execution history cache (/ws-code/.gradle/8.2/executionHistory).
2025-05-20T16:04:50.606+0000 [DEBUG] [org.gradle.internal.operations.DefaultBuildOperationRunner] Build operation 'Task :compileJava' started
2025-05-20T16:04:50.611+0000 [DEBUG] [org.gradle.internal.operations.DefaultBuildOperationRunner] Build operation 'Identifying work' started
2025-05-20T16:04:50.612+0000 [DEBUG] [org.gradle.internal.operations.DefaultBuildOperationRunner] Completing Build operation 'Identifying work'
2025-05-20T16:04:50.616+0000 [DEBUG] [org.gradle.cache.internal.btree.BTreePersistentIndexedCache] Opening cache outputFiles.bin (/ws-code/.gradle/buildOutputCleanup/outputFiles.bin)
2025-05-20T16:04:50.634+0000 [DEBUG] [org.gradle.cache.internal.btree.BTreePersistentIndexedCache] Opening cache executionHistory.bin (/ws-code/.gradle/8.2/executionHistory/executionHistory.bin)
2025-05-20T16:04:50.666+0000 [DEBUG] [org.gradle.cache.internal.btree.BTreePersistentIndexedCache] Opening cache fileHashes.bin (/ws-code/.gradle/8.2/fileHashes/fileHashes.bin)
2025-05-20T16:04:50.700+0000 [DEBUG] [org.gradle.cache.internal.btree.BTreePersistentIndexedCache] Opening cache resourceHashesCache.bin (/ws-code/.gradle/8.2/fileHashes/resourceHashesCache.bin)
2025-05-20T16:04:50.729+0000 [DEBUG] [org.gradle.internal.operations.DefaultBuildOperationRunner] Build operation 'Snapshot inputs and outputs before executing task ':compileJava'' started
2025-05-20T16:04:50.740+0000 [DEBUG] [org.gradle.internal.operations.DefaultBuildOperationRunner] Build operation 'Resolve dependencies of :compileClasspath' started
2025-05-20T16:04:50.768+0000 [DEBUG] [org.gradle.internal.resources.AbstractTrackedResourceLock] Unconstrained build operations Thread 2: acquired lock on worker lease
2025-05-20T16:04:50.768+0000 [DEBUG] [org.gradle.internal.resources.AbstractTrackedResourceLock] Unconstrained build operations: acquired lock on worker lease
2025-05-20T16:04:50.768+0000 [DEBUG] [org.gradle.internal.operations.DefaultBuildOperationRunner] Build operation 'Resolve org.java-websocket:Java-WebSocket:1.5.4' started
2025-05-20T16:04:50.768+0000 [DEBUG] [org.gradle.internal.operations.DefaultBuildOperationRunner] Build operation 'Resolve org.xerial:sqlite-jdbc:3.43.0.0' started
2025-05-20T16:04:50.768+0000 [DEBUG] [org.gradle.internal.operations.DefaultBuildOperationRunner] Build operation 'Resolve org.postgresql:postgresql:42.6.0' started
2025-05-20T16:04:50.776+0000 [DEBUG] [org.gradle.internal.operations.DefaultBuildOperationRunner] Build operation 'Download https://repo.maven.apache.org/maven2/org/postgresql/postgresql/42.6.0/postgresql-42.6.0.pom' started
2025-05-20T16:04:50.776+0000 [DEBUG] [org.gradle.internal.operations.DefaultBuildOperationRunner] Build operation 'Download https://repo.maven.apache.org/maven2/org/xerial/sqlite-jdbc/3.43.0.0/sqlite-jdbc-3.43.0.0.pom' started
2025-05-20T16:04:50.776+0000 [DEBUG] [org.gradle.internal.operations.DefaultBuildOperationRunner] Build operation 'Download https://repo.maven.apache.org/maven2/org/java-websocket/Java-WebSocket/1.5.4/Java-WebSocket-1.5.4.pom' started
2025-05-20T16:04:51.284+0000 [DEBUG] [org.gradle.internal.operations.DefaultBuildOperationRunner] Completing Build operation 'Download https://repo.maven.apache.org/maven2/org/postgresql/postgresql/42.6.0/postgresql-42.6.0.pom'
2025-05-20T16:04:51.284+0000 [DEBUG] [org.gradle.cache.internal.btree.BTreePersistentIndexedCache] Opening cache sha1-checksums.bin (/ws-code/.gradle/8.2/checksums/sha1-checksums.bin)
2025-05-20T16:04:51.286+0000 [DEBUG] [org.gradle.internal.operations.DefaultBuildOperationRunner] Completing Build operation 'Download https://repo.maven.apache.org/maven2/org/java-websocket/Java-WebSocket/1.5.4/Java-WebSocket-1.5.4.pom'
2025-05-20T16:04:51.286+0000 [DEBUG] [org.gradle.internal.operations.DefaultBuildOperationRunner] Completing Build operation 'Download https://repo.maven.apache.org/maven2/org/xerial/sqlite-jdbc/3.43.0.0/sqlite-jdbc-3.43.0.0.pom'
2025-05-20T16:04:51.345+0000 [DEBUG] [org.gradle.cache.internal.btree.BTreePersistentIndexedCache] Opening cache md5-checksums.bin (/ws-code/.gradle/8.2/checksums/md5-checksums.bin)
2025-05-20T16:04:51.362+0000 [DEBUG] [org.gradle.internal.operations.DefaultBuildOperationRunner] Completing Build operation 'Resolve org.xerial:sqlite-jdbc:3.43.0.0'
2025-05-20T16:04:51.362+0000 [DEBUG] [org.gradle.internal.operations.DefaultBuildOperationRunner] Build operation 'Resolve org.xerial:sqlite-jdbc:3.43.0.0' completed
2025-05-20T16:04:51.362+0000 [DEBUG] [org.gradle.internal.resources.AbstractTrackedResourceLock] Unconstrained build operations: released lock on worker lease
2025-05-20T16:04:51.362+0000 [DEBUG] [org.gradle.internal.resources.AbstractTrackedResourceLock] included builds: acquired lock on worker lease
2025-05-20T16:04:51.362+0000 [DEBUG] [org.gradle.internal.resources.AbstractTrackedResourceLock] included builds: released lock on worker lease
2025-05-20T16:04:51.362+0000 [DEBUG] [org.gradle.internal.resources.AbstractTrackedResourceLock] Execution worker Thread 31: acquired lock on worker lease
2025-05-20T16:04:51.362+0000 [DEBUG] [org.gradle.internal.operations.DefaultBuildOperationRunner] Completing Build operation 'Resolve org.postgresql:postgresql:42.6.0'
2025-05-20T16:04:51.362+0000 [DEBUG] [org.gradle.internal.operations.DefaultBuildOperationRunner] Build operation 'Resolve org.postgresql:postgresql:42.6.0' completed
2025-05-20T16:04:51.362+0000 [DEBUG] [org.gradle.internal.resources.AbstractTrackedResourceLock] Execution worker Thread 31: released lock on worker lease
2025-05-20T16:04:51.362+0000 [DEBUG] [org.gradle.internal.resources.AbstractTrackedResourceLock] Execution worker Thread 27: acquired lock on worker lease
2025-05-20T16:04:51.362+0000 [DEBUG] [org.gradle.internal.resources.AbstractTrackedResourceLock] Execution worker Thread 27: released lock on worker lease
2025-05-20T16:04:51.362+0000 [DEBUG] [org.gradle.internal.resources.AbstractTrackedResourceLock] Execution worker Thread 28: acquired lock on worker lease
2025-05-20T16:04:51.362+0000 [DEBUG] [org.gradle.internal.resources.AbstractTrackedResourceLock] Execution worker Thread 28: released lock on worker lease
2025-05-20T16:04:51.362+0000 [DEBUG] [org.gradle.internal.resources.AbstractTrackedResourceLock] Execution worker Thread 29: acquired lock on worker lease
2025-05-20T16:04:51.363+0000 [DEBUG] [org.gradle.internal.resources.AbstractTrackedResourceLock] Execution worker Thread 29: released lock on worker lease
2025-05-20T16:04:51.363+0000 [DEBUG] [org.gradle.internal.resources.AbstractTrackedResourceLock] Execution worker Thread 21: acquired lock on worker lease
2025-05-20T16:04:51.363+0000 [DEBUG] [org.gradle.internal.resources.AbstractTrackedResourceLock] Execution worker Thread 21: released lock on worker lease
2025-05-20T16:04:51.363+0000 [DEBUG] [org.gradle.internal.resources.AbstractTrackedResourceLock] Execution worker Thread 23: acquired lock on worker lease
2025-05-20T16:04:51.363+0000 [DEBUG] [org.gradle.internal.resources.AbstractTrackedResourceLock] Execution worker Thread 23: released lock on worker lease
2025-05-20T16:04:51.363+0000 [DEBUG] [org.gradle.internal.resources.AbstractTrackedResourceLock] Execution worker Thread 24: acquired lock on worker lease
2025-05-20T16:04:51.363+0000 [DEBUG] [org.gradle.internal.resources.AbstractTrackedResourceLock] Execution worker Thread 24: released lock on worker lease
2025-05-20T16:04:51.363+0000 [DEBUG] [org.gradle.internal.resources.AbstractTrackedResourceLock] Execution worker Thread 25: acquired lock on worker lease
2025-05-20T16:04:51.363+0000 [DEBUG] [org.gradle.internal.resources.AbstractTrackedResourceLock] Execution worker Thread 25: released lock on worker lease
2025-05-20T16:04:51.363+0000 [DEBUG] [org.gradle.internal.resources.AbstractTrackedResourceLock] Execution worker Thread 26: acquired lock on worker lease
2025-05-20T16:04:51.363+0000 [DEBUG] [org.gradle.internal.resources.AbstractTrackedResourceLock] Execution worker Thread 26: released lock on worker lease
2025-05-20T16:04:51.363+0000 [DEBUG] [org.gradle.internal.resources.AbstractTrackedResourceLock] Execution worker Thread 10: acquired lock on worker lease
2025-05-20T16:04:51.363+0000 [DEBUG] [org.gradle.internal.resources.AbstractTrackedResourceLock] Execution worker Thread 10: released lock on worker lease
2025-05-20T16:04:51.363+0000 [DEBUG] [org.gradle.internal.resources.AbstractTrackedResourceLock] Execution worker Thread 11: acquired lock on worker lease
2025-05-20T16:04:51.363+0000 [DEBUG] [org.gradle.internal.resources.AbstractTrackedResourceLock] Execution worker Thread 11: released lock on worker lease
2025-05-20T16:04:51.363+0000 [DEBUG] [org.gradle.internal.resources.AbstractTrackedResourceLock] Execution worker Thread 12: acquired lock on worker lease
2025-05-20T16:04:51.363+0000 [DEBUG] [org.gradle.internal.operations.DefaultBuildOperationRunner] Completing Build operation 'Resolve org.java-websocket:Java-WebSocket:1.5.4'
2025-05-20T16:04:51.363+0000 [DEBUG] [org.gradle.internal.resources.AbstractTrackedResourceLock] Execution worker Thread 12: released lock on worker lease
2025-05-20T16:04:51.363+0000 [DEBUG] [org.gradle.internal.resources.AbstractTrackedResourceLock] Execution worker Thread 13: acquired lock on worker lease
2025-05-20T16:04:51.363+0000 [DEBUG] [org.gradle.internal.resources.AbstractTrackedResourceLock] Execution worker Thread 13: released lock on worker lease
2025-05-20T16:04:51.363+0000 [DEBUG] [org.gradle.internal.resources.AbstractTrackedResourceLock] Execution worker Thread 22: acquired lock on worker lease
2025-05-20T16:04:51.363+0000 [DEBUG] [org.gradle.internal.resources.AbstractTrackedResourceLock] Execution worker Thread 22: released lock on worker lease
2025-05-20T16:04:51.363+0000 [DEBUG] [org.gradle.internal.resources.AbstractTrackedResourceLock] Execution worker Thread 18: acquired lock on worker lease
2025-05-20T16:04:51.364+0000 [DEBUG] [org.gradle.internal.resources.AbstractTrackedResourceLock] Execution worker Thread 18: released lock on worker lease
2025-05-20T16:04:51.364+0000 [DEBUG] [org.gradle.internal.resources.AbstractTrackedResourceLock] Execution worker Thread 20: acquired lock on worker lease
2025-05-20T16:04:51.364+0000 [DEBUG] [org.gradle.internal.resources.AbstractTrackedResourceLock] Execution worker Thread 20: released lock on worker lease
2025-05-20T16:04:51.364+0000 [DEBUG] [org.gradle.internal.resources.AbstractTrackedResourceLock] Execution worker Thread 19: acquired lock on worker lease
2025-05-20T16:04:51.364+0000 [DEBUG] [org.gradle.internal.resources.AbstractTrackedResourceLock] Execution worker Thread 19: released lock on worker lease
2025-05-20T16:04:51.364+0000 [DEBUG] [org.gradle.internal.resources.AbstractTrackedResourceLock] Execution worker Thread 3: acquired lock on worker lease
2025-05-20T16:04:51.364+0000 [DEBUG] [org.gradle.internal.resources.AbstractTrackedResourceLock] Execution worker Thread 3: released lock on worker lease
2025-05-20T16:04:51.364+0000 [DEBUG] [org.gradle.internal.resources.AbstractTrackedResourceLock] Execution worker Thread 17: acquired lock on worker lease
2025-05-20T16:04:51.364+0000 [DEBUG] [org.gradle.internal.resources.AbstractTrackedResourceLock] Execution worker Thread 17: released lock on worker lease
2025-05-20T16:04:51.364+0000 [DEBUG] [org.gradle.internal.resources.AbstractTrackedResourceLock] Execution worker Thread 16: acquired lock on worker lease
2025-05-20T16:04:51.364+0000 [DEBUG] [org.gradle.internal.resources.AbstractTrackedResourceLock] Execution worker Thread 16: released lock on worker lease
2025-05-20T16:04:51.364+0000 [DEBUG] [org.gradle.internal.resources.AbstractTrackedResourceLock] Execution worker Thread 15: acquired lock on worker lease
2025-05-20T16:04:51.364+0000 [DEBUG] [org.gradle.internal.resources.AbstractTrackedResourceLock] Execution worker Thread 15: released lock on worker lease
2025-05-20T16:04:51.364+0000 [DEBUG] [org.gradle.internal.resources.AbstractTrackedResourceLock] Execution worker Thread 14: acquired lock on worker lease
2025-05-20T16:04:51.364+0000 [DEBUG] [org.gradle.internal.resources.AbstractTrackedResourceLock] Execution worker Thread 14: released lock on worker lease
2025-05-20T16:04:51.364+0000 [DEBUG] [org.gradle.internal.resources.AbstractTrackedResourceLock] Execution worker Thread 2: acquired lock on worker lease
2025-05-20T16:04:51.364+0000 [DEBUG] [org.gradle.internal.resources.AbstractTrackedResourceLock] Execution worker Thread 2: released lock on worker lease
2025-05-20T16:04:51.364+0000 [DEBUG] [org.gradle.internal.resources.AbstractTrackedResourceLock] Execution worker Thread 4: acquired lock on worker lease
2025-05-20T16:04:51.364+0000 [DEBUG] [org.gradle.internal.resources.AbstractTrackedResourceLock] Execution worker Thread 4: released lock on worker lease
2025-05-20T16:04:51.364+0000 [DEBUG] [org.gradle.internal.resources.AbstractTrackedResourceLock] Execution worker Thread 5: acquired lock on worker lease
2025-05-20T16:04:51.364+0000 [DEBUG] [org.gradle.internal.resources.AbstractTrackedResourceLock] Execution worker Thread 5: released lock on worker lease
2025-05-20T16:04:51.364+0000 [DEBUG] [org.gradle.internal.resources.AbstractTrackedResourceLock] Execution worker Thread 6: acquired lock on worker lease
2025-05-20T16:04:51.364+0000 [DEBUG] [org.gradle.internal.resources.AbstractTrackedResourceLock] Execution worker Thread 6: released lock on worker lease
2025-05-20T16:04:51.364+0000 [DEBUG] [org.gradle.internal.resources.AbstractTrackedResourceLock] Execution worker Thread 7: acquired lock on worker lease
2025-05-20T16:04:51.364+0000 [DEBUG] [org.gradle.internal.resources.AbstractTrackedResourceLock] Execution worker Thread 7: released lock on worker lease
2025-05-20T16:04:51.364+0000 [DEBUG] [org.gradle.internal.resources.AbstractTrackedResourceLock] Execution worker Thread 8: acquired lock on worker lease
2025-05-20T16:04:51.364+0000 [DEBUG] [org.gradle.internal.resources.AbstractTrackedResourceLock] Execution worker Thread 8: released lock on worker lease
2025-05-20T16:04:51.365+0000 [DEBUG] [org.gradle.internal.resources.AbstractTrackedResourceLock] Execution worker Thread 9: acquired lock on worker lease
2025-05-20T16:04:51.365+0000 [DEBUG] [org.gradle.internal.resources.AbstractTrackedResourceLock] Execution worker Thread 9: released lock on worker lease
2025-05-20T16:04:51.365+0000 [DEBUG] [org.gradle.internal.resources.AbstractTrackedResourceLock] Execution worker Thread 30: acquired lock on worker lease
2025-05-20T16:04:51.365+0000 [DEBUG] [org.gradle.internal.resources.AbstractTrackedResourceLock] Execution worker Thread 30: released lock on worker lease
2025-05-20T16:04:51.365+0000 [DEBUG] [org.gradle.internal.resources.AbstractTrackedResourceLock] Unconstrained build operations Thread 2: released lock on worker lease
2025-05-20T16:04:51.365+0000 [DEBUG] [org.gradle.internal.resources.AbstractTrackedResourceLock] included builds: acquired lock on worker lease
2025-05-20T16:04:51.365+0000 [DEBUG] [org.gradle.internal.resources.AbstractTrackedResourceLock] included builds: released lock on worker lease
2025-05-20T16:04:51.365+0000 [DEBUG] [org.gradle.internal.resources.AbstractTrackedResourceLock] Execution worker Thread 30: acquired lock on worker lease
2025-05-20T16:04:51.365+0000 [DEBUG] [org.gradle.internal.resources.AbstractTrackedResourceLock] Execution worker Thread 30: released lock on worker lease
2025-05-20T16:04:51.365+0000 [DEBUG] [org.gradle.internal.resources.AbstractTrackedResourceLock] Execution worker Thread 9: acquired lock on worker lease
2025-05-20T16:04:51.365+0000 [DEBUG] [org.gradle.internal.resources.AbstractTrackedResourceLock] Execution worker Thread 9: released lock on worker lease
2025-05-20T16:04:51.365+0000 [DEBUG] [org.gradle.internal.resources.AbstractTrackedResourceLock] Execution worker Thread 8: acquired lock on worker lease
2025-05-20T16:04:51.365+0000 [DEBUG] [org.gradle.internal.resources.AbstractTrackedResourceLock] Execution worker Thread 8: released lock on worker lease
2025-05-20T16:04:51.365+0000 [DEBUG] [org.gradle.internal.resources.AbstractTrackedResourceLock] Execution worker Thread 7: acquired lock on worker lease
2025-05-20T16:04:51.365+0000 [DEBUG] [org.gradle.internal.resources.AbstractTrackedResourceLock] Execution worker Thread 7: released lock on worker lease
2025-05-20T16:04:51.365+0000 [DEBUG] [org.gradle.internal.resources.AbstractTrackedResourceLock] Execution worker Thread 6: acquired lock on worker lease
2025-05-20T16:04:51.365+0000 [DEBUG] [org.gradle.internal.resources.AbstractTrackedResourceLock] Execution worker Thread 6: released lock on worker lease
2025-05-20T16:04:51.365+0000 [DEBUG] [org.gradle.internal.resources.AbstractTrackedResourceLock] Execution worker Thread 5: acquired lock on worker lease
2025-05-20T16:04:51.365+0000 [DEBUG] [org.gradle.internal.resources.AbstractTrackedResourceLock] Execution worker Thread 5: released lock on worker lease
2025-05-20T16:04:51.365+0000 [DEBUG] [org.gradle.internal.resources.AbstractTrackedResourceLock] Execution worker Thread 4: acquired lock on worker lease
2025-05-20T16:04:51.365+0000 [DEBUG] [org.gradle.internal.resources.AbstractTrackedResourceLock] Execution worker Thread 4: released lock on worker lease
2025-05-20T16:04:51.365+0000 [DEBUG] [org.gradle.internal.resources.AbstractTrackedResourceLock] Execution worker Thread 2: acquired lock on worker lease
2025-05-20T16:04:51.365+0000 [DEBUG] [org.gradle.internal.resources.AbstractTrackedResourceLock] Execution worker Thread 2: released lock on worker lease
2025-05-20T16:04:51.365+0000 [DEBUG] [org.gradle.internal.resources.AbstractTrackedResourceLock] Execution worker Thread 14: acquired lock on worker lease
2025-05-20T16:04:51.365+0000 [DEBUG] [org.gradle.internal.resources.AbstractTrackedResourceLock] Execution worker Thread 14: released lock on worker lease
2025-05-20T16:04:51.365+0000 [DEBUG] [org.gradle.internal.resources.AbstractTrackedResourceLock] Execution worker Thread 15: acquired lock on worker lease
2025-05-20T16:04:51.365+0000 [DEBUG] [org.gradle.internal.resources.AbstractTrackedResourceLock] Execution worker Thread 15: released lock on worker lease
2025-05-20T16:04:51.365+0000 [DEBUG] [org.gradle.internal.resources.AbstractTrackedResourceLock] Execution worker Thread 16: acquired lock on worker lease
2025-05-20T16:04:51.365+0000 [DEBUG] [org.gradle.internal.resources.AbstractTrackedResourceLock] Execution worker Thread 16: released lock on worker lease
2025-05-20T16:04:51.365+0000 [DEBUG] [org.gradle.internal.resources.AbstractTrackedResourceLock] Execution worker Thread 17: acquired lock on worker lease
2025-05-20T16:04:51.365+0000 [DEBUG] [org.gradle.internal.resources.AbstractTrackedResourceLock] Execution worker Thread 17: released lock on worker lease
2025-05-20T16:04:51.366+0000 [DEBUG] [org.gradle.internal.resources.AbstractTrackedResourceLock] Execution worker Thread 3: acquired lock on worker lease
2025-05-20T16:04:51.366+0000 [DEBUG] [org.gradle.internal.resources.AbstractTrackedResourceLock] Execution worker Thread 3: released lock on worker lease
2025-05-20T16:04:51.366+0000 [DEBUG] [org.gradle.internal.resources.AbstractTrackedResourceLock] Execution worker Thread 19: acquired lock on worker lease
2025-05-20T16:04:51.366+0000 [DEBUG] [org.gradle.internal.resources.AbstractTrackedResourceLock] Execution worker Thread 19: released lock on worker lease
2025-05-20T16:04:51.366+0000 [DEBUG] [org.gradle.internal.resources.AbstractTrackedResourceLock] Execution worker Thread 20: acquired lock on worker lease
2025-05-20T16:04:51.366+0000 [DEBUG] [org.gradle.internal.resources.AbstractTrackedResourceLock] Execution worker Thread 20: released lock on worker lease
2025-05-20T16:04:51.366+0000 [DEBUG] [org.gradle.internal.resources.AbstractTrackedResourceLock] Execution worker Thread 18: acquired lock on worker lease
2025-05-20T16:04:51.366+0000 [DEBUG] [org.gradle.internal.resources.AbstractTrackedResourceLock] Execution worker Thread 18: released lock on worker lease
2025-05-20T16:04:51.366+0000 [DEBUG] [org.gradle.internal.resources.AbstractTrackedResourceLock] Execution worker Thread 22: acquired lock on worker lease
2025-05-20T16:04:51.366+0000 [DEBUG] [org.gradle.internal.resources.AbstractTrackedResourceLock] Execution worker Thread 22: released lock on worker lease
2025-05-20T16:04:51.366+0000 [DEBUG] [org.gradle.internal.resources.AbstractTrackedResourceLock] Execution worker Thread 13: acquired lock on worker lease
2025-05-20T16:04:51.366+0000 [DEBUG] [org.gradle.internal.resources.AbstractTrackedResourceLock] Execution worker Thread 13: released lock on worker lease
2025-05-20T16:04:51.366+0000 [DEBUG] [org.gradle.internal.resources.AbstractTrackedResourceLock] Execution worker Thread 12: acquired lock on worker lease
2025-05-20T16:04:51.366+0000 [DEBUG] [org.gradle.internal.resources.AbstractTrackedResourceLock] Execution worker Thread 12: released lock on worker lease
2025-05-20T16:04:51.366+0000 [DEBUG] [org.gradle.internal.resources.AbstractTrackedResourceLock] Execution worker Thread 11: acquired lock on worker lease
2025-05-20T16:04:51.366+0000 [DEBUG] [org.gradle.internal.resources.AbstractTrackedResourceLock] Execution worker Thread 11: released lock on worker lease
2025-05-20T16:04:51.366+0000 [DEBUG] [org.gradle.internal.resources.AbstractTrackedResourceLock] Execution worker Thread 10: acquired lock on worker lease
2025-05-20T16:04:51.366+0000 [DEBUG] [org.gradle.internal.resources.AbstractTrackedResourceLock] Execution worker Thread 10: released lock on worker lease
2025-05-20T16:04:51.366+0000 [DEBUG] [org.gradle.internal.resources.AbstractTrackedResourceLock] Execution worker Thread 26: acquired lock on worker lease
2025-05-20T16:04:51.366+0000 [DEBUG] [org.gradle.internal.resources.AbstractTrackedResourceLock] Execution worker Thread 26: released lock on worker lease
2025-05-20T16:04:51.366+0000 [DEBUG] [org.gradle.internal.resources.AbstractTrackedResourceLock] Execution worker Thread 25: acquired lock on worker lease
2025-05-20T16:04:51.366+0000 [DEBUG] [org.gradle.internal.resources.AbstractTrackedResourceLock] Execution worker Thread 25: released lock on worker lease
2025-05-20T16:04:51.366+0000 [DEBUG] [org.gradle.internal.resources.AbstractTrackedResourceLock] Execution worker Thread 24: acquired lock on worker lease
2025-05-20T16:04:51.366+0000 [DEBUG] [org.gradle.internal.resources.AbstractTrackedResourceLock] Execution worker Thread 24: released lock on worker lease
2025-05-20T16:04:51.366+0000 [DEBUG] [org.gradle.internal.resources.AbstractTrackedResourceLock] Execution worker Thread 23: acquired lock on worker lease
2025-05-20T16:04:51.366+0000 [DEBUG] [org.gradle.internal.resources.AbstractTrackedResourceLock] Execution worker Thread 23: released lock on worker lease
2025-05-20T16:04:51.366+0000 [DEBUG] [org.gradle.internal.resources.AbstractTrackedResourceLock] Execution worker Thread 21: acquired lock on worker lease
2025-05-20T16:04:51.366+0000 [DEBUG] [org.gradle.internal.resources.AbstractTrackedResourceLock] Execution worker Thread 21: released lock on worker lease
2025-05-20T16:04:51.366+0000 [DEBUG] [org.gradle.internal.resources.AbstractTrackedResourceLock] Execution worker Thread 29: acquired lock on worker lease
2025-05-20T16:04:51.366+0000 [DEBUG] [org.gradle.internal.resources.AbstractTrackedResourceLock] Execution worker Thread 29: released lock on worker lease
2025-05-20T16:04:51.366+0000 [DEBUG] [org.gradle.internal.resources.AbstractTrackedResourceLock] Execution worker Thread 28: acquired lock on worker lease
2025-05-20T16:04:51.366+0000 [DEBUG] [org.gradle.internal.resources.AbstractTrackedResourceLock] Execution worker Thread 28: released lock on worker lease
2025-05-20T16:04:51.366+0000 [DEBUG] [org.gradle.internal.resources.AbstractTrackedResourceLock] Execution worker Thread 27: acquired lock on worker lease
2025-05-20T16:04:51.366+0000 [DEBUG] [org.gradle.internal.resources.AbstractTrackedResourceLock] Execution worker Thread 27: released lock on worker lease
2025-05-20T16:04:51.367+0000 [DEBUG] [org.gradle.internal.resources.AbstractTrackedResourceLock] Execution worker Thread 31: acquired lock on worker lease
2025-05-20T16:04:51.367+0000 [DEBUG] [org.gradle.internal.resources.AbstractTrackedResourceLock] Execution worker Thread 31: released lock on worker lease
2025-05-20T16:04:51.367+0000 [DEBUG] [org.gradle.internal.resources.AbstractTrackedResourceLock] included builds: acquired lock on worker lease
2025-05-20T16:04:51.367+0000 [DEBUG] [org.gradle.execution.plan.DefaultFinalizedExecutionPlan] Cannot acquire project lock for node Resolve mutations for :processResources
2025-05-20T16:04:51.367+0000 [DEBUG] [org.gradle.execution.plan.DefaultFinalizedExecutionPlan] Cannot acquire project lock for node Resolve mutations for :processTestResources
2025-05-20T16:04:51.367+0000 [DEBUG] [org.gradle.internal.resources.AbstractTrackedResourceLock] included builds: released lock on worker lease
2025-05-20T16:04:51.367+0000 [DEBUG] [org.gradle.internal.resources.AbstractTrackedResourceLock] Execution worker Thread 31: acquired lock on worker lease
2025-05-20T16:04:51.367+0000 [DEBUG] [org.gradle.internal.resources.AbstractTrackedResourceLock] Execution worker Thread 31: released lock on worker lease
2025-05-20T16:04:51.367+0000 [DEBUG] [org.gradle.internal.resources.AbstractTrackedResourceLock] Execution worker Thread 27: acquired lock on worker lease
2025-05-20T16:04:51.367+0000 [DEBUG] [org.gradle.internal.resources.AbstractTrackedResourceLock] Execution worker Thread 27: released lock on worker lease
2025-05-20T16:04:51.367+0000 [DEBUG] [org.gradle.internal.resources.AbstractTrackedResourceLock] Execution worker Thread 28: acquired lock on worker lease
2025-05-20T16:04:51.367+0000 [DEBUG] [org.gradle.internal.resources.AbstractTrackedResourceLock] Execution worker Thread 28: released lock on worker lease
2025-05-20T16:04:51.367+0000 [DEBUG] [org.gradle.internal.resources.AbstractTrackedResourceLock] Execution worker Thread 29: acquired lock on worker lease
2025-05-20T16:04:51.367+0000 [DEBUG] [org.gradle.internal.resources.AbstractTrackedResourceLock] Execution worker Thread 29: released lock on worker lease
2025-05-20T16:04:51.367+0000 [DEBUG] [org.gradle.internal.resources.AbstractTrackedResourceLock] Execution worker Thread 21: acquired lock on worker lease
2025-05-20T16:04:51.367+0000 [DEBUG] [org.gradle.internal.resources.AbstractTrackedResourceLock] Execution worker Thread 21: released lock on worker lease
2025-05-20T16:04:51.367+0000 [DEBUG] [org.gradle.internal.resources.AbstractTrackedResourceLock] Execution worker Thread 23: acquired lock on worker lease
2025-05-20T16:04:51.367+0000 [DEBUG] [org.gradle.internal.resources.AbstractTrackedResourceLock] Execution worker Thread 23: released lock on worker lease
2025-05-20T16:04:51.367+0000 [DEBUG] [org.gradle.internal.resources.AbstractTrackedResourceLock] Execution worker Thread 24: acquired lock on worker lease
2025-05-20T16:04:51.367+0000 [DEBUG] [org.gradle.internal.resources.AbstractTrackedResourceLock] Execution worker Thread 24: released lock on worker lease
2025-05-20T16:04:51.367+0000 [DEBUG] [org.gradle.internal.resources.AbstractTrackedResourceLock] Execution worker Thread 25: acquired lock on worker lease
2025-05-20T16:04:51.367+0000 [DEBUG] [org.gradle.internal.resources.AbstractTrackedResourceLock] Execution worker Thread 25: released lock on worker lease
2025-05-20T16:04:51.367+0000 [DEBUG] [org.gradle.internal.resources.AbstractTrackedResourceLock] Execution worker Thread 26: acquired lock on worker lease
2025-05-20T16:04:51.367+0000 [DEBUG] [org.gradle.internal.resources.AbstractTrackedResourceLock] Execution worker Thread 26: released lock on worker lease
2025-05-20T16:04:51.367+0000 [DEBUG] [org.gradle.internal.resources.AbstractTrackedResourceLock] Execution worker Thread 10: acquired lock on worker lease
2025-05-20T16:04:51.367+0000 [DEBUG] [org.gradle.internal.resources.AbstractTrackedResourceLock] Execution worker Thread 10: released lock on worker lease
2025-05-20T16:04:51.367+0000 [DEBUG] [org.gradle.internal.resources.AbstractTrackedResourceLock] Execution worker Thread 11: acquired lock on worker lease
2025-05-20T16:04:51.368+0000 [DEBUG] [org.gradle.internal.resources.AbstractTrackedResourceLock] Execution worker Thread 11: released lock on worker lease
2025-05-20T16:04:51.368+0000 [DEBUG] [org.gradle.internal.resources.AbstractTrackedResourceLock] Execution worker Thread 12: acquired lock on worker lease
2025-05-20T16:04:51.368+0000 [DEBUG] [org.gradle.internal.resources.AbstractTrackedResourceLock] Execution worker Thread 12: released lock on worker lease
2025-05-20T16:04:51.368+0000 [DEBUG] [org.gradle.internal.resources.AbstractTrackedResourceLock] Execution worker Thread 13: acquired lock on worker lease
2025-05-20T16:04:51.368+0000 [DEBUG] [org.gradle.internal.resources.AbstractTrackedResourceLock] Execution worker Thread 13: released lock on worker lease
2025-05-20T16:04:51.368+0000 [DEBUG] [org.gradle.internal.resources.AbstractTrackedResourceLock] Execution worker Thread 22: acquired lock on worker lease
2025-05-20T16:04:51.368+0000 [DEBUG] [org.gradle.internal.resources.AbstractTrackedResourceLock] Execution worker Thread 22: released lock on worker lease
2025-05-20T16:04:51.368+0000 [DEBUG] [org.gradle.internal.resources.AbstractTrackedResourceLock] Execution worker Thread 18: acquired lock on worker lease
2025-05-20T16:04:51.368+0000 [DEBUG] [org.gradle.internal.resources.AbstractTrackedResourceLock] Execution worker Thread 18: released lock on worker lease
2025-05-20T16:04:51.368+0000 [DEBUG] [org.gradle.internal.resources.AbstractTrackedResourceLock] Execution worker Thread 20: acquired lock on worker lease
2025-05-20T16:04:51.368+0000 [DEBUG] [org.gradle.internal.resources.AbstractTrackedResourceLock] Execution worker Thread 20: released lock on worker lease
2025-05-20T16:04:51.368+0000 [DEBUG] [org.gradle.internal.resources.AbstractTrackedResourceLock] Execution worker Thread 19: acquired lock on worker lease
2025-05-20T16:04:51.368+0000 [DEBUG] [org.gradle.internal.resources.AbstractTrackedResourceLock] Execution worker Thread 19: released lock on worker lease
2025-05-20T16:04:51.368+0000 [DEBUG] [org.gradle.internal.resources.AbstractTrackedResourceLock] Execution worker Thread 3: acquired lock on worker lease
2025-05-20T16:04:51.368+0000 [DEBUG] [org.gradle.internal.resources.AbstractTrackedResourceLock] Execution worker Thread 3: released lock on worker lease
2025-05-20T16:04:51.368+0000 [DEBUG] [org.gradle.internal.resources.AbstractTrackedResourceLock] Execution worker Thread 17: acquired lock on worker lease
2025-05-20T16:04:51.368+0000 [DEBUG] [org.gradle.internal.resources.AbstractTrackedResourceLock] Execution worker Thread 17: released lock on worker lease
2025-05-20T16:04:51.368+0000 [DEBUG] [org.gradle.internal.resources.AbstractTrackedResourceLock] Execution worker Thread 16: acquired lock on worker lease
2025-05-20T16:04:51.368+0000 [DEBUG] [org.gradle.internal.resources.AbstractTrackedResourceLock] Execution worker Thread 16: released lock on worker lease
2025-05-20T16:04:51.368+0000 [DEBUG] [org.gradle.internal.resources.AbstractTrackedResourceLock] Execution worker Thread 15: acquired lock on worker lease
2025-05-20T16:04:51.368+0000 [DEBUG] [org.gradle.internal.resources.AbstractTrackedResourceLock] Execution worker Thread 15: released lock on worker lease
2025-05-20T16:04:51.368+0000 [DEBUG] [org.gradle.internal.resources.AbstractTrackedResourceLock] Execution worker Thread 14: acquired lock on worker lease
2025-05-20T16:04:51.368+0000 [DEBUG] [org.gradle.internal.resources.AbstractTrackedResourceLock] Execution worker Thread 14: released lock on worker lease
2025-05-20T16:04:51.368+0000 [DEBUG] [org.gradle.internal.resources.AbstractTrackedResourceLock] Execution worker Thread 2: acquired lock on worker lease
2025-05-20T16:04:51.368+0000 [DEBUG] [org.gradle.internal.resources.AbstractTrackedResourceLock] Execution worker Thread 2: released lock on worker lease
2025-05-20T16:04:51.368+0000 [DEBUG] [org.gradle.internal.resources.AbstractTrackedResourceLock] Execution worker Thread 4: acquired lock on worker lease
2025-05-20T16:04:51.368+0000 [DEBUG] [org.gradle.internal.resources.AbstractTrackedResourceLock] Execution worker Thread 4: released lock on worker lease
2025-05-20T16:04:51.368+0000 [DEBUG] [org.gradle.internal.resources.AbstractTrackedResourceLock] Execution worker Thread 5: acquired lock on worker lease
2025-05-20T16:04:51.368+0000 [DEBUG] [org.gradle.internal.resources.AbstractTrackedResourceLock] Execution worker Thread 5: released lock on worker lease
2025-05-20T16:04:51.368+0000 [DEBUG] [org.gradle.internal.resources.AbstractTrackedResourceLock] Execution worker Thread 6: acquired lock on worker lease
2025-05-20T16:04:51.368+0000 [DEBUG] [org.gradle.internal.resources.AbstractTrackedResourceLock] Execution worker Thread 6: released lock on worker lease
2025-05-20T16:04:51.368+0000 [DEBUG] [org.gradle.internal.resources.AbstractTrackedResourceLock] Execution worker Thread 7: acquired lock on worker lease
2025-05-20T16:04:51.368+0000 [DEBUG] [org.gradle.internal.resources.AbstractTrackedResourceLock] Execution worker Thread 7: released lock on worker lease
2025-05-20T16:04:51.368+0000 [DEBUG] [org.gradle.internal.resources.AbstractTrackedResourceLock] Execution worker Thread 8: acquired lock on worker lease
2025-05-20T16:04:51.368+0000 [DEBUG] [org.gradle.internal.resources.AbstractTrackedResourceLock] Execution worker Thread 8: released lock on worker lease
2025-05-20T16:04:51.368+0000 [DEBUG] [org.gradle.internal.resources.AbstractTrackedResourceLock] Execution worker Thread 9: acquired lock on worker lease
2025-05-20T16:04:51.368+0000 [DEBUG] [org.gradle.internal.resources.AbstractTrackedResourceLock] Execution worker Thread 9: released lock on worker lease
2025-05-20T16:04:51.368+0000 [DEBUG] [org.gradle.internal.resources.AbstractTrackedResourceLock] Execution worker Thread 30: acquired lock on worker lease
2025-05-20T16:04:51.369+0000 [DEBUG] [org.gradle.internal.resources.AbstractTrackedResourceLock] Execution worker Thread 30: released lock on worker lease
2025-05-20T16:04:51.380+0000 [DEBUG] [org.gradle.internal.operations.DefaultBuildOperationRunner] Build operation 'Download https://repo.maven.apache.org/maven2/org/slf4j/slf4j-api/2.0.6/slf4j-api-2.0.6.pom' started
2025-05-20T16:04:51.402+0000 [DEBUG] [org.gradle.internal.operations.DefaultBuildOperationRunner] Completing Build operation 'Download https://repo.maven.apache.org/maven2/org/slf4j/slf4j-api/2.0.6/slf4j-api-2.0.6.pom'
2025-05-20T16:04:51.406+0000 [DEBUG] [org.gradle.internal.operations.DefaultBuildOperationRunner] Build operation 'Download https://repo.maven.apache.org/maven2/org/slf4j/slf4j-parent/2.0.6/slf4j-parent-2.0.6.pom' started
2025-05-20T16:04:51.433+0000 [DEBUG] [org.gradle.internal.operations.DefaultBuildOperationRunner] Completing Build operation 'Download https://repo.maven.apache.org/maven2/org/slf4j/slf4j-parent/2.0.6/slf4j-parent-2.0.6.pom'
2025-05-20T16:04:51.457+0000 [DEBUG] [org.gradle.internal.operations.DefaultBuildOperationRunner] Completing Build operation 'Resolve dependencies of :compileClasspath'
2025-05-20T16:04:51.460+0000 [DEBUG] [org.gradle.internal.operations.DefaultBuildOperationRunner] Build operation 'Resolve files of :compileClasspath' started
2025-05-20T16:04:51.462+0000 [DEBUG] [org.gradle.internal.resources.AbstractTrackedResourceLock] Unconstrained build operations Thread 4: acquired lock on worker lease
2025-05-20T16:04:51.462+0000 [DEBUG] [org.gradle.internal.resources.AbstractTrackedResourceLock] Unconstrained build operations Thread 6: acquired lock on worker lease
2025-05-20T16:04:51.462+0000 [DEBUG] [org.gradle.internal.resources.AbstractTrackedResourceLock] Unconstrained build operations Thread 5: acquired lock on worker lease
2025-05-20T16:04:51.462+0000 [DEBUG] [org.gradle.internal.operations.DefaultBuildOperationRunner] Build operation 'Resolve slf4j-api-2.0.6.jar (org.slf4j:slf4j-api:2.0.6)' started
2025-05-20T16:04:51.462+0000 [DEBUG] [org.gradle.internal.operations.DefaultBuildOperationRunner] Build operation 'Resolve Java-WebSocket-1.5.4.jar (org.java-websocket:Java-WebSocket:1.5.4)' started
2025-05-20T16:04:51.462+0000 [DEBUG] [org.gradle.internal.operations.DefaultBuildOperationRunner] Build operation 'Resolve sqlite-jdbc-3.43.0.0.jar (org.xerial:sqlite-jdbc:3.43.0.0)' started
2025-05-20T16:04:51.462+0000 [DEBUG] [org.gradle.internal.operations.DefaultBuildOperationRunner] Build operation 'Resolve postgresql-42.6.0.jar (org.postgresql:postgresql:42.6.0)' started
2025-05-20T16:04:51.462+0000 [DEBUG] [org.gradle.internal.operations.DefaultBuildOperationRunner] Build operation 'Download https://repo.maven.apache.org/maven2/org/slf4j/slf4j-api/2.0.6/slf4j-api-2.0.6.jar' started
2025-05-20T16:04:51.462+0000 [DEBUG] [org.gradle.internal.operations.DefaultBuildOperationRunner] Build operation 'Download https://repo.maven.apache.org/maven2/org/java-websocket/Java-WebSocket/1.5.4/Java-WebSocket-1.5.4.jar' started
2025-05-20T16:04:51.463+0000 [DEBUG] [org.gradle.internal.operations.DefaultBuildOperationRunner] Build operation 'Download https://repo.maven.apache.org/maven2/org/postgresql/postgresql/42.6.0/postgresql-42.6.0.jar' started
2025-05-20T16:04:51.463+0000 [DEBUG] [org.gradle.internal.operations.DefaultBuildOperationRunner] Build operation 'Download https://repo.maven.apache.org/maven2/org/xerial/sqlite-jdbc/3.43.0.0/sqlite-jdbc-3.43.0.0.jar' started
2025-05-20T16:04:51.520+0000 [DEBUG] [org.gradle.internal.operations.DefaultBuildOperationRunner] Completing Build operation 'Download https://repo.maven.apache.org/maven2/org/slf4j/slf4j-api/2.0.6/slf4j-api-2.0.6.jar'
2025-05-20T16:04:51.522+0000 [DEBUG] [org.gradle.internal.operations.DefaultBuildOperationRunner] Completing Build operation 'Resolve slf4j-api-2.0.6.jar (org.slf4j:slf4j-api:2.0.6)'
2025-05-20T16:04:51.522+0000 [DEBUG] [org.gradle.internal.operations.DefaultBuildOperationRunner] Build operation 'Resolve slf4j-api-2.0.6.jar (org.slf4j:slf4j-api:2.0.6)' completed
2025-05-20T16:04:51.522+0000 [DEBUG] [org.gradle.internal.resources.AbstractTrackedResourceLock] Unconstrained build operations Thread 6: released lock on worker lease
2025-05-20T16:04:51.522+0000 [DEBUG] [org.gradle.internal.resources.AbstractTrackedResourceLock] included builds: acquired lock on worker lease
2025-05-20T16:04:51.522+0000 [DEBUG] [org.gradle.internal.resources.AbstractTrackedResourceLock] included builds: released lock on worker lease
2025-05-20T16:04:51.522+0000 [DEBUG] [org.gradle.internal.resources.AbstractTrackedResourceLock] Execution worker Thread 30: acquired lock on worker lease
2025-05-20T16:04:51.523+0000 [DEBUG] [org.gradle.internal.resources.AbstractTrackedResourceLock] Execution worker Thread 30: released lock on worker lease
2025-05-20T16:04:51.523+0000 [DEBUG] [org.gradle.internal.resources.AbstractTrackedResourceLock] Execution worker Thread 9: acquired lock on worker lease
2025-05-20T16:04:51.523+0000 [DEBUG] [org.gradle.internal.resources.AbstractTrackedResourceLock] Execution worker Thread 9: released lock on worker lease
2025-05-20T16:04:51.523+0000 [DEBUG] [org.gradle.internal.resources.AbstractTrackedResourceLock] Execution worker Thread 8: acquired lock on worker lease
2025-05-20T16:04:51.523+0000 [DEBUG] [org.gradle.internal.resources.AbstractTrackedResourceLock] Execution worker Thread 8: released lock on worker lease
2025-05-20T16:04:51.523+0000 [DEBUG] [org.gradle.internal.resources.AbstractTrackedResourceLock] Execution worker Thread 7: acquired lock on worker lease
2025-05-20T16:04:51.523+0000 [DEBUG] [org.gradle.internal.resources.AbstractTrackedResourceLock] Execution worker Thread 7: released lock on worker lease
2025-05-20T16:04:51.523+0000 [DEBUG] [org.gradle.internal.resources.AbstractTrackedResourceLock] Execution worker Thread 6: acquired lock on worker lease
2025-05-20T16:04:51.523+0000 [DEBUG] [org.gradle.internal.resources.AbstractTrackedResourceLock] Execution worker Thread 6: released lock on worker lease
2025-05-20T16:04:51.523+0000 [DEBUG] [org.gradle.internal.resources.AbstractTrackedResourceLock] Execution worker Thread 5: acquired lock on worker lease
2025-05-20T16:04:51.523+0000 [DEBUG] [org.gradle.internal.resources.AbstractTrackedResourceLock] Execution worker Thread 5: released lock on worker lease
2025-05-20T16:04:51.523+0000 [DEBUG] [org.gradle.internal.resources.AbstractTrackedResourceLock] Execution worker Thread 4: acquired lock on worker lease
2025-05-20T16:04:51.523+0000 [DEBUG] [org.gradle.internal.resources.AbstractTrackedResourceLock] Execution worker Thread 4: released lock on worker lease
2025-05-20T16:04:51.523+0000 [DEBUG] [org.gradle.internal.resources.AbstractTrackedResourceLock] Execution worker Thread 2: acquired lock on worker lease
2025-05-20T16:04:51.523+0000 [DEBUG] [org.gradle.internal.resources.AbstractTrackedResourceLock] Execution worker Thread 2: released lock on worker lease
2025-05-20T16:04:51.523+0000 [DEBUG] [org.gradle.internal.resources.AbstractTrackedResourceLock] Execution worker Thread 14: acquired lock on worker lease
2025-05-20T16:04:51.523+0000 [DEBUG] [org.gradle.internal.resources.AbstractTrackedResourceLock] Execution worker Thread 14: released lock on worker lease
2025-05-20T16:04:51.523+0000 [DEBUG] [org.gradle.internal.resources.AbstractTrackedResourceLock] Execution worker Thread 15: acquired lock on worker lease
2025-05-20T16:04:51.523+0000 [DEBUG] [org.gradle.internal.resources.AbstractTrackedResourceLock] Execution worker Thread 15: released lock on worker lease
2025-05-20T16:04:51.523+0000 [DEBUG] [org.gradle.internal.resources.AbstractTrackedResourceLock] Execution worker Thread 16: acquired lock on worker lease
2025-05-20T16:04:51.523+0000 [DEBUG] [org.gradle.internal.resources.AbstractTrackedResourceLock] Execution worker Thread 16: released lock on worker lease
2025-05-20T16:04:51.523+0000 [DEBUG] [org.gradle.internal.resources.AbstractTrackedResourceLock] Execution worker Thread 17: acquired lock on worker lease
2025-05-20T16:04:51.523+0000 [DEBUG] [org.gradle.internal.resources.AbstractTrackedResourceLock] Execution worker Thread 17: released lock on worker lease
2025-05-20T16:04:51.523+0000 [DEBUG] [org.gradle.internal.resources.AbstractTrackedResourceLock] Execution worker Thread 3: acquired lock on worker lease
2025-05-20T16:04:51.523+0000 [DEBUG] [org.gradle.internal.resources.AbstractTrackedResourceLock] Execution worker Thread 3: released lock on worker lease
2025-05-20T16:04:51.523+0000 [DEBUG] [org.gradle.internal.resources.AbstractTrackedResourceLock] Execution worker Thread 19: acquired lock on worker lease
2025-05-20T16:04:51.523+0000 [DEBUG] [org.gradle.internal.resources.AbstractTrackedResourceLock] Execution worker Thread 19: released lock on worker lease
2025-05-20T16:04:51.523+0000 [DEBUG] [org.gradle.internal.resources.AbstractTrackedResourceLock] Execution worker Thread 20: acquired lock on worker lease
2025-05-20T16:04:51.523+0000 [DEBUG] [org.gradle.internal.resources.AbstractTrackedResourceLock] Execution worker Thread 20: released lock on worker lease
2025-05-20T16:04:51.524+0000 [DEBUG] [org.gradle.internal.resources.AbstractTrackedResourceLock] Execution worker Thread 18: acquired lock on worker lease
2025-05-20T16:04:51.524+0000 [DEBUG] [org.gradle.internal.resources.AbstractTrackedResourceLock] Execution worker Thread 18: released lock on worker lease
2025-05-20T16:04:51.524+0000 [DEBUG] [org.gradle.internal.resources.AbstractTrackedResourceLock] Execution worker Thread 22: acquired lock on worker lease
2025-05-20T16:04:51.524+0000 [DEBUG] [org.gradle.internal.resources.AbstractTrackedResourceLock] Execution worker Thread 22: released lock on worker lease
2025-05-20T16:04:51.524+0000 [DEBUG] [org.gradle.internal.resources.AbstractTrackedResourceLock] Execution worker Thread 13: acquired lock on worker lease
2025-05-20T16:04:51.524+0000 [DEBUG] [org.gradle.internal.resources.AbstractTrackedResourceLock] Execution worker Thread 13: released lock on worker lease
2025-05-20T16:04:51.524+0000 [DEBUG] [org.gradle.internal.resources.AbstractTrackedResourceLock] Execution worker Thread 12: acquired lock on worker lease
2025-05-20T16:04:51.524+0000 [DEBUG] [org.gradle.internal.resources.AbstractTrackedResourceLock] Execution worker Thread 12: released lock on worker lease
2025-05-20T16:04:51.524+0000 [DEBUG] [org.gradle.internal.resources.AbstractTrackedResourceLock] Execution worker Thread 11: acquired lock on worker lease
2025-05-20T16:04:51.524+0000 [DEBUG] [org.gradle.internal.resources.AbstractTrackedResourceLock] Execution worker Thread 11: released lock on worker lease
2025-05-20T16:04:51.524+0000 [DEBUG] [org.gradle.internal.resources.AbstractTrackedResourceLock] Execution worker Thread 10: acquired lock on worker lease
2025-05-20T16:04:51.524+0000 [DEBUG] [org.gradle.internal.resources.AbstractTrackedResourceLock] Execution worker Thread 10: released lock on worker lease
2025-05-20T16:04:51.524+0000 [DEBUG] [org.gradle.internal.resources.AbstractTrackedResourceLock] Execution worker Thread 26: acquired lock on worker lease
2025-05-20T16:04:51.524+0000 [DEBUG] [org.gradle.internal.resources.AbstractTrackedResourceLock] Execution worker Thread 26: released lock on worker lease
2025-05-20T16:04:51.524+0000 [DEBUG] [org.gradle.internal.resources.AbstractTrackedResourceLock] Execution worker Thread 25: acquired lock on worker lease
2025-05-20T16:04:51.524+0000 [DEBUG] [org.gradle.internal.resources.AbstractTrackedResourceLock] Execution worker Thread 25: released lock on worker lease
2025-05-20T16:04:51.524+0000 [DEBUG] [org.gradle.internal.resources.AbstractTrackedResourceLock] Execution worker Thread 24: acquired lock on worker lease
2025-05-20T16:04:51.524+0000 [DEBUG] [org.gradle.internal.resources.AbstractTrackedResourceLock] Execution worker Thread 24: released lock on worker lease
2025-05-20T16:04:51.524+0000 [DEBUG] [org.gradle.internal.resources.AbstractTrackedResourceLock] Execution worker Thread 23: acquired lock on worker lease
2025-05-20T16:04:51.524+0000 [DEBUG] [org.gradle.internal.resources.AbstractTrackedResourceLock] Execution worker Thread 23: released lock on worker lease
2025-05-20T16:04:51.524+0000 [DEBUG] [org.gradle.internal.resources.AbstractTrackedResourceLock] Execution worker Thread 21: acquired lock on worker lease
2025-05-20T16:04:51.524+0000 [DEBUG] [org.gradle.internal.resources.AbstractTrackedResourceLock] Execution worker Thread 21: released lock on worker lease
2025-05-20T16:04:51.524+0000 [DEBUG] [org.gradle.internal.resources.AbstractTrackedResourceLock] Execution worker Thread 29: acquired lock on worker lease
2025-05-20T16:04:51.524+0000 [DEBUG] [org.gradle.internal.resources.AbstractTrackedResourceLock] Execution worker Thread 29: released lock on worker lease
2025-05-20T16:04:51.524+0000 [DEBUG] [org.gradle.internal.resources.AbstractTrackedResourceLock] Execution worker Thread 28: acquired lock on worker lease
2025-05-20T16:04:51.524+0000 [DEBUG] [org.gradle.internal.resources.AbstractTrackedResourceLock] Execution worker Thread 28: released lock on worker lease
2025-05-20T16:04:51.525+0000 [DEBUG] [org.gradle.internal.resources.AbstractTrackedResourceLock] Execution worker Thread 27: acquired lock on worker lease
2025-05-20T16:04:51.525+0000 [DEBUG] [org.gradle.internal.resources.AbstractTrackedResourceLock] Execution worker Thread 27: released lock on worker lease
2025-05-20T16:04:51.525+0000 [DEBUG] [org.gradle.internal.resources.AbstractTrackedResourceLock] Execution worker Thread 31: acquired lock on worker lease
2025-05-20T16:04:51.525+0000 [DEBUG] [org.gradle.internal.resources.AbstractTrackedResourceLock] Execution worker Thread 31: released lock on worker lease
2025-05-20T16:04:51.538+0000 [DEBUG] [org.gradle.internal.operations.DefaultBuildOperationRunner] Completing Build operation 'Download https://repo.maven.apache.org/maven2/org/java-websocket/Java-WebSocket/1.5.4/Java-WebSocket-1.5.4.jar'
2025-05-20T16:04:51.540+0000 [DEBUG] [org.gradle.internal.operations.DefaultBuildOperationRunner] Completing Build operation 'Resolve Java-WebSocket-1.5.4.jar (org.java-websocket:Java-WebSocket:1.5.4)'
2025-05-20T16:04:51.540+0000 [DEBUG] [org.gradle.internal.operations.DefaultBuildOperationRunner] Build operation 'Resolve Java-WebSocket-1.5.4.jar (org.java-websocket:Java-WebSocket:1.5.4)' completed
2025-05-20T16:04:51.540+0000 [DEBUG] [org.gradle.internal.resources.AbstractTrackedResourceLock] Unconstrained build operations Thread 5: released lock on worker lease
2025-05-20T16:04:51.540+0000 [DEBUG] [org.gradle.internal.resources.AbstractTrackedResourceLock] included builds: acquired lock on worker lease
2025-05-20T16:04:51.540+0000 [DEBUG] [org.gradle.internal.resources.AbstractTrackedResourceLock] included builds: released lock on worker lease
2025-05-20T16:04:51.540+0000 [DEBUG] [org.gradle.internal.resources.AbstractTrackedResourceLock] Execution worker Thread 31: acquired lock on worker lease
2025-05-20T16:04:51.540+0000 [DEBUG] [org.gradle.internal.resources.AbstractTrackedResourceLock] Execution worker Thread 31: released lock on worker lease
2025-05-20T16:04:51.540+0000 [DEBUG] [org.gradle.internal.resources.AbstractTrackedResourceLock] Execution worker Thread 27: acquired lock on worker lease
2025-05-20T16:04:51.540+0000 [DEBUG] [org.gradle.internal.resources.AbstractTrackedResourceLock] Execution worker Thread 27: released lock on worker lease
2025-05-20T16:04:51.540+0000 [DEBUG] [org.gradle.internal.resources.AbstractTrackedResourceLock] Execution worker Thread 28: acquired lock on worker lease
2025-05-20T16:04:51.540+0000 [DEBUG] [org.gradle.internal.resources.AbstractTrackedResourceLock] Execution worker Thread 28: released lock on worker lease
2025-05-20T16:04:51.540+0000 [DEBUG] [org.gradle.internal.resources.AbstractTrackedResourceLock] Execution worker Thread 29: acquired lock on worker lease
2025-05-20T16:04:51.540+0000 [DEBUG] [org.gradle.internal.resources.AbstractTrackedResourceLock] Execution worker Thread 29: released lock on worker lease
2025-05-20T16:04:51.540+0000 [DEBUG] [org.gradle.internal.resources.AbstractTrackedResourceLock] Execution worker Thread 21: acquired lock on worker lease
2025-05-20T16:04:51.540+0000 [DEBUG] [org.gradle.internal.resources.AbstractTrackedResourceLock] Execution worker Thread 21: released lock on worker lease
2025-05-20T16:04:51.540+0000 [DEBUG] [org.gradle.internal.resources.AbstractTrackedResourceLock] Execution worker Thread 23: acquired lock on worker lease
2025-05-20T16:04:51.540+0000 [DEBUG] [org.gradle.internal.resources.AbstractTrackedResourceLock] Execution worker Thread 23: released lock on worker lease
2025-05-20T16:04:51.540+0000 [DEBUG] [org.gradle.internal.resources.AbstractTrackedResourceLock] Execution worker Thread 24: acquired lock on worker lease
2025-05-20T16:04:51.540+0000 [DEBUG] [org.gradle.internal.resources.AbstractTrackedResourceLock] Execution worker Thread 24: released lock on worker lease
2025-05-20T16:04:51.540+0000 [DEBUG] [org.gradle.internal.resources.AbstractTrackedResourceLock] Execution worker Thread 25: acquired lock on worker lease
2025-05-20T16:04:51.540+0000 [DEBUG] [org.gradle.internal.resources.AbstractTrackedResourceLock] Execution worker Thread 25: released lock on worker lease
2025-05-20T16:04:51.540+0000 [DEBUG] [org.gradle.internal.resources.AbstractTrackedResourceLock] Execution worker Thread 26: acquired lock on worker lease
2025-05-20T16:04:51.540+0000 [DEBUG] [org.gradle.internal.resources.AbstractTrackedResourceLock] Execution worker Thread 26: released lock on worker lease
2025-05-20T16:04:51.540+0000 [DEBUG] [org.gradle.internal.resources.AbstractTrackedResourceLock] Execution worker Thread 10: acquired lock on worker lease
2025-05-20T16:04:51.540+0000 [DEBUG] [org.gradle.internal.resources.AbstractTrackedResourceLock] Execution worker Thread 10: released lock on worker lease
2025-05-20T16:04:51.540+0000 [DEBUG] [org.gradle.internal.resources.AbstractTrackedResourceLock] Execution worker Thread 11: acquired lock on worker lease
2025-05-20T16:04:51.540+0000 [DEBUG] [org.gradle.internal.resources.AbstractTrackedResourceLock] Execution worker Thread 11: released lock on worker lease
2025-05-20T16:04:51.541+0000 [DEBUG] [org.gradle.internal.resources.AbstractTrackedResourceLock] Execution worker Thread 12: acquired lock on worker lease
2025-05-20T16:04:51.541+0000 [DEBUG] [org.gradle.internal.resources.AbstractTrackedResourceLock] Execution worker Thread 12: released lock on worker lease
2025-05-20T16:04:51.541+0000 [DEBUG] [org.gradle.internal.resources.AbstractTrackedResourceLock] Execution worker Thread 13: acquired lock on worker lease
2025-05-20T16:04:51.541+0000 [DEBUG] [org.gradle.internal.resources.AbstractTrackedResourceLock] Execution worker Thread 13: released lock on worker lease
2025-05-20T16:04:51.541+0000 [DEBUG] [org.gradle.internal.resources.AbstractTrackedResourceLock] Execution worker Thread 22: acquired lock on worker lease
2025-05-20T16:04:51.541+0000 [DEBUG] [org.gradle.internal.resources.AbstractTrackedResourceLock] Execution worker Thread 22: released lock on worker lease
2025-05-20T16:04:51.541+0000 [DEBUG] [org.gradle.internal.resources.AbstractTrackedResourceLock] Execution worker Thread 18: acquired lock on worker lease
2025-05-20T16:04:51.541+0000 [DEBUG] [org.gradle.internal.resources.AbstractTrackedResourceLock] Execution worker Thread 18: released lock on worker lease
2025-05-20T16:04:51.541+0000 [DEBUG] [org.gradle.internal.resources.AbstractTrackedResourceLock] Execution worker Thread 20: acquired lock on worker lease
2025-05-20T16:04:51.541+0000 [DEBUG] [org.gradle.internal.resources.AbstractTrackedResourceLock] Execution worker Thread 20: released lock on worker lease
2025-05-20T16:04:51.541+0000 [DEBUG] [org.gradle.internal.resources.AbstractTrackedResourceLock] Execution worker Thread 19: acquired lock on worker lease
2025-05-20T16:04:51.541+0000 [DEBUG] [org.gradle.internal.resources.AbstractTrackedResourceLock] Execution worker Thread 19: released lock on worker lease
2025-05-20T16:04:51.541+0000 [DEBUG] [org.gradle.internal.resources.AbstractTrackedResourceLock] Execution worker Thread 3: acquired lock on worker lease
2025-05-20T16:04:51.541+0000 [DEBUG] [org.gradle.internal.resources.AbstractTrackedResourceLock] Execution worker Thread 3: released lock on worker lease
2025-05-20T16:04:51.541+0000 [DEBUG] [org.gradle.internal.resources.AbstractTrackedResourceLock] Execution worker Thread 17: acquired lock on worker lease
2025-05-20T16:04:51.541+0000 [DEBUG] [org.gradle.internal.resources.AbstractTrackedResourceLock] Execution worker Thread 17: released lock on worker lease
2025-05-20T16:04:51.541+0000 [DEBUG] [org.gradle.internal.resources.AbstractTrackedResourceLock] Execution worker Thread 16: acquired lock on worker lease
2025-05-20T16:04:51.541+0000 [DEBUG] [org.gradle.internal.resources.AbstractTrackedResourceLock] Execution worker Thread 16: released lock on worker lease
2025-05-20T16:04:51.541+0000 [DEBUG] [org.gradle.internal.resources.AbstractTrackedResourceLock] Execution worker Thread 15: acquired lock on worker lease
2025-05-20T16:04:51.541+0000 [DEBUG] [org.gradle.internal.resources.AbstractTrackedResourceLock] Execution worker Thread 15: released lock on worker lease
2025-05-20T16:04:51.541+0000 [DEBUG] [org.gradle.internal.resources.AbstractTrackedResourceLock] Execution worker Thread 14: acquired lock on worker lease
2025-05-20T16:04:51.541+0000 [DEBUG] [org.gradle.internal.resources.AbstractTrackedResourceLock] Execution worker Thread 14: released lock on worker lease
2025-05-20T16:04:51.541+0000 [DEBUG] [org.gradle.internal.resources.AbstractTrackedResourceLock] Execution worker Thread 2: acquired lock on worker lease
2025-05-20T16:04:51.541+0000 [DEBUG] [org.gradle.internal.resources.AbstractTrackedResourceLock] Execution worker Thread 2: released lock on worker lease
2025-05-20T16:04:51.541+0000 [DEBUG] [org.gradle.internal.resources.AbstractTrackedResourceLock] Execution worker Thread 4: acquired lock on worker lease
2025-05-20T16:04:51.541+0000 [DEBUG] [org.gradle.internal.resources.AbstractTrackedResourceLock] Execution worker Thread 4: released lock on worker lease
2025-05-20T16:04:51.541+0000 [DEBUG] [org.gradle.internal.resources.AbstractTrackedResourceLock] Execution worker Thread 5: acquired lock on worker lease
2025-05-20T16:04:51.541+0000 [DEBUG] [org.gradle.internal.resources.AbstractTrackedResourceLock] Execution worker Thread 5: released lock on worker lease
2025-05-20T16:04:51.542+0000 [DEBUG] [org.gradle.internal.resources.AbstractTrackedResourceLock] Execution worker Thread 6: acquired lock on worker lease
2025-05-20T16:04:51.542+0000 [DEBUG] [org.gradle.internal.resources.AbstractTrackedResourceLock] Execution worker Thread 6: released lock on worker lease
2025-05-20T16:04:51.542+0000 [DEBUG] [org.gradle.internal.resources.AbstractTrackedResourceLock] Execution worker Thread 7: acquired lock on worker lease
2025-05-20T16:04:51.542+0000 [DEBUG] [org.gradle.internal.resources.AbstractTrackedResourceLock] Execution worker Thread 7: released lock on worker lease
2025-05-20T16:04:51.542+0000 [DEBUG] [org.gradle.internal.resources.AbstractTrackedResourceLock] Execution worker Thread 8: acquired lock on worker lease
2025-05-20T16:04:51.542+0000 [DEBUG] [org.gradle.internal.resources.AbstractTrackedResourceLock] Execution worker Thread 8: released lock on worker lease
2025-05-20T16:04:51.542+0000 [DEBUG] [org.gradle.internal.resources.AbstractTrackedResourceLock] Execution worker Thread 9: acquired lock on worker lease
2025-05-20T16:04:51.542+0000 [DEBUG] [org.gradle.internal.resources.AbstractTrackedResourceLock] Execution worker Thread 9: released lock on worker lease
2025-05-20T16:04:51.542+0000 [DEBUG] [org.gradle.internal.resources.AbstractTrackedResourceLock] Execution worker Thread 30: acquired lock on worker lease
2025-05-20T16:04:51.542+0000 [DEBUG] [org.gradle.internal.resources.AbstractTrackedResourceLock] Execution worker Thread 30: released lock on worker lease
2025-05-20T16:04:51.620+0000 [DEBUG] [org.gradle.internal.operations.DefaultBuildOperationRunner] Completing Build operation 'Download https://repo.maven.apache.org/maven2/org/postgresql/postgresql/42.6.0/postgresql-42.6.0.jar'
2025-05-20T16:04:51.623+0000 [DEBUG] [org.gradle.internal.operations.DefaultBuildOperationRunner] Completing Build operation 'Resolve postgresql-42.6.0.jar (org.postgresql:postgresql:42.6.0)'
2025-05-20T16:04:51.623+0000 [DEBUG] [org.gradle.internal.operations.DefaultBuildOperationRunner] Build operation 'Resolve postgresql-42.6.0.jar (org.postgresql:postgresql:42.6.0)' completed
2025-05-20T16:04:51.623+0000 [DEBUG] [org.gradle.internal.resources.AbstractTrackedResourceLock] Unconstrained build operations Thread 4: released lock on worker lease
2025-05-20T16:04:51.623+0000 [DEBUG] [org.gradle.internal.resources.AbstractTrackedResourceLock] included builds: acquired lock on worker lease
2025-05-20T16:04:51.623+0000 [DEBUG] [org.gradle.internal.resources.AbstractTrackedResourceLock] included builds: released lock on worker lease
2025-05-20T16:04:51.623+0000 [DEBUG] [org.gradle.internal.resources.AbstractTrackedResourceLock] Execution worker Thread 30: acquired lock on worker lease
2025-05-20T16:04:51.623+0000 [DEBUG] [org.gradle.internal.resources.AbstractTrackedResourceLock] Execution worker Thread 30: released lock on worker lease
2025-05-20T16:04:51.623+0000 [DEBUG] [org.gradle.internal.resources.AbstractTrackedResourceLock] Execution worker Thread 9: acquired lock on worker lease
2025-05-20T16:04:51.623+0000 [DEBUG] [org.gradle.internal.resources.AbstractTrackedResourceLock] Execution worker Thread 9: released lock on worker lease
2025-05-20T16:04:51.624+0000 [DEBUG] [org.gradle.internal.resources.AbstractTrackedResourceLock] Execution worker Thread 8: acquired lock on worker lease
2025-05-20T16:04:51.624+0000 [DEBUG] [org.gradle.internal.resources.AbstractTrackedResourceLock] Execution worker Thread 8: released lock on worker lease
2025-05-20T16:04:51.624+0000 [DEBUG] [org.gradle.internal.resources.AbstractTrackedResourceLock] Execution worker Thread 7: acquired lock on worker lease
2025-05-20T16:04:51.624+0000 [DEBUG] [org.gradle.internal.resources.AbstractTrackedResourceLock] Execution worker Thread 7: released lock on worker lease
2025-05-20T16:04:51.624+0000 [DEBUG] [org.gradle.internal.resources.AbstractTrackedResourceLock] Execution worker Thread 6: acquired lock on worker lease
2025-05-20T16:04:51.624+0000 [DEBUG] [org.gradle.internal.resources.AbstractTrackedResourceLock] Execution worker Thread 6: released lock on worker lease
2025-05-20T16:04:51.624+0000 [DEBUG] [org.gradle.internal.resources.AbstractTrackedResourceLock] Execution worker Thread 5: acquired lock on worker lease
2025-05-20T16:04:51.624+0000 [DEBUG] [org.gradle.internal.resources.AbstractTrackedResourceLock] Execution worker Thread 5: released lock on worker lease
2025-05-20T16:04:51.624+0000 [DEBUG] [org.gradle.internal.resources.AbstractTrackedResourceLock] Execution worker Thread 4: acquired lock on worker lease
2025-05-20T16:04:51.624+0000 [DEBUG] [org.gradle.internal.resources.AbstractTrackedResourceLock] Execution worker Thread 4: released lock on worker lease
2025-05-20T16:04:51.624+0000 [DEBUG] [org.gradle.internal.resources.AbstractTrackedResourceLock] Execution worker Thread 2: acquired lock on worker lease
2025-05-20T16:04:51.624+0000 [DEBUG] [org.gradle.internal.resources.AbstractTrackedResourceLock] Execution worker Thread 2: released lock on worker lease
2025-05-20T16:04:51.624+0000 [DEBUG] [org.gradle.internal.resources.AbstractTrackedResourceLock] Execution worker Thread 14: acquired lock on worker lease
2025-05-20T16:04:51.624+0000 [DEBUG] [org.gradle.internal.resources.AbstractTrackedResourceLock] Execution worker Thread 14: released lock on worker lease
2025-05-20T16:04:51.624+0000 [DEBUG] [org.gradle.internal.resources.AbstractTrackedResourceLock] Execution worker Thread 15: acquired lock on worker lease
2025-05-20T16:04:51.624+0000 [DEBUG] [org.gradle.internal.resources.AbstractTrackedResourceLock] Execution worker Thread 15: released lock on worker lease
2025-05-20T16:04:51.625+0000 [DEBUG] [org.gradle.internal.resources.AbstractTrackedResourceLock] Execution worker Thread 16: acquired lock on worker lease
2025-05-20T16:04:51.625+0000 [DEBUG] [org.gradle.internal.resources.AbstractTrackedResourceLock] Execution worker Thread 16: released lock on worker lease
2025-05-20T16:04:51.625+0000 [DEBUG] [org.gradle.internal.resources.AbstractTrackedResourceLock] Execution worker Thread 17: acquired lock on worker lease
2025-05-20T16:04:51.625+0000 [DEBUG] [org.gradle.internal.resources.AbstractTrackedResourceLock] Execution worker Thread 17: released lock on worker lease
2025-05-20T16:04:51.625+0000 [DEBUG] [org.gradle.internal.resources.AbstractTrackedResourceLock] Execution worker Thread 3: acquired lock on worker lease
2025-05-20T16:04:51.625+0000 [DEBUG] [org.gradle.internal.resources.AbstractTrackedResourceLock] Execution worker Thread 3: released lock on worker lease
2025-05-20T16:04:51.625+0000 [DEBUG] [org.gradle.internal.resources.AbstractTrackedResourceLock] Execution worker Thread 19: acquired lock on worker lease
2025-05-20T16:04:51.625+0000 [DEBUG] [org.gradle.internal.resources.AbstractTrackedResourceLock] Execution worker Thread 19: released lock on worker lease
2025-05-20T16:04:51.625+0000 [DEBUG] [org.gradle.internal.resources.AbstractTrackedResourceLock] Execution worker Thread 20: acquired lock on worker lease
2025-05-20T16:04:51.625+0000 [DEBUG] [org.gradle.internal.resources.AbstractTrackedResourceLock] Execution worker Thread 20: released lock on worker lease
2025-05-20T16:04:51.625+0000 [DEBUG] [org.gradle.internal.resources.AbstractTrackedResourceLock] Execution worker Thread 18: acquired lock on worker lease
2025-05-20T16:04:51.625+0000 [DEBUG] [org.gradle.internal.resources.AbstractTrackedResourceLock] Execution worker Thread 18: released lock on worker lease
2025-05-20T16:04:51.625+0000 [DEBUG] [org.gradle.internal.resources.AbstractTrackedResourceLock] Execution worker Thread 22: acquired lock on worker lease
2025-05-20T16:04:51.625+0000 [DEBUG] [org.gradle.internal.resources.AbstractTrackedResourceLock] Execution worker Thread 22: released lock on worker lease
2025-05-20T16:04:51.625+0000 [DEBUG] [org.gradle.internal.resources.AbstractTrackedResourceLock] Execution worker Thread 13: acquired lock on worker lease
2025-05-20T16:04:51.625+0000 [DEBUG] [org.gradle.internal.resources.AbstractTrackedResourceLock] Execution worker Thread 13: released lock on worker lease
2025-05-20T16:04:51.625+0000 [DEBUG] [org.gradle.internal.resources.AbstractTrackedResourceLock] Execution worker Thread 12: acquired lock on worker lease
2025-05-20T16:04:51.625+0000 [DEBUG] [org.gradle.internal.resources.AbstractTrackedResourceLock] Execution worker Thread 12: released lock on worker lease
2025-05-20T16:04:51.625+0000 [DEBUG] [org.gradle.internal.resources.AbstractTrackedResourceLock] Execution worker Thread 11: acquired lock on worker lease
2025-05-20T16:04:51.625+0000 [DEBUG] [org.gradle.internal.resources.AbstractTrackedResourceLock] Execution worker Thread 11: released lock on worker lease
2025-05-20T16:04:51.625+0000 [DEBUG] [org.gradle.internal.resources.AbstractTrackedResourceLock] Execution worker Thread 10: acquired lock on worker lease
2025-05-20T16:04:51.625+0000 [DEBUG] [org.gradle.internal.resources.AbstractTrackedResourceLock] Execution worker Thread 10: released lock on worker lease
2025-05-20T16:04:51.625+0000 [DEBUG] [org.gradle.internal.resources.AbstractTrackedResourceLock] Execution worker Thread 26: acquired lock on worker lease
2025-05-20T16:04:51.625+0000 [DEBUG] [org.gradle.internal.resources.AbstractTrackedResourceLock] Execution worker Thread 26: released lock on worker lease
2025-05-20T16:04:51.625+0000 [DEBUG] [org.gradle.internal.resources.AbstractTrackedResourceLock] Execution worker Thread 25: acquired lock on worker lease
2025-05-20T16:04:51.625+0000 [DEBUG] [org.gradle.internal.resources.AbstractTrackedResourceLock] Execution worker Thread 25: released lock on worker lease
2025-05-20T16:04:51.625+0000 [DEBUG] [org.gradle.internal.resources.AbstractTrackedResourceLock] Execution worker Thread 24: acquired lock on worker lease
2025-05-20T16:04:51.625+0000 [DEBUG] [org.gradle.internal.resources.AbstractTrackedResourceLock] Execution worker Thread 24: released lock on worker lease
2025-05-20T16:04:51.626+0000 [DEBUG] [org.gradle.internal.resources.AbstractTrackedResourceLock] Execution worker Thread 23: acquired lock on worker lease
2025-05-20T16:04:51.626+0000 [DEBUG] [org.gradle.internal.resources.AbstractTrackedResourceLock] Execution worker Thread 23: released lock on worker lease
2025-05-20T16:04:51.626+0000 [DEBUG] [org.gradle.internal.resources.AbstractTrackedResourceLock] Execution worker Thread 21: acquired lock on worker lease
2025-05-20T16:04:51.626+0000 [DEBUG] [org.gradle.internal.resources.AbstractTrackedResourceLock] Execution worker Thread 21: released lock on worker lease
2025-05-20T16:04:51.626+0000 [DEBUG] [org.gradle.internal.resources.AbstractTrackedResourceLock] Execution worker Thread 29: acquired lock on worker lease
2025-05-20T16:04:51.626+0000 [DEBUG] [org.gradle.internal.resources.AbstractTrackedResourceLock] Execution worker Thread 29: released lock on worker lease
2025-05-20T16:04:51.626+0000 [DEBUG] [org.gradle.internal.resources.AbstractTrackedResourceLock] Execution worker Thread 28: acquired lock on worker lease
2025-05-20T16:04:51.626+0000 [DEBUG] [org.gradle.internal.resources.AbstractTrackedResourceLock] Execution worker Thread 28: released lock on worker lease
2025-05-20T16:04:51.626+0000 [DEBUG] [org.gradle.internal.resources.AbstractTrackedResourceLock] Execution worker Thread 27: acquired lock on worker lease
2025-05-20T16:04:51.626+0000 [DEBUG] [org.gradle.internal.resources.AbstractTrackedResourceLock] Execution worker Thread 27: released lock on worker lease
2025-05-20T16:04:51.626+0000 [DEBUG] [org.gradle.internal.resources.AbstractTrackedResourceLock] Execution worker Thread 31: acquired lock on worker lease
2025-05-20T16:04:51.626+0000 [DEBUG] [org.gradle.internal.resources.AbstractTrackedResourceLock] Execution worker Thread 31: released lock on worker lease
2025-05-20T16:04:52.012+0000 [DEBUG] [org.gradle.internal.operations.DefaultBuildOperationRunner] Completing Build operation 'Download https://repo.maven.apache.org/maven2/org/xerial/sqlite-jdbc/3.43.0.0/sqlite-jdbc-3.43.0.0.jar'
2025-05-20T16:04:52.022+0000 [DEBUG] [org.gradle.internal.operations.DefaultBuildOperationRunner] Completing Build operation 'Resolve sqlite-jdbc-3.43.0.0.jar (org.xerial:sqlite-jdbc:3.43.0.0)'
2025-05-20T16:04:52.050+0000 [DEBUG] [org.gradle.internal.operations.DefaultBuildOperationRunner] Completing Build operation 'Resolve files of :compileClasspath'
2025-05-20T16:04:52.052+0000 [DEBUG] [org.gradle.cache.internal.btree.BTreePersistentIndexedCache] Opening cache resourceHashesCache.bin (/root/.gradle/caches/8.2/fileHashes/resourceHashesCache.bin)
2025-05-20T16:04:52.130+0000 [DEBUG] [org.gradle.internal.operations.DefaultBuildOperationRunner] Build operation 'Resolve dependencies of :annotationProcessor' started
2025-05-20T16:04:52.131+0000 [DEBUG] [org.gradle.internal.operations.DefaultBuildOperationRunner] Completing Build operation 'Resolve dependencies of :annotationProcessor'
2025-05-20T16:04:52.132+0000 [DEBUG] [org.gradle.internal.operations.DefaultBuildOperationRunner] Completing Build operation 'Snapshot inputs and outputs before executing task ':compileJava''
2025-05-20T16:04:52.153+0000 [DEBUG] [org.gradle.internal.operations.DefaultBuildOperationRunner] Build operation 'Resolve files of :compileClasspath' started
2025-05-20T16:04:52.153+0000 [DEBUG] [org.gradle.internal.operations.DefaultBuildOperationRunner] Completing Build operation 'Resolve files of :compileClasspath'
2025-05-20T16:04:52.389+0000 [DEBUG] [org.gradle.internal.operations.DefaultBuildOperationRunner] Build operation 'Executing task ':compileJava'' started
2025-05-20T16:04:52.391+0000 [DEBUG] [org.gradle.internal.operations.DefaultBuildOperationRunner] Build operation 'Execute compile for :compileJava' started
2025-05-20T16:04:52.396+0000 [DEBUG] [org.gradle.internal.operations.DefaultBuildOperationRunner] Build operation 'Resolve files of :compileClasspath' started
2025-05-20T16:04:52.396+0000 [DEBUG] [org.gradle.internal.operations.DefaultBuildOperationRunner] Completing Build operation 'Resolve files of :compileClasspath'
2025-05-20T16:04:52.405+0000 [DEBUG] [org.gradle.internal.operations.DefaultBuildOperationRunner] Build operation 'Compile Java for :compileJava' started
2025-05-20T16:04:50.606+0000 [LIFECYCLE] [class org.gradle.internal.buildevents.TaskExecutionLogger] 
2025-05-20T16:04:50.606+0000 [LIFECYCLE] [class org.gradle.internal.buildevents.TaskExecutionLogger] > Task :compileJava
2025-05-20T16:04:50.607+0000 [DEBUG] [org.gradle.api.internal.tasks.execution.ResolveTaskExecutionModeExecuter] Putting task artifact state for task ':compileJava' into context took 0.0 secs.
2025-05-20T16:04:50.612+0000 [DEBUG] [org.gradle.internal.operations.DefaultBuildOperationRunner] Build operation 'Identifying work' completed
2025-05-20T16:04:50.733+0000 [DEBUG] [org.gradle.internal.execution.steps.CaptureStateBeforeExecutionStep] Implementation for task ':compileJava': org.gradle.api.tasks.compile.JavaCompile_Decorated@1b439178cae1a95b798d173645857263
2025-05-20T16:04:50.733+0000 [DEBUG] [org.gradle.internal.execution.steps.CaptureStateBeforeExecutionStep] Additional implementations for task ':compileJava': [org.gradle.api.tasks.compile.JavaCompile_Decorated@1b439178cae1a95b798d173645857263]
2025-05-20T16:04:50.746+0000 [DEBUG] [org.gradle.api.internal.artifacts.ivyservice.resolveengine.DefaultArtifactDependencyResolver] Resolving configuration ':compileClasspath'
2025-05-20T16:04:50.754+0000 [DEBUG] [org.gradle.api.internal.artifacts.ivyservice.modulecache.ResolvedArtifactCaches] Creating new in-memory cache for repo 'MavenRepo' [26c913274550a0b2221f47a0fe2d2358].
2025-05-20T16:04:50.757+0000 [DEBUG] [org.gradle.api.internal.artifacts.ivyservice.resolveengine.graph.builder.DependencyGraphBuilder] Visiting configuration io.redrays.ws.concept:WS_RaceCondition:1.0-SNAPSHOT(compileClasspath).
2025-05-20T16:04:50.763+0000 [DEBUG] [org.gradle.cache.internal.DefaultCacheCoordinator] Creating new cache for metadata-2.106/module-metadata, path /root/.gradle/caches/modules-2/metadata-2.106/module-metadata.bin, access org.gradle.cache.internal.DefaultCacheCoordinator@51e5f720
2025-05-20T16:04:50.764+0000 [DEBUG] [org.gradle.cache.internal.LockOnDemandCrossProcessCacheAccess] Acquiring file lock for artifact cache (/root/.gradle/caches/modules-2)
2025-05-20T16:04:50.764+0000 [DEBUG] [org.gradle.cache.internal.DefaultFileLockManager] Waiting to acquire exclusive lock on artifact cache (/root/.gradle/caches/modules-2).
2025-05-20T16:04:50.764+0000 [DEBUG] [org.gradle.cache.internal.DefaultFileLockManager] Lock acquired on artifact cache (/root/.gradle/caches/modules-2).
2025-05-20T16:04:50.764+0000 [DEBUG] [org.gradle.cache.internal.btree.BTreePersistentIndexedCache] Opening cache module-metadata.bin (/root/.gradle/caches/modules-2/metadata-2.106/module-metadata.bin)
2025-05-20T16:04:50.766+0000 [DEBUG] [org.gradle.api.internal.artifacts.ivyservice.resolveengine.graph.builder.DependencyGraphBuilder] Submitting 3 metadata files to resolve in parallel for io.redrays.ws.concept:WS_RaceCondition:1.0-SNAPSHOT(compileClasspath)
2025-05-20T16:04:50.768+0000 [DEBUG] [org.gradle.api.internal.artifacts.ivyservice.ivyresolve.RepositoryChainComponentMetaDataResolver] Attempting to resolve component for org.java-websocket:Java-WebSocket:1.5.4 using repositories [MavenRepo]
2025-05-20T16:04:50.768+0000 [DEBUG] [org.gradle.api.internal.artifacts.ivyservice.ivyresolve.RepositoryChainComponentMetaDataResolver] Attempting to resolve component for org.xerial:sqlite-jdbc:3.43.0.0 using repositories [MavenRepo]
2025-05-20T16:04:50.768+0000 [DEBUG] [org.gradle.api.internal.artifacts.ivyservice.ivyresolve.RepositoryChainComponentMetaDataResolver] Attempting to resolve component for org.postgresql:postgresql:42.6.0 using repositories [MavenRepo]
2025-05-20T16:04:50.772+0000 [DEBUG] [org.gradle.api.internal.artifacts.repositories.resolver.DefaultExternalResourceArtifactResolver] Loading https://repo.maven.apache.org/maven2/org/java-websocket/Java-WebSocket/1.5.4/Java-WebSocket-1.5.4.pom
2025-05-20T16:04:50.772+0000 [DEBUG] [org.gradle.api.internal.artifacts.repositories.resolver.DefaultExternalResourceArtifactResolver] Loading https://repo.maven.apache.org/maven2/org/postgresql/postgresql/42.6.0/postgresql-42.6.0.pom
2025-05-20T16:04:50.772+0000 [DEBUG] [org.gradle.api.internal.artifacts.repositories.resolver.DefaultExternalResourceArtifactResolver] Loading https://repo.maven.apache.org/maven2/org/xerial/sqlite-jdbc/3.43.0.0/sqlite-jdbc-3.43.0.0.pom
2025-05-20T16:04:50.774+0000 [DEBUG] [org.gradle.internal.resource.transfer.DefaultCacheAwareExternalResourceAccessor] Constructing external resource: https://repo.maven.apache.org/maven2/org/xerial/sqlite-jdbc/3.43.0.0/sqlite-jdbc-3.43.0.0.pom
2025-05-20T16:04:50.774+0000 [DEBUG] [org.gradle.internal.resource.transfer.DefaultCacheAwareExternalResourceAccessor] Constructing external resource: https://repo.maven.apache.org/maven2/org/java-websocket/Java-WebSocket/1.5.4/Java-WebSocket-1.5.4.pom
2025-05-20T16:04:50.774+0000 [DEBUG] [org.gradle.internal.resource.transfer.DefaultCacheAwareExternalResourceAccessor] Constructing external resource: https://repo.maven.apache.org/maven2/org/postgresql/postgresql/42.6.0/postgresql-42.6.0.pom
2025-05-20T16:04:50.774+0000 [DEBUG] [org.gradle.cache.internal.DefaultCacheCoordinator] Creating new cache for metadata-2.106/resource-at-url, path /root/.gradle/caches/modules-2/metadata-2.106/resource-at-url.bin, access org.gradle.cache.internal.DefaultCacheCoordinator@51e5f720
2025-05-20T16:04:50.774+0000 [DEBUG] [org.gradle.cache.internal.btree.BTreePersistentIndexedCache] Opening cache resource-at-url.bin (/root/.gradle/caches/modules-2/metadata-2.106/resource-at-url.bin)
2025-05-20T16:04:50.777+0000 [DEBUG] [org.gradle.internal.resource.transport.http.HttpResourceAccessor] Constructing external resource: https://repo.maven.apache.org/maven2/org/xerial/sqlite-jdbc/3.43.0.0/sqlite-jdbc-3.43.0.0.pom
2025-05-20T16:04:50.777+0000 [DEBUG] [org.gradle.internal.resource.transport.http.HttpResourceAccessor] Constructing external resource: https://repo.maven.apache.org/maven2/org/java-websocket/Java-WebSocket/1.5.4/Java-WebSocket-1.5.4.pom
2025-05-20T16:04:50.777+0000 [DEBUG] [org.gradle.internal.resource.transport.http.HttpResourceAccessor] Constructing external resource: https://repo.maven.apache.org/maven2/org/postgresql/postgresql/42.6.0/postgresql-42.6.0.pom
2025-05-20T16:04:50.782+0000 [DEBUG] [org.gradle.internal.resource.transport.http.HttpClientHelper] Performing HTTP GET: https://repo.maven.apache.org/maven2/org/java-websocket/Java-WebSocket/1.5.4/Java-WebSocket-1.5.4.pom
2025-05-20T16:04:50.782+0000 [DEBUG] [org.gradle.internal.resource.transport.http.HttpClientHelper] Performing HTTP GET: https://repo.maven.apache.org/maven2/org/xerial/sqlite-jdbc/3.43.0.0/sqlite-jdbc-3.43.0.0.pom
2025-05-20T16:04:50.782+0000 [DEBUG] [org.gradle.internal.resource.transport.http.HttpClientHelper] Performing HTTP GET: https://repo.maven.apache.org/maven2/org/postgresql/postgresql/42.6.0/postgresql-42.6.0.pom
2025-05-20T16:04:50.821+0000 [DEBUG] [jdk.event.security] X509Certificate: Alg:SHA256withRSA, Serial:5f70e86da49f346352ebab2, Subject:CN=Trustwave Global Certification Authority, O="Trustwave Holdings, Inc.", L=Chicago, ST=Illinois, C=US, Issuer:CN=Trustwave Global Certification Authority, O="Trustwave Holdings, Inc.", L=Chicago, ST=Illinois, C=US, Key type:RSA, Length:4096, Cert Id:416366836, Valid from:8/23/17, 7:34 PM, Valid until:8/23/42, 7:34 PM
2025-05-20T16:04:50.822+0000 [DEBUG] [jdk.event.security] X509Certificate: Alg:SHA384withRSA, Serial:6e47a9c65ab3e720c5309a3f6852f26f, Subject:CN=GTS Root R2, O=Google Trust Services LLC, C=US, Issuer:CN=GTS Root R2, O=Google Trust Services LLC, C=US, Key type:RSA, Length:4096, Cert Id:-1151551794, Valid from:6/22/16, 12:00 AM, Valid until:6/22/36, 12:00 AM
2025-05-20T16:04:50.823+0000 [DEBUG] [jdk.event.security] X509Certificate: Alg:SHA384withECDSA, Serial:7497258ac73f7a54, Subject:CN=AffirmTrust Premium ECC, O=AffirmTrust, C=US, Issuer:CN=AffirmTrust Premium ECC, O=AffirmTrust, C=US, Key type:EC, Length:384, Cert Id:-2080363786, Valid from:1/29/10, 2:20 PM, Valid until:12/31/40, 2:20 PM
2025-05-20T16:04:50.824+0000 [DEBUG] [jdk.event.security] X509Certificate: Alg:SHA256withRSA, Serial:8165f8a4ca5ec00c99340dfc4c6ae23b81c5aa4, Subject:CN=Hongkong Post Root CA 3, O=Hongkong Post, L=Hong Kong, ST=Hong Kong, C=HK, Issuer:CN=Hongkong Post Root CA 3, O=Hongkong Post, L=Hong Kong, ST=Hong Kong, C=HK, Key type:RSA, Length:4096, Cert Id:-901951080, Valid from:6/3/17, 2:29 AM, Valid until:6/3/42, 2:29 AM
2025-05-20T16:04:50.824+0000 [DEBUG] [jdk.event.security] X509Certificate: Alg:SHA1withRSA, Serial:bb401c43f55e4fb0, Subject:CN=SwissSign Gold CA - G2, O=SwissSign AG, C=CH, Issuer:CN=SwissSign Gold CA - G2, O=SwissSign AG, C=CH, Key type:RSA, Length:4096, Cert Id:1516221943, Valid from:10/25/06, 8:30 AM, Valid until:10/25/36, 8:30 AM
2025-05-20T16:04:50.826+0000 [DEBUG] [jdk.event.security] X509Certificate: Alg:SHA1withRSA, Serial:5ec3b7a6437fa4e0, Subject:C=ES, O=ACCV, OU=PKIACCV, CN=ACCVRAIZ1, Issuer:C=ES, O=ACCV, OU=PKIACCV, CN=ACCVRAIZ1, Key type:RSA, Length:4096, Cert Id:-592111236, Valid from:5/5/11, 9:37 AM, Valid until:12/31/30, 9:37 AM
2025-05-20T16:04:50.826+0000 [DEBUG] [jdk.event.security] X509Certificate: Alg:SHA384withECDSA, Serial:66f23daf87de8bb14aea0c573101c2ec, Subject:CN=Microsoft ECC Root Certificate Authority 2017, O=Microsoft Corporation, C=US, Issuer:CN=Microsoft ECC Root Certificate Authority 2017, O=Microsoft Corporation, C=US, Key type:EC, Length:384, Cert Id:-1054206011, Valid from:12/18/19, 11:06 PM, Valid until:7/18/42, 11:16 PM
2025-05-20T16:04:50.827+0000 [DEBUG] [jdk.event.security] X509Certificate: Alg:SHA256withRSA, Serial:25a1dfca33cb5902, Subject:CN=TrustCor RootCert CA-2, OU=TrustCor Certificate Authority, O=TrustCor Systems S. de R.L., L=Panama City, ST=Panama, C=PA, Issuer:CN=TrustCor RootCert CA-2, OU=TrustCor Certificate Authority, O=TrustCor Systems S. de R.L., L=Panama City, ST=Panama, C=PA, Key type:RSA, Length:4096, Cert Id:1646661199, Valid from:2/4/16, 12:32 PM, Valid until:12/31/34, 5:26 PM
2025-05-20T16:04:50.828+0000 [DEBUG] [jdk.event.security] X509Certificate: Alg:SHA256withRSA, Serial:76b1205274f0858746b3f8231af6c2c0, Subject:CN=OISTE WISeKey Global Root GB CA, OU=OISTE Foundation Endorsed, O=WISeKey, C=CH, Issuer:CN=OISTE WISeKey Global Root GB CA, OU=OISTE Foundation Endorsed, O=WISeKey, C=CH, Key type:RSA, Length:2048, Cert Id:-613481516, Valid from:12/1/14, 3:00 PM, Valid until:12/1/39, 3:10 PM
2025-05-20T16:04:50.828+0000 [DEBUG] [jdk.event.security] X509Certificate: Alg:SHA256withRSA, Serial:aecf00bac4cf32f843b2, Subject:CN=emSign Root CA - C1, O=eMudhra Inc, OU=emSign PKI, C=US, Issuer:CN=emSign Root CA - C1, O=eMudhra Inc, OU=emSign PKI, C=US, Key type:RSA, Length:2048, Cert Id:-1268863356, Valid from:2/18/18, 6:30 PM, Valid until:2/18/43, 6:30 PM
2025-05-20T16:04:50.829+0000 [DEBUG] [jdk.event.security] X509Certificate: Alg:SHA1withRSA, Serial:57cb336fc25c16e6471617e3903168e0, Subject:CN=Network Solutions Certificate Authority, O=Network Solutions L.L.C., C=US, Issuer:CN=Network Solutions Certificate Authority, O=Network Solutions L.L.C., C=US, Key type:RSA, Length:2048, Cert Id:1751576863, Valid from:12/1/06, 12:00 AM, Valid until:12/31/29, 11:59 PM
2025-05-20T16:04:50.829+0000 [DEBUG] [jdk.event.security] X509Certificate: Alg:SHA256withECDSA, Serial:d6a5f083f285c3e5195df5d, Subject:CN=Trustwave Global ECC P256 Certification Authority, O="Trustwave Holdings, Inc.", L=Chicago, ST=Illinois, C=US, Issuer:CN=Trustwave Global ECC P256 Certification Authority, O="Trustwave Holdings, Inc.", L=Chicago, ST=Illinois, C=US, Key type:EC, Length:256, Cert Id:948272517, Valid from:8/23/17, 7:35 PM, Valid until:8/23/42, 7:35 PM
2025-05-20T16:04:50.830+0000 [DEBUG] [jdk.event.security] X509Certificate: Alg:SHA1withRSA, Serial:3863def8, Subject:CN=Entrust.net Certification Authority (2048), OU=(c) 1999 Entrust.net Limited, OU=www.entrust.net/CPS_2048 incorp. by ref. (limits liab.), O=Entrust.net, Issuer:CN=Entrust.net Certification Authority (2048), OU=(c) 1999 Entrust.net Limited, OU=www.entrust.net/CPS_2048 incorp. by ref. (limits liab.), O=Entrust.net, Key type:RSA, Length:2048, Cert Id:-328536082, Valid from:12/24/99, 5:50 PM, Valid until:7/24/29, 2:15 PM
2025-05-20T16:04:50.830+0000 [DEBUG] [jdk.event.security] X509Certificate: Alg:SHA256withECDSA, Serial:66c9fd5749736663f3b0b9ad9e89e7603f24a, Subject:CN=Amazon Root CA 3, O=Amazon, C=US, Issuer:CN=Amazon Root CA 3, O=Amazon, C=US, Key type:EC, Length:256, Cert Id:-1562287523, Valid from:5/26/15, 12:00 AM, Valid until:5/26/40, 12:00 AM
2025-05-20T16:04:50.830+0000 [DEBUG] [jdk.event.security] X509Certificate: Alg:SHA256withRSA, Serial:84822c5f1c62d040, Subject:CN=TrustCor ECA-1, OU=TrustCor Certificate Authority, O=TrustCor Systems S. de R.L., L=Panama City, ST=Panama, C=PA, Issuer:CN=TrustCor ECA-1, OU=TrustCor Certificate Authority, O=TrustCor Systems S. de R.L., L=Panama City, ST=Panama, C=PA, Key type:RSA, Length:2048, Cert Id:1382581529, Valid from:2/4/16, 12:32 PM, Valid until:12/31/29, 5:28 PM
2025-05-20T16:04:50.831+0000 [DEBUG] [jdk.event.security] X509Certificate: Alg:SHA384withRSA, Serial:45e6bb038333c3856548e6ff4551, Subject:CN=GlobalSign, O=GlobalSign, OU=GlobalSign Root CA - R6, Issuer:CN=GlobalSign, O=GlobalSign, OU=GlobalSign Root CA - R6, Key type:RSA, Length:4096, Cert Id:-506627753, Valid from:12/10/14, 12:00 AM, Valid until:12/10/34, 12:00 AM
2025-05-20T16:04:50.831+0000 [DEBUG] [jdk.event.security] X509Certificate: Alg:SHA256withRSA, Serial:a0142800000014523c844b500000002, Subject:CN=IdenTrust Commercial Root CA 1, O=IdenTrust, C=US, Issuer:CN=IdenTrust Commercial Root CA 1, O=IdenTrust, C=US, Key type:RSA, Length:4096, Cert Id:1232565210, Valid from:1/16/14, 6:12 PM, Valid until:1/16/34, 6:12 PM
2025-05-20T16:04:50.832+0000 [DEBUG] [jdk.event.security] X509Certificate: Alg:SHA1withRSA, Serial:cf08e5c0816a5ad427ff0eb271859d0, Subject:CN=SecureTrust CA, O=SecureTrust Corporation, C=US, Issuer:CN=SecureTrust CA, O=SecureTrust Corporation, C=US, Key type:RSA, Length:2048, Cert Id:2034155325, Valid from:11/7/06, 7:31 PM, Valid until:12/31/29, 7:40 PM
2025-05-20T16:04:50.832+0000 [DEBUG] [jdk.event.security] X509Certificate: Alg:SHA1withRSA, Serial:83be056904246b1a1756ac95991c74a, Subject:CN=DigiCert Global Root CA, OU=www.digicert.com, O=DigiCert Inc, C=US, Issuer:CN=DigiCert Global Root CA, OU=www.digicert.com, O=DigiCert Inc, C=US, Key type:RSA, Length:2048, Cert Id:1341898239, Valid from:11/10/06, 12:00 AM, Valid until:11/10/31, 12:00 AM
2025-05-20T16:04:50.833+0000 [DEBUG] [jdk.event.security] X509Certificate: Alg:SHA256withRSA, Serial:7777062726a9b17c, Subject:CN=AffirmTrust Commercial, O=AffirmTrust, C=US, Issuer:CN=AffirmTrust Commercial, O=AffirmTrust, C=US, Key type:RSA, Length:2048, Cert Id:630485644, Valid from:1/29/10, 2:06 PM, Valid until:12/31/30, 2:06 PM
2025-05-20T16:04:50.833+0000 [DEBUG] [jdk.event.security] X509Certificate: Alg:SHA256withECDSA, Serial:15448ef21fd97590df5040a, Subject:CN=e-Szigno Root CA 2017, OID.2.5.4.97=VATHU-23584497, O=Microsec Ltd., L=Budapest, C=HU, Issuer:CN=e-Szigno Root CA 2017, OID.2.5.4.97=VATHU-23584497, O=Microsec Ltd., L=Budapest, C=HU, Key type:EC, Length:256, Cert Id:-991173715, Valid from:8/22/17, 12:07 PM, Valid until:8/22/42, 12:07 PM
2025-05-20T16:04:50.833+0000 [DEBUG] [jdk.event.security] X509Certificate: Alg:SHA256withRSA, Serial:5ddfb1da5aa3ed5dbe5a6520650390ef, Subject:CN=UCA Global G2 Root, O=UniTrust, C=CN, Issuer:CN=UCA Global G2 Root, O=UniTrust, C=CN, Key type:RSA, Length:4096, Cert Id:1844967193, Valid from:3/11/16, 12:00 AM, Valid until:12/31/40, 12:00 AM
2025-05-20T16:04:50.834+0000 [DEBUG] [jdk.event.security] X509Certificate: Alg:SHA384withRSA, Serial:6e47a9c54b470c0dec33d089b91cf4e1, Subject:CN=GTS Root R1, O=Google Trust Services LLC, C=US, Issuer:CN=GTS Root R1, O=Google Trust Services LLC, C=US, Key type:RSA, Length:4096, Cert Id:-1684052905, Valid from:6/22/16, 12:00 AM, Valid until:6/22/36, 12:00 AM
2025-05-20T16:04:50.834+0000 [DEBUG] [jdk.event.security] X509Certificate: Alg:SHA1withRSA, Serial:50946cec18ead59c4dd597ef758fa0ad, Subject:CN=XRamp Global Certification Authority, O=XRamp Security Services Inc, OU=www.xrampsecurity.com, C=US, Issuer:CN=XRamp Global Certification Authority, O=XRamp Security Services Inc, OU=www.xrampsecurity.com, C=US, Key type:RSA, Length:2048, Cert Id:-952474086, Valid from:11/1/04, 5:14 PM, Valid until:1/1/35, 5:37 AM
2025-05-20T16:04:50.834+0000 [DEBUG] [jdk.event.security] X509Certificate: Alg:SHA256withECDSA, Serial:75e6dfcbc1685ba8, Subject:CN=SSL.com Root Certification Authority ECC, O=SSL Corporation, L=Houston, ST=Texas, C=US, Issuer:CN=SSL.com Root Certification Authority ECC, O=SSL Corporation, L=Houston, ST=Texas, C=US, Key type:EC, Length:384, Cert Id:-1368293613, Valid from:2/12/16, 6:14 PM, Valid until:2/12/41, 6:14 PM
2025-05-20T16:04:50.835+0000 [DEBUG] [jdk.event.security] X509Certificate: Alg:SHA256withRSA, Serial:92b888dbb08ac163, Subject:CN=CA Disig Root R2, O=Disig a.s., L=Bratislava, C=SK, Issuer:CN=CA Disig Root R2, O=Disig a.s., L=Bratislava, C=SK, Key type:RSA, Length:4096, Cert Id:747175721, Valid from:7/19/12, 9:15 AM, Valid until:7/19/42, 9:15 AM
2025-05-20T16:04:50.835+0000 [DEBUG] [jdk.event.security] X509Certificate: Alg:SHA1withRSA, Serial:5c6, Subject:CN=QuoVadis Root CA 3, O=QuoVadis Limited, C=BM, Issuer:CN=QuoVadis Root CA 3, O=QuoVadis Limited, C=BM, Key type:RSA, Length:4096, Cert Id:1470392860, Valid from:11/24/06, 7:11 PM, Valid until:11/24/31, 7:06 PM
2025-05-20T16:04:50.835+0000 [DEBUG] [jdk.event.security] X509Certificate: Alg:SHA1withRSA, Serial:0, Subject:OU=Starfield Class 2 Certification Authority, O="Starfield Technologies, Inc.", C=US, Issuer:OU=Starfield Class 2 Certification Authority, O="Starfield Technologies, Inc.", C=US, Key type:RSA, Length:2048, Cert Id:1825617644, Valid from:6/29/04, 5:39 PM, Valid until:6/29/34, 5:39 PM
2025-05-20T16:04:50.836+0000 [DEBUG] [jdk.event.security] X509Certificate: Alg:SHA256withRSA, Serial:da9bec71f303b019, Subject:CN=TrustCor RootCert CA-1, OU=TrustCor Certificate Authority, O=TrustCor Systems S. de R.L., L=Panama City, ST=Panama, C=PA, Issuer:CN=TrustCor RootCert CA-1, OU=TrustCor Certificate Authority, O=TrustCor Systems S. de R.L., L=Panama City, ST=Panama, C=PA, Key type:RSA, Length:2048, Cert Id:1332877130, Valid from:2/4/16, 12:32 PM, Valid until:12/31/29, 5:23 PM
2025-05-20T16:04:50.837+0000 [DEBUG] [jdk.event.security] X509Certificate: Alg:SHA256withRSA, Serial:0, Subject:CN=Starfield Services Root Certificate Authority - G2, O="Starfield Technologies, Inc.", L=Scottsdale, ST=Arizona, C=US, Issuer:CN=Starfield Services Root Certificate Authority - G2, O="Starfield Technologies, Inc.", L=Scottsdale, ST=Arizona, C=US, Key type:RSA, Length:2048, Cert Id:1964785574, Valid from:9/1/09, 12:00 AM, Valid until:12/31/37, 11:59 PM
2025-05-20T16:04:50.837+0000 [DEBUG] [jdk.event.security] X509Certificate: Alg:SHA1withRSA, Serial:456b5054, Subject:CN=Entrust Root Certification Authority, OU="(c) 2006 Entrust, Inc.", OU=www.entrust.net/CPS is incorporated by reference, O="Entrust, Inc.", C=US, Issuer:CN=Entrust Root Certification Authority, OU="(c) 2006 Entrust, Inc.", OU=www.entrust.net/CPS is incorporated by reference, O="Entrust, Inc.", C=US, Key type:RSA, Length:2048, Cert Id:-1261404096, Valid from:11/27/06, 8:23 PM, Valid until:11/27/26, 8:53 PM
2025-05-20T16:04:50.838+0000 [DEBUG] [jdk.event.security] X509Certificate: Alg:SHA256withRSA, Serial:110034b64ec6362d36, Subject:OU=certSIGN ROOT CA G2, O=CERTSIGN SA, C=RO, Issuer:OU=certSIGN ROOT CA G2, O=CERTSIGN SA, C=RO, Key type:RSA, Length:4096, Cert Id:-2113880430, Valid from:2/6/17, 9:27 AM, Valid until:2/6/42, 9:27 AM
2025-05-20T16:04:50.838+0000 [DEBUG] [jdk.event.security] X509Certificate: Alg:SHA256withRSA, Serial:5c33cb622c5fb332, Subject:C=DE, O=Atos, CN=Atos TrustedRoot 2011, Issuer:C=DE, O=Atos, CN=Atos TrustedRoot 2011, Key type:RSA, Length:2048, Cert Id:-28528624, Valid from:7/7/11, 2:58 PM, Valid until:12/31/30, 11:59 PM
2025-05-20T16:04:50.838+0000 [DEBUG] [jdk.event.security] X509Certificate: Alg:SHA1withRSA, Serial:44afb080d6a327ba893039862ef8406b, Subject:CN=DST Root CA X3, O=Digital Signature Trust Co., Issuer:CN=DST Root CA X3, O=Digital Signature Trust Co., Key type:RSA, Length:2048, Cert Id:1007302312, Valid from:9/30/00, 9:12 PM, Valid until:9/30/21, 2:01 PM
2025-05-20T16:04:50.839+0000 [DEBUG] [jdk.event.security] X509Certificate: Alg:SHA384withRSA, Serial:66c9fd29635869f0a0fe58678f85b26bb8a37, Subject:CN=Amazon Root CA 2, O=Amazon, C=US, Issuer:CN=Amazon Root CA 2, O=Amazon, C=US, Key type:RSA, Length:4096, Cert Id:-1766132388, Valid from:5/26/15, 12:00 AM, Valid until:5/26/40, 12:00 AM
2025-05-20T16:04:50.839+0000 [DEBUG] [jdk.event.security] X509Certificate: Alg:SHA256withRSA, Serial:1, Subject:CN=T-TeleSec GlobalRoot Class 3, OU=T-Systems Trust Center, O=T-Systems Enterprise Services GmbH, C=DE, Issuer:CN=T-TeleSec GlobalRoot Class 3, OU=T-Systems Trust Center, O=T-Systems Enterprise Services GmbH, C=DE, Key type:RSA, Length:2048, Cert Id:1894096264, Valid from:10/1/08, 10:29 AM, Valid until:10/1/33, 11:59 PM
2025-05-20T16:04:50.839+0000 [DEBUG] [jdk.event.security] X509Certificate: Alg:SHA1withRSA, Serial:ce7e0e517d846fe8fe560fc1bf03039, Subject:CN=DigiCert Assured ID Root CA, OU=www.digicert.com, O=DigiCert Inc, C=US, Issuer:CN=DigiCert Assured ID Root CA, OU=www.digicert.com, O=DigiCert Inc, C=US, Key type:RSA, Length:2048, Cert Id:-860404528, Valid from:11/10/06, 12:00 AM, Valid until:11/10/31, 12:00 AM
2025-05-20T16:04:50.839+0000 [DEBUG] [jdk.event.security] X509Certificate: Alg:SHA384withRSA, Serial:194301ea20bddf5c5332ab1434471f8d6504d0d, Subject:CN=NAVER Global Root Certification Authority, O=NAVER BUSINESS PLATFORM Corp., C=KR, Issuer:CN=NAVER Global Root Certification Authority, O=NAVER BUSINESS PLATFORM Corp., C=KR, Key type:RSA, Length:4096, Cert Id:1777546867, Valid from:8/18/17, 8:58 AM, Valid until:8/18/37, 11:59 PM
2025-05-20T16:04:50.840+0000 [DEBUG] [jdk.event.security] X509Certificate: Alg:SHA1withRSA, Serial:fedce3010fc948ff, Subject:CN=Certigna, O=Dhimyotis, C=FR, Issuer:CN=Certigna, O=Dhimyotis, C=FR, Key type:RSA, Length:2048, Cert Id:-788091456, Valid from:6/29/07, 3:13 PM, Valid until:6/29/27, 3:13 PM
2025-05-20T16:04:50.841+0000 [DEBUG] [jdk.event.security] X509Certificate: Alg:SHA1withRSA, Serial:c9cdd3e9d57d23ce, Subject:CN=Global Chambersign Root - 2008, O=AC Camerfirma S.A., SERIALNUMBER=A82743287, L=Madrid (see current address at www.camerfirma.com/address), C=EU, Issuer:CN=Global Chambersign Root - 2008, O=AC Camerfirma S.A., SERIALNUMBER=A82743287, L=Madrid (see current address at www.camerfirma.com/address), C=EU, Key type:RSA, Length:4096, Cert Id:1271252776, Valid from:8/1/08, 12:31 PM, Valid until:7/31/38, 12:31 PM
2025-05-20T16:04:50.842+0000 [DEBUG] [jdk.event.security] X509Certificate: Alg:SHA256withRSA, Serial:6a683e9c519bcb53, Subject:CN=E-Tugra Certification Authority, OU=E-Tugra Sertifikasyon Merkezi, O=E-Tu?ra EBG Bili?im Teknolojileri ve Hizmetleri A.?., L=Ankara, C=TR, Issuer:CN=E-Tugra Certification Authority, OU=E-Tugra Sertifikasyon Merkezi, O=E-Tu?ra EBG Bili?im Teknolojileri ve Hizmetleri A.?., L=Ankara, C=TR, Key type:RSA, Length:4096, Cert Id:-673382379, Valid from:3/5/13, 12:09 PM, Valid until:3/3/23, 12:09 PM
2025-05-20T16:04:50.843+0000 [DEBUG] [jdk.event.security] X509Certificate: Alg:SHA1withRSA, Serial:0, Subject:CN=Hellenic Academic and Research Institutions RootCA 2011, O=Hellenic Academic and Research Institutions Cert. Authority, C=GR, Issuer:CN=Hellenic Academic and Research Institutions RootCA 2011, O=Hellenic Academic and Research Institutions Cert. Authority, C=GR, Key type:RSA, Length:2048, Cert Id:-1841489473, Valid from:12/6/11, 1:49 PM, Valid until:12/1/31, 1:49 PM
2025-05-20T16:04:50.843+0000 [DEBUG] [jdk.event.security] X509Certificate: Alg:SHA256withRSA, Serial:2, Subject:CN=Buypass Class 2 Root CA, O=Buypass AS-983163327, C=NO, Issuer:CN=Buypass Class 2 Root CA, O=Buypass AS-983163327, C=NO, Key type:RSA, Length:4096, Cert Id:969960563, Valid from:10/26/10, 8:38 AM, Valid until:10/26/40, 8:38 AM
2025-05-20T16:04:50.844+0000 [DEBUG] [jdk.event.security] X509Certificate: Alg:SHA256withRSA, Serial:78585f2ead2c194be3370735341328b596d46593, Subject:CN=QuoVadis Root CA 1 G3, O=QuoVadis Limited, C=BM, Issuer:CN=QuoVadis Root CA 1 G3, O=QuoVadis Limited, C=BM, Key type:RSA, Length:4096, Cert Id:-762436034, Valid from:1/12/12, 5:27 PM, Valid until:1/12/42, 5:27 PM
2025-05-20T16:04:50.845+0000 [DEBUG] [jdk.event.security] X509Certificate: Alg:SHA256withRSA, Serial:98968d, Subject:CN=Staat der Nederlanden EV Root CA, O=Staat der Nederlanden, C=NL, Issuer:CN=Staat der Nederlanden EV Root CA, O=Staat der Nederlanden, C=NL, Key type:RSA, Length:4096, Cert Id:1444801426, Valid from:12/8/10, 11:19 AM, Valid until:12/8/22, 11:10 AM
2025-05-20T16:04:50.845+0000 [DEBUG] [jdk.event.security] X509Certificate: Alg:SHA256withRSA, Serial:2ef59b0228a7db7affd5a3a9eebd03a0cf126a1d, Subject:CN=QuoVadis Root CA 3 G3, O=QuoVadis Limited, C=BM, Issuer:CN=QuoVadis Root CA 3 G3, O=QuoVadis Limited, C=BM, Key type:RSA, Length:4096, Cert Id:-705622991, Valid from:1/12/12, 8:26 PM, Valid until:1/12/42, 8:26 PM
2025-05-20T16:04:50.845+0000 [DEBUG] [jdk.event.security] X509Certificate: Alg:SHA1withRSA, Serial:1d, Subject:CN=Sonera Class2 CA, O=Sonera, C=FI, Issuer:CN=Sonera Class2 CA, O=Sonera, C=FI, Key type:RSA, Length:2048, Cert Id:-572101437, Valid from:4/6/01, 7:29 AM, Valid until:4/6/21, 7:29 AM
2025-05-20T16:04:50.846+0000 [DEBUG] [jdk.event.security] X509Certificate: Alg:SHA1withRSA, Serial:-11d4c2142bde21eb579d53fb0c223bff, Subject:CN=EC-ACC, OU=Jerarquia Entitats de Certificacio Catalanes, OU=Vegeu https://www.catcert.net/verarrel (c)03, OU=Serveis Publics de Certificacio, O=Agencia Catalana de Certificacio (NIF Q-0801176-I), C=ES, Issuer:CN=EC-ACC, OU=Jerarquia Entitats de Certificacio Catalanes, OU=Vegeu https://www.catcert.net/verarrel (c)03, OU=Serveis Publics de Certificacio, O=Agencia Catalana de Certificacio (NIF Q-0801176-I), C=ES, Key type:RSA, Length:2048, Cert Id:1077306647, Valid from:1/7/03, 11:00 PM, Valid until:1/7/31, 10:59 PM
2025-05-20T16:04:50.846+0000 [DEBUG] [jdk.event.security] X509Certificate: Alg:SHA256withRSA, Serial:401ac46421b31321030ebbe4121ac51d, Subject:CN=VeriSign Universal Root Certification Authority, OU="(c) 2008 VeriSign, Inc. - For authorized use only", OU=VeriSign Trust Network, O="VeriSign, Inc.", C=US, Issuer:CN=VeriSign Universal Root Certification Authority, OU="(c) 2008 VeriSign, Inc. - For authorized use only", OU=VeriSign Trust Network, O="VeriSign, Inc.", C=US, Key type:RSA, Length:2048, Cert Id:-1976681486, Valid from:4/2/08, 12:00 AM, Valid until:12/1/37, 11:59 PM
2025-05-20T16:04:50.846+0000 [DEBUG] [jdk.event.security] X509Certificate: Alg:SHA384withRSA, Serial:1fd6d30fca3ca51a81bbc640e35032d, Subject:CN=USERTrust RSA Certification Authority, O=The USERTRUST Network, L=Jersey City, ST=New Jersey, C=US, Issuer:CN=USERTrust RSA Certification Authority, O=The USERTRUST Network, L=Jersey City, ST=New Jersey, C=US, Key type:RSA, Length:4096, Cert Id:-347365895, Valid from:2/1/10, 12:00 AM, Valid until:1/18/38, 11:59 PM
2025-05-20T16:04:50.847+0000 [DEBUG] [jdk.event.security] X509Certificate: Alg:SHA1withRSA, Serial:4e812d8a8265e00b02ee3e350246e53d, Subject:CN=COMODO Certification Authority, O=COMODO CA Limited, L=Salford, ST=Greater Manchester, C=GB, Issuer:CN=COMODO Certification Authority, O=COMODO CA Limited, L=Salford, ST=Greater Manchester, C=GB, Key type:RSA, Length:2048, Cert Id:904304908, Valid from:12/1/06, 12:00 AM, Valid until:12/31/29, 11:59 PM
2025-05-20T16:04:50.847+0000 [DEBUG] [jdk.event.security] X509Certificate: Alg:SHA256withRSA, Serial:49412ce40010, Subject:CN=NetLock Arany (Class Gold) F?tan?s?tv?ny, OU=Tan?s?tv?nykiad?k (Certification Services), O=NetLock Kft., L=Budapest, C=HU, Issuer:CN=NetLock Arany (Class Gold) F?tan?s?tv?ny, OU=Tan?s?tv?nykiad?k (Certification Services), O=NetLock Kft., L=Budapest, C=HU, Key type:RSA, Length:2048, Cert Id:58541246, Valid from:12/11/08, 3:08 PM, Valid until:12/6/28, 3:08 PM
2025-05-20T16:04:50.848+0000 [DEBUG] [jdk.event.security] X509Certificate: Alg:SHA384withECDSA, Serial:a68b79290000000050d091f9, Subject:CN=Entrust Root Certification Authority - EC1, OU="(c) 2012 Entrust, Inc. - for authorized use only", OU=See www.entrust.net/legal-terms, O="Entrust, Inc.", C=US, Issuer:CN=Entrust Root Certification Authority - EC1, OU="(c) 2012 Entrust, Inc. - for authorized use only", OU=See www.entrust.net/legal-terms, O="Entrust, Inc.", C=US, Key type:EC, Length:384, Cert Id:924514073, Valid from:12/18/12, 3:25 PM, Valid until:12/18/37, 3:55 PM
2025-05-20T16:04:50.848+0000 [DEBUG] [jdk.event.security] X509Certificate: Alg:SHA1withRSA, Serial:3e8, Subject:CN=Hongkong Post Root CA 1, O=Hongkong Post, C=HK, Issuer:CN=Hongkong Post Root CA 1, O=Hongkong Post, C=HK, Key type:RSA, Length:2048, Cert Id:-1426826250, Valid from:5/15/03, 5:13 AM, Valid until:5/15/23, 4:52 AM
2025-05-20T16:04:50.848+0000 [DEBUG] [jdk.event.security] X509Certificate: Alg:SHA1withRSA, Serial:1, Subject:CN=TWCA Root Certification Authority, OU=Root CA, O=TAIWAN-CA, C=TW, Issuer:CN=TWCA Root Certification Authority, OU=Root CA, O=TAIWAN-CA, C=TW, Key type:RSA, Length:2048, Cert Id:-1642094263, Valid from:8/28/08, 7:24 AM, Valid until:12/31/30, 3:59 PM
2025-05-20T16:04:50.849+0000 [DEBUG] [jdk.event.security] X509Certificate: Alg:SHA384withECDSA, Serial:5c8b99c55a94c5d27156decd8980cc26, Subject:CN=USERTrust ECC Certification Authority, O=The USERTRUST Network, L=Jersey City, ST=New Jersey, C=US, Issuer:CN=USERTrust ECC Certification Authority, O=The USERTRUST Network, L=Jersey City, ST=New Jersey, C=US, Key type:EC, Length:384, Cert Id:-965679910, Valid from:2/1/10, 12:00 AM, Valid until:1/18/38, 11:59 PM
2025-05-20T16:04:50.849+0000 [DEBUG] [jdk.event.security] X509Certificate: Alg:SHA256withRSA, Serial:0, Subject:CN=Starfield Root Certificate Authority - G2, O="Starfield Technologies, Inc.", L=Scottsdale, ST=Arizona, C=US, Issuer:CN=Starfield Root Certificate Authority - G2, O="Starfield Technologies, Inc.", L=Scottsdale, ST=Arizona, C=US, Key type:RSA, Length:2048, Cert Id:-1026641587, Valid from:9/1/09, 12:00 AM, Valid until:12/31/37, 11:59 PM
2025-05-20T16:04:50.849+0000 [DEBUG] [jdk.event.security] X509Certificate: Alg:SHA384withECDSA, Serial:3cb2f4480a00e2feeb243b5e603ec36b, Subject:CN=GeoTrust Primary Certification Authority - G2, OU=(c) 2007 GeoTrust Inc. - For authorized use only, O=GeoTrust Inc., C=US, Issuer:CN=GeoTrust Primary Certification Authority - G2, OU=(c) 2007 GeoTrust Inc. - For authorized use only, O=GeoTrust Inc., C=US, Key type:EC, Length:384, Cert Id:-1114303822, Valid from:11/5/07, 12:00 AM, Valid until:1/18/38, 11:59 PM
2025-05-20T16:04:50.849+0000 [DEBUG] [jdk.event.security] X509Certificate: Alg:SHA1withRSA, Serial:509, Subject:CN=QuoVadis Root CA 2, O=QuoVadis Limited, C=BM, Issuer:CN=QuoVadis Root CA 2, O=QuoVadis Limited, C=BM, Key type:RSA, Length:4096, Cert Id:338250116, Valid from:11/24/06, 6:27 PM, Valid until:11/24/31, 6:23 PM
2025-05-20T16:04:50.850+0000 [DEBUG] [jdk.event.security] X509Certificate: Alg:SHA1withRSA, Serial:444c0, Subject:CN=Certum Trusted Network CA, OU=Certum Certification Authority, O=Unizeto Technologies S.A., C=PL, Issuer:CN=Certum Trusted Network CA, OU=Certum Certification Authority, O=Unizeto Technologies S.A., C=PL, Key type:RSA, Length:2048, Cert Id:2014002193, Valid from:10/22/08, 12:07 PM, Valid until:12/31/29, 12:07 PM
2025-05-20T16:04:50.850+0000 [DEBUG] [jdk.event.security] X509Certificate: Alg:SHA256withRSA, Serial:c27e43044e473f19, Subject:EMAILADDRESS=info@e-szigno.hu, CN=Microsec e-Szigno Root CA 2009, O=Microsec Ltd., L=Budapest, C=HU, Issuer:EMAILADDRESS=info@e-szigno.hu, CN=Microsec e-Szigno Root CA 2009, O=Microsec Ltd., L=Budapest, C=HU, Key type:RSA, Length:2048, Cert Id:-1903950012, Valid from:6/16/09, 11:30 AM, Valid until:12/30/29, 11:30 AM
2025-05-20T16:04:50.851+0000 [DEBUG] [jdk.event.security] X509Certificate: Alg:SHA1withRSA, Serial:95be16a0f72e46f17b398272fa8bcd96, Subject:CN=TeliaSonera Root CA v1, O=TeliaSonera, Issuer:CN=TeliaSonera Root CA v1, O=TeliaSonera, Key type:RSA, Length:4096, Cert Id:1495358374, Valid from:10/18/07, 12:00 PM, Valid until:10/18/32, 12:00 PM
2025-05-20T16:04:50.851+0000 [DEBUG] [jdk.event.security] X509Certificate: Alg:SHA384withECDSA, Serial:605949e0262ebb55f90a778a71f94ad86c, Subject:CN=GlobalSign, O=GlobalSign, OU=GlobalSign ECC Root CA - R5, Issuer:CN=GlobalSign, O=GlobalSign, OU=GlobalSign ECC Root CA - R5, Key type:EC, Length:384, Cert Id:1997048439, Valid from:11/13/12, 12:00 AM, Valid until:1/19/38, 3:14 AM
2025-05-20T16:04:50.851+0000 [DEBUG] [jdk.event.security] X509Certificate: Alg:SHA384withECDSA, Serial:55556bcf25ea43535c3a40fd5ab4572, Subject:CN=DigiCert Global Root G3, OU=www.digicert.com, O=DigiCert Inc, C=US, Issuer:CN=DigiCert Global Root G3, OU=www.digicert.com, O=DigiCert Inc, C=US, Key type:EC, Length:384, Cert Id:-795968543, Valid from:8/1/13, 12:00 PM, Valid until:1/15/38, 12:00 PM
2025-05-20T16:04:50.851+0000 [DEBUG] [jdk.event.security] X509Certificate: Alg:SHA256withRSA, Serial:66c9fcf99bf8c0a39e2f0788a43e696365bca, Subject:CN=Amazon Root CA 1, O=Amazon, C=US, Issuer:CN=Amazon Root CA 1, O=Amazon, C=US, Key type:RSA, Length:2048, Cert Id:-1472444962, Valid from:5/26/15, 12:00 AM, Valid until:1/17/38, 12:00 AM
2025-05-20T16:04:50.852+0000 [DEBUG] [jdk.event.security] X509Certificate: Alg:SHA256withRSA, Serial:983f4, Subject:CN=D-TRUST Root Class 3 CA 2 EV 2009, O=D-Trust GmbH, C=DE, Issuer:CN=D-TRUST Root Class 3 CA 2 EV 2009, O=D-Trust GmbH, C=DE, Key type:RSA, Length:2048, Cert Id:971313728, Valid from:11/5/09, 8:50 AM, Valid until:11/5/29, 8:50 AM
2025-05-20T16:04:50.852+0000 [DEBUG] [jdk.event.security] X509Certificate: Alg:SHA256withRSA, Serial:1, Subject:CN=T-TeleSec GlobalRoot Class 2, OU=T-Systems Trust Center, O=T-Systems Enterprise Services GmbH, C=DE, Issuer:CN=T-TeleSec GlobalRoot Class 2, OU=T-Systems Trust Center, O=T-Systems Enterprise Services GmbH, C=DE, Key type:RSA, Length:2048, Cert Id:-1238464039, Valid from:10/1/08, 10:40 AM, Valid until:10/1/33, 11:59 PM
2025-05-20T16:04:50.853+0000 [DEBUG] [jdk.event.security] X509Certificate: Alg:SHA384withECDSA, Serial:8bd85976c9927a48068473b, Subject:CN=Trustwave Global ECC P384 Certification Authority, O="Trustwave Holdings, Inc.", L=Chicago, ST=Illinois, C=US, Issuer:CN=Trustwave Global ECC P384 Certification Authority, O="Trustwave Holdings, Inc.", L=Chicago, ST=Illinois, C=US, Key type:EC, Length:384, Cert Id:-1993924923, Valid from:8/23/17, 7:36 PM, Valid until:8/23/42, 7:36 PM
2025-05-20T16:04:50.853+0000 [DEBUG] [jdk.event.security] X509Certificate: Alg:SHA384withECDSA, Serial:212a560caeda0cab4045bf2ba22d3aea, Subject:CN=OISTE WISeKey Global Root GC CA, OU=OISTE Foundation Endorsed, O=WISeKey, C=CH, Issuer:CN=OISTE WISeKey Global Root GC CA, OU=OISTE Foundation Endorsed, O=WISeKey, C=CH, Key type:EC, Length:384, Cert Id:-1513165457, Valid from:5/9/17, 9:48 AM, Valid until:5/9/42, 9:58 AM
2025-05-20T16:04:50.854+0000 [DEBUG] [jdk.event.security] X509Certificate: Alg:SHA1withRSA, Serial:1, Subject:CN=SecureSign RootCA11, O="Japan Certification Services, Inc.", C=JP, Issuer:CN=SecureSign RootCA11, O="Japan Certification Services, Inc.", C=JP, Key type:RSA, Length:2048, Cert Id:2079057034, Valid from:4/8/09, 4:56 AM, Valid until:4/8/29, 4:56 AM
2025-05-20T16:04:50.854+0000 [DEBUG] [jdk.event.security] X509Certificate: Alg:SHA256withRSA, Serial:184accd6, Subject:CN=CFCA EV ROOT, O=China Financial Certification Authority, C=CN, Issuer:CN=CFCA EV ROOT, O=China Financial Certification Authority, C=CN, Key type:RSA, Length:4096, Cert Id:551407782, Valid from:8/8/12, 3:07 AM, Valid until:12/31/29, 3:07 AM
2025-05-20T16:04:50.854+0000 [DEBUG] [jdk.event.security] X509Certificate: Alg:SHA512withRSA, Serial:21d6d04a4f250fc93237fcaa5e128de9, Subject:CN=Certum Trusted Network CA 2, OU=Certum Certification Authority, O=Unizeto Technologies S.A., C=PL, Issuer:CN=Certum Trusted Network CA 2, OU=Certum Certification Authority, O=Unizeto Technologies S.A., C=PL, Key type:RSA, Length:4096, Cert Id:1983350452, Valid from:10/6/11, 8:39 AM, Valid until:10/6/46, 8:39 AM
2025-05-20T16:04:50.855+0000 [DEBUG] [jdk.event.security] X509Certificate: Alg:SHA256withRSA, Serial:983f3, Subject:CN=D-TRUST Root Class 3 CA 2 2009, O=D-Trust GmbH, C=DE, Issuer:CN=D-TRUST Root Class 3 CA 2 2009, O=D-Trust GmbH, C=DE, Key type:RSA, Length:2048, Cert Id:1430153102, Valid from:11/5/09, 8:35 AM, Valid until:11/5/29, 8:35 AM
2025-05-20T16:04:50.855+0000 [DEBUG] [jdk.event.security] X509Certificate: Alg:SHA256withRSA, Serial:7d0997fef047ea7a, Subject:CN=GDCA TrustAUTH R5 ROOT, O="GUANG DONG CERTIFICATE AUTHORITY CO.,LTD.", C=CN, Issuer:CN=GDCA TrustAUTH R5 ROOT, O="GUANG DONG CERTIFICATE AUTHORITY CO.,LTD.", C=CN, Key type:RSA, Length:4096, Cert Id:494136981, Valid from:11/26/14, 5:13 AM, Valid until:12/31/40, 3:59 PM
2025-05-20T16:04:50.855+0000 [DEBUG] [jdk.event.security] X509Certificate: Alg:SHA256withRSA, Serial:98a239, Subject:CN=Staat der Nederlanden Root CA - G3, O=Staat der Nederlanden, C=NL, Issuer:CN=Staat der Nederlanden Root CA - G3, O=Staat der Nederlanden, C=NL, Key type:RSA, Length:4096, Cert Id:-1733470677, Valid from:11/14/13, 11:28 AM, Valid until:11/13/28, 11:00 PM
2025-05-20T16:04:50.855+0000 [DEBUG] [jdk.event.security] X509Certificate: Alg:SHA256withRSA, Serial:0, Subject:CN=Hellenic Academic and Research Institutions RootCA 2015, O=Hellenic Academic and Research Institutions Cert. Authority, L=Athens, C=GR, Issuer:CN=Hellenic Academic and Research Institutions RootCA 2015, O=Hellenic Academic and Research Institutions Cert. Authority, L=Athens, C=GR, Key type:RSA, Length:4096, Cert Id:-802976731, Valid from:7/7/15, 10:11 AM, Valid until:6/30/40, 10:11 AM
2025-05-20T16:04:50.856+0000 [DEBUG] [jdk.event.security] X509Certificate: Alg:SHA384withRSA, Serial:1ed397095fd8b4b347701eaabe7f45b3, Subject:CN=Microsoft RSA Root Certificate Authority 2017, O=Microsoft Corporation, C=US, Issuer:CN=Microsoft RSA Root Certificate Authority 2017, O=Microsoft Corporation, C=US, Key type:RSA, Length:4096, Cert Id:-1446618248, Valid from:12/18/19, 10:51 PM, Valid until:7/18/42, 11:00 PM
2025-05-20T16:04:50.856+0000 [DEBUG] [jdk.event.security] X509Certificate: Alg:SHA384withECDSA, Serial:ba15afa1ddfa0b54944afcd24a06cec, Subject:CN=DigiCert Assured ID Root G3, OU=www.digicert.com, O=DigiCert Inc, C=US, Issuer:CN=DigiCert Assured ID Root G3, OU=www.digicert.com, O=DigiCert Inc, C=US, Key type:EC, Length:384, Cert Id:-645537245, Valid from:8/1/13, 12:00 PM, Valid until:1/15/38, 12:00 PM
2025-05-20T16:04:50.856+0000 [DEBUG] [jdk.event.security] X509Certificate: Alg:SHA256withRSA, Serial:570a119742c4e3cc, Subject:CN=Actalis Authentication Root CA, O=Actalis S.p.A./03358520967, L=Milan, C=IT, Issuer:CN=Actalis Authentication Root CA, O=Actalis S.p.A./03358520967, L=Milan, C=IT, Key type:RSA, Length:4096, Cert Id:1729119956, Valid from:9/22/11, 11:22 AM, Valid until:9/22/30, 11:22 AM
2025-05-20T16:04:50.856+0000 [DEBUG] [jdk.event.security] X509Certificate: Alg:SHA1withRSA, Serial:4f1bd42f54bb2f4b, Subject:CN=SwissSign Silver CA - G2, O=SwissSign AG, C=CH, Issuer:CN=SwissSign Silver CA - G2, O=SwissSign AG, C=CH, Key type:RSA, Length:4096, Cert Id:126726124, Valid from:10/25/06, 8:32 AM, Valid until:10/25/36, 8:32 AM
2025-05-20T16:04:50.857+0000 [DEBUG] [jdk.event.security] X509Certificate: Alg:SHA384withRSA, Serial:59b1b579e8e2132e23907bda777755c, Subject:CN=DigiCert Trusted Root G4, OU=www.digicert.com, O=DigiCert Inc, C=US, Issuer:CN=DigiCert Trusted Root G4, OU=www.digicert.com, O=DigiCert Inc, C=US, Key type:RSA, Length:4096, Cert Id:1057369358, Valid from:8/1/13, 12:00 PM, Valid until:1/15/38, 12:00 PM
2025-05-20T16:04:50.857+0000 [DEBUG] [jdk.event.security] X509Certificate: Alg:SHA1withRSA, Serial:40000000001154b5ac394, Subject:CN=GlobalSign Root CA, OU=Root CA, O=GlobalSign nv-sa, C=BE, Issuer:CN=GlobalSign Root CA, OU=Root CA, O=GlobalSign nv-sa, C=BE, Key type:RSA, Length:2048, Cert Id:536948034, Valid from:9/1/98, 12:00 PM, Valid until:1/28/28, 12:00 PM
2025-05-20T16:04:50.857+0000 [DEBUG] [jdk.event.security] X509Certificate: Alg:SHA256withRSA, Serial:d9b5437fafa9390f000000005565ad58, Subject:CN=Entrust Root Certification Authority - G4, OU="(c) 2015 Entrust, Inc. - for authorized use only", OU=See www.entrust.net/legal-terms, O="Entrust, Inc.", C=US, Issuer:CN=Entrust Root Certification Authority - G4, OU="(c) 2015 Entrust, Inc. - for authorized use only", OU=See www.entrust.net/legal-terms, O="Entrust, Inc.", C=US, Key type:RSA, Length:4096, Cert Id:1368037548, Valid from:5/27/15, 11:11 AM, Valid until:12/27/37, 11:41 AM
2025-05-20T16:04:50.857+0000 [DEBUG] [jdk.event.security] X509Certificate: Alg:SHA384withECDSA, Serial:3cf607a968700eda8b84, Subject:CN=emSign ECC Root CA - G3, O=eMudhra Technologies Limited, OU=emSign PKI, C=IN, Issuer:CN=emSign ECC Root CA - G3, O=eMudhra Technologies Limited, OU=emSign PKI, C=IN, Key type:EC, Length:384, Cert Id:-462931589, Valid from:2/18/18, 6:30 PM, Valid until:2/18/43, 6:30 PM
2025-05-20T16:04:50.858+0000 [DEBUG] [jdk.event.security] X509Certificate: Alg:SHA384withECDSA, Serial:6e47a9c88b94b6e8bb3b2ad8a2b2c199, Subject:CN=GTS Root R4, O=Google Trust Services LLC, C=US, Issuer:CN=GTS Root R4, O=Google Trust Services LLC, C=US, Key type:EC, Length:384, Cert Id:-1824562466, Valid from:6/22/16, 12:00 AM, Valid until:6/22/36, 12:00 AM
2025-05-20T16:04:50.858+0000 [DEBUG] [jdk.event.security] X509Certificate: Alg:SHA1withRSA, Serial:7c4f04391cd4992d, Subject:CN=AffirmTrust Networking, O=AffirmTrust, C=US, Issuer:CN=AffirmTrust Networking, O=AffirmTrust, C=US, Key type:RSA, Length:2048, Cert Id:651670175, Valid from:1/29/10, 2:08 PM, Valid until:12/31/30, 2:08 PM
2025-05-20T16:04:50.858+0000 [DEBUG] [jdk.event.security] X509Certificate: Alg:SHA256withRSA, Serial:56b629cd34bc78f6, Subject:CN=SSL.com EV Root Certification Authority RSA R2, O=SSL Corporation, L=Houston, ST=Texas, C=US, Issuer:CN=SSL.com EV Root Certification Authority RSA R2, O=SSL Corporation, L=Houston, ST=Texas, C=US, Key type:RSA, Length:4096, Cert Id:1381862403, Valid from:5/31/17, 6:14 PM, Valid until:5/30/42, 6:14 PM
2025-05-20T16:04:50.858+0000 [DEBUG] [jdk.event.security] X509Certificate: Alg:SHA256withRSA, Serial:4fd22b8ff564c8339e4f345866237060, Subject:CN=UCA Extended Validation Root, O=UniTrust, C=CN, Issuer:CN=UCA Extended Validation Root, O=UniTrust, C=CN, Key type:RSA, Length:4096, Cert Id:649181271, Valid from:3/13/15, 12:00 AM, Valid until:12/31/38, 12:00 AM
2025-05-20T16:04:50.858+0000 [DEBUG] [jdk.event.security] X509Certificate: Alg:SHA256withECDSA, Serial:2a38a41c960a04de42b228a50be8349802, Subject:CN=GlobalSign, O=GlobalSign, OU=GlobalSign ECC Root CA - R4, Issuer:CN=GlobalSign, O=GlobalSign, OU=GlobalSign ECC Root CA - R4, Key type:EC, Length:256, Cert Id:-1923273545, Valid from:11/13/12, 12:00 AM, Valid until:1/19/38, 3:14 AM
2025-05-20T16:04:50.859+0000 [DEBUG] [jdk.event.security] X509Certificate: Alg:SHA256withRSA, Serial:33af1e6a711a9a0bb2864b11d09fae5, Subject:CN=DigiCert Global Root G2, OU=www.digicert.com, O=DigiCert Inc, C=US, Issuer:CN=DigiCert Global Root G2, OU=www.digicert.com, O=DigiCert Inc, C=US, Key type:RSA, Length:2048, Cert Id:1136084297, Valid from:8/1/13, 12:00 PM, Valid until:1/15/38, 12:00 PM
2025-05-20T16:04:50.859+0000 [DEBUG] [jdk.event.security] X509Certificate: Alg:SHA1withRSA, Serial:20000b9, Subject:CN=Baltimore CyberTrust Root, OU=CyberTrust, O=Baltimore, C=IE, Issuer:CN=Baltimore CyberTrust Root, OU=CyberTrust, O=Baltimore, C=IE, Key type:RSA, Length:2048, Cert Id:1425294543, Valid from:5/12/00, 6:46 PM, Valid until:5/12/25, 11:59 PM
2025-05-20T16:04:50.859+0000 [DEBUG] [jdk.event.security] X509Certificate: Alg:SHA256withRSA, Serial:0, Subject:OU=Security Communication RootCA2, O="SECOM Trust Systems CO.,LTD.", C=JP, Issuer:OU=Security Communication RootCA2, O="SECOM Trust Systems CO.,LTD.", C=JP, Key type:RSA, Length:2048, Cert Id:1521072570, Valid from:5/29/09, 5:00 AM, Valid until:5/29/29, 5:00 AM
2025-05-20T16:04:50.859+0000 [DEBUG] [jdk.event.security] X509Certificate: Alg:SHA1withRSA, Serial:1b1fadb620f924d3366bf7c7f18ca059, Subject:OU=Trustis FPS Root CA, O=Trustis Limited, C=GB, Issuer:OU=Trustis FPS Root CA, O=Trustis Limited, C=GB, Key type:RSA, Length:2048, Cert Id:-878780292, Valid from:12/23/03, 12:14 PM, Valid until:1/21/24, 11:36 AM
2025-05-20T16:04:50.860+0000 [DEBUG] [jdk.event.security] X509Certificate: Alg:SHA256withRSA, Serial:4000000000121585308a2, Subject:CN=GlobalSign, O=GlobalSign, OU=GlobalSign Root CA - R3, Issuer:CN=GlobalSign, O=GlobalSign, OU=GlobalSign Root CA - R3, Key type:RSA, Length:2048, Cert Id:733875591, Valid from:3/18/09, 10:00 AM, Valid until:3/18/29, 10:00 AM
2025-05-20T16:04:50.860+0000 [DEBUG] [jdk.event.security] X509Certificate: Alg:SHA1withRSA, Serial:75622a4e8d48a894df413c8f0f8eaa5, Subject:CN=Secure Global CA, O=SecureTrust Corporation, C=US, Issuer:CN=Secure Global CA, O=SecureTrust Corporation, C=US, Key type:RSA, Length:2048, Cert Id:-1476772975, Valid from:11/7/06, 7:42 PM, Valid until:12/31/29, 7:52 PM
2025-05-20T16:04:50.860+0000 [DEBUG] [jdk.event.security] X509Certificate: Alg:SHA256withRSA, Serial:8210cfb0d240e3594463e0bb63828b00, Subject:CN=ISRG Root X1, O=Internet Security Research Group, C=US, Issuer:CN=ISRG Root X1, O=Internet Security Research Group, C=US, Key type:RSA, Length:4096, Cert Id:1521974916, Valid from:6/4/15, 11:04 AM, Valid until:6/4/35, 11:04 AM
2025-05-20T16:04:50.860+0000 [DEBUG] [jdk.event.security] X509Certificate: Alg:SHA256withRSA, Serial:2, Subject:CN=Buypass Class 3 Root CA, O=Buypass AS-983163327, C=NO, Issuer:CN=Buypass Class 3 Root CA, O=Buypass AS-983163327, C=NO, Key type:RSA, Length:4096, Cert Id:1264269967, Valid from:10/26/10, 8:28 AM, Valid until:10/26/40, 8:28 AM
2025-05-20T16:04:50.860+0000 [DEBUG] [jdk.event.security] X509Certificate: Alg:SHA1withRSA, Serial:a3da427ea4b1aeda, Subject:CN=Chambers of Commerce Root - 2008, O=AC Camerfirma S.A., SERIALNUMBER=A82743287, L=Madrid (see current address at www.camerfirma.com/address), C=EU, Issuer:CN=Chambers of Commerce Root - 2008, O=AC Camerfirma S.A., SERIALNUMBER=A82743287, L=Madrid (see current address at www.camerfirma.com/address), C=EU, Key type:RSA, Length:4096, Cert Id:-28263924, Valid from:8/1/08, 12:29 PM, Valid until:7/31/38, 12:29 PM
2025-05-20T16:04:50.861+0000 [DEBUG] [jdk.event.security] X509Certificate: Alg:SHA256withRSA, Serial:31f5e4620c6c58edd6d8, Subject:CN=emSign Root CA - G1, O=eMudhra Technologies Limited, OU=emSign PKI, C=IN, Issuer:CN=emSign Root CA - G1, O=eMudhra Technologies Limited, OU=emSign PKI, C=IN, Key type:RSA, Length:2048, Cert Id:392709196, Valid from:2/18/18, 6:30 PM, Valid until:2/18/43, 6:30 PM
2025-05-20T16:04:50.861+0000 [DEBUG] [jdk.event.security] X509Certificate: Alg:SHA384withRSA, Serial:6d8c1446b1a60aee, Subject:CN=AffirmTrust Premium, O=AffirmTrust, C=US, Issuer:CN=AffirmTrust Premium, O=AffirmTrust, C=US, Key type:RSA, Length:4096, Cert Id:-2130283955, Valid from:1/29/10, 2:10 PM, Valid until:12/31/40, 2:10 PM
2025-05-20T16:04:50.861+0000 [DEBUG] [jdk.event.security] X509Certificate: Alg:SHA1withRSA, Serial:0, Subject:OU=Security Communication RootCA1, O=SECOM Trust.net, C=JP, Issuer:OU=Security Communication RootCA1, O=SECOM Trust.net, C=JP, Key type:RSA, Length:2048, Cert Id:1802358121, Valid from:9/30/03, 4:20 AM, Valid until:9/30/23, 4:20 AM
2025-05-20T16:04:50.862+0000 [DEBUG] [jdk.event.security] X509Certificate: Alg:SHA256withRSA, Serial:a0142800000014523cf467c00000002, Subject:CN=IdenTrust Public Sector Root CA 1, O=IdenTrust, C=US, Issuer:CN=IdenTrust Public Sector Root CA 1, O=IdenTrust, C=US, Key type:RSA, Length:4096, Cert Id:2123370772, Valid from:1/16/14, 5:53 PM, Valid until:1/16/34, 5:53 PM
2025-05-20T16:04:50.862+0000 [DEBUG] [jdk.event.security] X509Certificate: Alg:SHA256withRSA, Serial:445734245b81899b35f2ceb82b3b5ba726f07528, Subject:CN=QuoVadis Root CA 2 G3, O=QuoVadis Limited, C=BM, Issuer:CN=QuoVadis Root CA 2 G3, O=QuoVadis Limited, C=BM, Key type:RSA, Length:4096, Cert Id:696763521, Valid from:1/12/12, 6:59 PM, Valid until:1/12/42, 6:59 PM
2025-05-20T16:04:50.862+0000 [DEBUG] [jdk.event.security] X509Certificate: Alg:SHA256withRSA, Serial:cbe, Subject:CN=TWCA Global Root CA, OU=Root CA, O=TAIWAN-CA, C=TW, Issuer:CN=TWCA Global Root CA, OU=Root CA, O=TAIWAN-CA, C=TW, Key type:RSA, Length:4096, Cert Id:861175838, Valid from:6/27/12, 6:28 AM, Valid until:12/31/30, 3:59 PM
2025-05-20T16:04:50.863+0000 [DEBUG] [jdk.event.security] X509Certificate: Alg:SHA256withRSA, Serial:b931c3ad63967ea6723bfc3af9af44b, Subject:CN=DigiCert Assured ID Root G2, OU=www.digicert.com, O=DigiCert Inc, C=US, Issuer:CN=DigiCert Assured ID Root G2, OU=www.digicert.com, O=DigiCert Inc, C=US, Key type:RSA, Length:2048, Cert Id:-385398383, Valid from:8/1/13, 12:00 PM, Valid until:1/15/38, 12:00 PM
2025-05-20T16:04:50.863+0000 [DEBUG] [jdk.event.security] X509Certificate: Alg:SHA256withRSA, Serial:b0b75a16485fbfe1cbf58bd719e67d, Subject:CN=Izenpe.com, O=IZENPE S.A., C=ES, Issuer:CN=Izenpe.com, O=IZENPE S.A., C=ES, Key type:RSA, Length:4096, Cert Id:-1845580984, Valid from:12/13/07, 1:08 PM, Valid until:12/13/37, 8:27 AM
2025-05-20T16:04:50.864+0000 [DEBUG] [jdk.event.security] X509Certificate: Alg:SHA384withECDSA, Serial:6e47a9c76ca9732440890f0355dd8d1d, Subject:CN=GTS Root R3, O=Google Trust Services LLC, C=US, Issuer:CN=GTS Root R3, O=Google Trust Services LLC, C=US, Key type:EC, Length:384, Cert Id:-1415630551, Valid from:6/22/16, 12:00 AM, Valid until:6/22/36, 12:00 AM
2025-05-20T16:04:50.864+0000 [DEBUG] [jdk.event.security] X509Certificate: Alg:SHA256withRSA, Serial:7b2c9bd316803299, Subject:CN=SSL.com Root Certification Authority RSA, O=SSL Corporation, L=Houston, ST=Texas, C=US, Issuer:CN=SSL.com Root Certification Authority RSA, O=SSL Corporation, L=Houston, ST=Texas, C=US, Key type:RSA, Length:4096, Cert Id:156725711, Valid from:2/12/16, 5:39 PM, Valid until:2/12/41, 5:39 PM
2025-05-20T16:04:50.864+0000 [DEBUG] [jdk.event.security] X509Certificate: Alg:SHA256withRSA, Serial:0, Subject:CN=Go Daddy Root Certificate Authority - G2, O="GoDaddy.com, Inc.", L=Scottsdale, ST=Arizona, C=US, Issuer:CN=Go Daddy Root Certificate Authority - G2, O="GoDaddy.com, Inc.", L=Scottsdale, ST=Arizona, C=US, Key type:RSA, Length:2048, Cert Id:439600313, Valid from:9/1/09, 12:00 AM, Valid until:12/31/37, 11:59 PM
2025-05-20T16:04:50.865+0000 [DEBUG] [jdk.event.security] X509Certificate: Alg:SHA1withRSA, Serial:15c8bd65475cafb897005ee406d2bc9d, Subject:OU=ePKI Root Certification Authority, O="Chunghwa Telecom Co., Ltd.", C=TW, Issuer:OU=ePKI Root Certification Authority, O="Chunghwa Telecom Co., Ltd.", C=TW, Key type:RSA, Length:4096, Cert Id:-662636137, Valid from:12/20/04, 2:31 AM, Valid until:12/20/34, 2:31 AM
2025-05-20T16:04:50.865+0000 [DEBUG] [jdk.event.security] X509Certificate: Alg:SHA256withRSA, Serial:5d938d306736c8061d1ac754846907, Subject:OU=AC RAIZ FNMT-RCM, O=FNMT-RCM, C=ES, Issuer:OU=AC RAIZ FNMT-RCM, O=FNMT-RCM, C=ES, Key type:RSA, Length:4096, Cert Id:1555523573, Valid from:10/29/08, 3:59 PM, Valid until:1/1/30, 12:00 AM
2025-05-20T16:04:50.866+0000 [DEBUG] [jdk.event.security] X509Certificate: Alg:SHA384withRSA, Serial:4caaf9cadb636fe01ff74ed85b03869d, Subject:CN=COMODO RSA Certification Authority, O=COMODO CA Limited, L=Salford, ST=Greater Manchester, C=GB, Issuer:CN=COMODO RSA Certification Authority, O=COMODO CA Limited, L=Salford, ST=Greater Manchester, C=GB, Key type:RSA, Length:4096, Cert Id:1769425049, Valid from:1/19/10, 12:00 AM, Valid until:1/18/38, 11:59 PM
2025-05-20T16:04:50.866+0000 [DEBUG] [jdk.event.security] X509Certificate: Alg:SHA256withRSA, Serial:cae91b89f155030da3e6416dc4e3a6e1, Subject:CN=Certigna Root CA, OU=0002 48146308100036, O=Dhimyotis, C=FR, Issuer:CN=Certigna Root CA, OU=0002 48146308100036, O=Dhimyotis, C=FR, Key type:RSA, Length:4096, Cert Id:356684591, Valid from:10/1/13, 8:32 AM, Valid until:10/1/33, 8:32 AM
2025-05-20T16:04:50.866+0000 [DEBUG] [jdk.event.security] X509Certificate: Alg:SHA256withECDSA, Serial:0, Subject:CN=Hellenic Academic and Research Institutions ECC RootCA 2015, O=Hellenic Academic and Research Institutions Cert. Authority, L=Athens, C=GR, Issuer:CN=Hellenic Academic and Research Institutions ECC RootCA 2015, O=Hellenic Academic and Research Institutions Cert. Authority, L=Athens, C=GR, Key type:EC, Length:384, Cert Id:513613456, Valid from:7/7/15, 10:37 AM, Valid until:6/30/40, 10:37 AM
2025-05-20T16:04:50.867+0000 [DEBUG] [jdk.event.security] X509Certificate: Alg:SHA1withRSA, Serial:400000000010f8626e60d, Subject:CN=GlobalSign, O=GlobalSign, OU=GlobalSign Root CA - R2, Issuer:CN=GlobalSign, O=GlobalSign, OU=GlobalSign Root CA - R2, Key type:RSA, Length:2048, Cert Id:7087067, Valid from:12/15/06, 8:00 AM, Valid until:12/15/21, 8:00 AM
2025-05-20T16:04:50.867+0000 [DEBUG] [jdk.event.security] X509Certificate: Alg:SHA1withRSA, Serial:0, Subject:OU=Go Daddy Class 2 Certification Authority, O="The Go Daddy Group, Inc.", C=US, Issuer:OU=Go Daddy Class 2 Certification Authority, O="The Go Daddy Group, Inc.", C=US, Key type:RSA, Length:2048, Cert Id:-271444299, Valid from:6/29/04, 5:06 PM, Valid until:6/29/34, 5:06 PM
2025-05-20T16:04:50.868+0000 [DEBUG] [jdk.event.security] X509Certificate: Alg:SHA1withRSA, Serial:53ec3beefbb2485f, Subject:CN=Autoridad de Certificacion Firmaprofesional CIF A62634068, C=ES, Issuer:CN=Autoridad de Certificacion Firmaprofesional CIF A62634068, C=ES, Key type:RSA, Length:4096, Cert Id:692250759, Valid from:5/20/09, 8:38 AM, Valid until:12/31/30, 8:38 AM
2025-05-20T16:04:50.868+0000 [DEBUG] [jdk.event.security] X509Certificate: Alg:SHA256withRSA, Serial:1, Subject:CN=TUBITAK Kamu SM SSL Kok Sertifikasi - Surum 1, OU=Kamu Sertifikasyon Merkezi - Kamu SM, O=Turkiye Bilimsel ve Teknolojik Arastirma Kurumu - TUBITAK, L=Gebze - Kocaeli, C=TR, Issuer:CN=TUBITAK Kamu SM SSL Kok Sertifikasi - Surum 1, OU=Kamu Sertifikasyon Merkezi - Kamu SM, O=Turkiye Bilimsel ve Teknolojik Arastirma Kurumu - TUBITAK, L=Gebze - Kocaeli, C=TR, Key type:RSA, Length:2048, Cert Id:1093603654, Valid from:11/25/13, 8:25 AM, Valid until:10/25/43, 8:25 AM
2025-05-20T16:04:50.868+0000 [DEBUG] [jdk.event.security] X509Certificate: Alg:SHA384withECDSA, Serial:1f47afaa62007050544c019e9b63992a, Subject:CN=COMODO ECC Certification Authority, O=COMODO CA Limited, L=Salford, ST=Greater Manchester, C=GB, Issuer:CN=COMODO ECC Certification Authority, O=COMODO CA Limited, L=Salford, ST=Greater Manchester, C=GB, Key type:EC, Length:384, Cert Id:1146488932, Valid from:3/6/08, 12:00 AM, Valid until:1/18/38, 11:59 PM
2025-05-20T16:04:50.869+0000 [DEBUG] [jdk.event.security] X509Certificate: Alg:SHA1withRSA, Serial:1, Subject:CN=AAA Certificate Services, O=Comodo CA Limited, L=Salford, ST=Greater Manchester, C=GB, Issuer:CN=AAA Certificate Services, O=Comodo CA Limited, L=Salford, ST=Greater Manchester, C=GB, Key type:RSA, Length:2048, Cert Id:-1197580894, Valid from:1/1/04, 12:00 AM, Valid until:12/31/28, 11:59 PM
2025-05-20T16:04:50.869+0000 [DEBUG] [jdk.event.security] X509Certificate: Alg:SHA256withECDSA, Serial:2c299c5b16ed0595, Subject:CN=SSL.com EV Root Certification Authority ECC, O=SSL Corporation, L=Houston, ST=Texas, C=US, Issuer:CN=SSL.com EV Root Certification Authority ECC, O=SSL Corporation, L=Houston, ST=Texas, C=US, Key type:EC, Length:384, Cert Id:1789254518, Valid from:2/12/16, 6:15 PM, Valid until:2/12/41, 6:15 PM
2025-05-20T16:04:50.869+0000 [DEBUG] [jdk.event.security] X509Certificate: Alg:SHA384withECDSA, Serial:66c9fd7c1bb104c2943e5717b7b2cc81ac10e, Subject:CN=Amazon Root CA 4, O=Amazon, C=US, Issuer:CN=Amazon Root CA 4, O=Amazon, C=US, Key type:EC, Length:384, Cert Id:-1654272513, Valid from:5/26/15, 12:00 AM, Valid until:5/26/40, 12:00 AM
2025-05-20T16:04:50.869+0000 [DEBUG] [jdk.event.security] X509Certificate: Alg:SHA1withRSA, Serial:200605167002, Subject:OU=certSIGN ROOT CA, O=certSIGN, C=RO, Issuer:OU=certSIGN ROOT CA, O=certSIGN, C=RO, Key type:RSA, Length:2048, Cert Id:-289960676, Valid from:7/4/06, 5:20 PM, Valid until:7/4/31, 5:20 PM
2025-05-20T16:04:50.870+0000 [DEBUG] [jdk.event.security] X509Certificate: Alg:SHA256withRSA, Serial:3e8a5d07ec55d232d5b7e3b65f01eb2ddce4d6e4, Subject:CN=SZAFIR ROOT CA2, O=Krajowa Izba Rozliczeniowa S.A., C=PL, Issuer:CN=SZAFIR ROOT CA2, O=Krajowa Izba Rozliczeniowa S.A., C=PL, Key type:RSA, Length:2048, Cert Id:381279303, Valid from:10/19/15, 7:43 AM, Valid until:10/19/35, 7:43 AM
2025-05-20T16:04:50.870+0000 [DEBUG] [jdk.event.security] X509Certificate: Alg:SHA384withECDSA, Serial:7b71b68256b8127c9ca8, Subject:CN=emSign ECC Root CA - C3, O=eMudhra Inc, OU=emSign PKI, C=US, Issuer:CN=emSign ECC Root CA - C3, O=eMudhra Inc, OU=emSign PKI, C=US, Key type:EC, Length:384, Cert Id:-948456756, Valid from:2/18/18, 6:30 PM, Valid until:2/18/43, 6:30 PM
2025-05-20T16:04:50.870+0000 [DEBUG] [jdk.event.security] X509Certificate: Alg:SHA1withRSA, Serial:3ab6508b, Subject:CN=QuoVadis Root Certification Authority, OU=Root Certification Authority, O=QuoVadis Limited, C=BM, Issuer:CN=QuoVadis Root Certification Authority, OU=Root Certification Authority, O=QuoVadis Limited, C=BM, Key type:RSA, Length:2048, Cert Id:-1882405602, Valid from:3/19/01, 6:33 PM, Valid until:3/17/21, 6:33 PM
2025-05-20T16:04:50.871+0000 [DEBUG] [jdk.event.security] X509Certificate: Alg:SHA256withRSA, Serial:4a538c28, Subject:CN=Entrust Root Certification Authority - G2, OU="(c) 2009 Entrust, Inc. - for authorized use only", OU=See www.entrust.net/legal-terms, O="Entrust, Inc.", C=US, Issuer:CN=Entrust Root Certification Authority - G2, OU="(c) 2009 Entrust, Inc. - for authorized use only", OU=See www.entrust.net/legal-terms, O="Entrust, Inc.", C=US, Key type:RSA, Length:2048, Cert Id:1936920337, Valid from:7/7/09, 5:25 PM, Valid until:12/7/30, 5:55 PM
2025-05-20T16:04:50.871+0000 [DEBUG] [jdk.event.security] X509Certificate: Alg:SHA1withRSA, Serial:400000000010f85aa2d48, Subject:CN=Cybertrust Global Root, O="Cybertrust, Inc", Issuer:CN=Cybertrust Global Root, O="Cybertrust, Inc", Key type:RSA, Length:2048, Cert Id:2057719675, Valid from:12/15/06, 8:00 AM, Valid until:12/15/21, 8:00 AM
2025-05-20T16:04:50.871+0000 [DEBUG] [jdk.event.security] X509Certificate: Alg:SHA1withRSA, Serial:2ac5c266a0b409b8f0b79f2ae462577, Subject:CN=DigiCert High Assurance EV Root CA, OU=www.digicert.com, O=DigiCert Inc, C=US, Issuer:CN=DigiCert High Assurance EV Root CA, OU=www.digicert.com, O=DigiCert Inc, C=US, Key type:RSA, Length:2048, Cert Id:-1410680354, Valid from:11/10/06, 12:00 AM, Valid until:11/10/31, 12:00 AM
2025-05-20T16:04:50.885+0000 [DEBUG] [jdk.event.security] X509Certificate: Alg:SHA256withRSA, Serial:5f70e86da49f346352ebab2, Subject:CN=Trustwave Global Certification Authority, O="Trustwave Holdings, Inc.", L=Chicago, ST=Illinois, C=US, Issuer:CN=Trustwave Global Certification Authority, O="Trustwave Holdings, Inc.", L=Chicago, ST=Illinois, C=US, Key type:RSA, Length:4096, Cert Id:416366836, Valid from:8/23/17, 7:34 PM, Valid until:8/23/42, 7:34 PM
2025-05-20T16:04:50.885+0000 [DEBUG] [jdk.event.security] X509Certificate: Alg:SHA384withRSA, Serial:6e47a9c65ab3e720c5309a3f6852f26f, Subject:CN=GTS Root R2, O=Google Trust Services LLC, C=US, Issuer:CN=GTS Root R2, O=Google Trust Services LLC, C=US, Key type:RSA, Length:4096, Cert Id:-1151551794, Valid from:6/22/16, 12:00 AM, Valid until:6/22/36, 12:00 AM
2025-05-20T16:04:50.886+0000 [DEBUG] [jdk.event.security] X509Certificate: Alg:SHA384withECDSA, Serial:7497258ac73f7a54, Subject:CN=AffirmTrust Premium ECC, O=AffirmTrust, C=US, Issuer:CN=AffirmTrust Premium ECC, O=AffirmTrust, C=US, Key type:EC, Length:384, Cert Id:-2080363786, Valid from:1/29/10, 2:20 PM, Valid until:12/31/40, 2:20 PM
2025-05-20T16:04:50.886+0000 [DEBUG] [jdk.event.security] X509Certificate: Alg:SHA256withRSA, Serial:8165f8a4ca5ec00c99340dfc4c6ae23b81c5aa4, Subject:CN=Hongkong Post Root CA 3, O=Hongkong Post, L=Hong Kong, ST=Hong Kong, C=HK, Issuer:CN=Hongkong Post Root CA 3, O=Hongkong Post, L=Hong Kong, ST=Hong Kong, C=HK, Key type:RSA, Length:4096, Cert Id:-901951080, Valid from:6/3/17, 2:29 AM, Valid until:6/3/42, 2:29 AM
2025-05-20T16:04:50.886+0000 [DEBUG] [jdk.event.security] X509Certificate: Alg:SHA1withRSA, Serial:bb401c43f55e4fb0, Subject:CN=SwissSign Gold CA - G2, O=SwissSign AG, C=CH, Issuer:CN=SwissSign Gold CA - G2, O=SwissSign AG, C=CH, Key type:RSA, Length:4096, Cert Id:1516221943, Valid from:10/25/06, 8:30 AM, Valid until:10/25/36, 8:30 AM
2025-05-20T16:04:50.886+0000 [DEBUG] [jdk.event.security] X509Certificate: Alg:SHA1withRSA, Serial:5ec3b7a6437fa4e0, Subject:C=ES, O=ACCV, OU=PKIACCV, CN=ACCVRAIZ1, Issuer:C=ES, O=ACCV, OU=PKIACCV, CN=ACCVRAIZ1, Key type:RSA, Length:4096, Cert Id:-592111236, Valid from:5/5/11, 9:37 AM, Valid until:12/31/30, 9:37 AM
2025-05-20T16:04:50.886+0000 [DEBUG] [jdk.event.security] X509Certificate: Alg:SHA384withECDSA, Serial:66f23daf87de8bb14aea0c573101c2ec, Subject:CN=Microsoft ECC Root Certificate Authority 2017, O=Microsoft Corporation, C=US, Issuer:CN=Microsoft ECC Root Certificate Authority 2017, O=Microsoft Corporation, C=US, Key type:EC, Length:384, Cert Id:-1054206011, Valid from:12/18/19, 11:06 PM, Valid until:7/18/42, 11:16 PM
2025-05-20T16:04:50.886+0000 [DEBUG] [jdk.event.security] X509Certificate: Alg:SHA256withRSA, Serial:25a1dfca33cb5902, Subject:CN=TrustCor RootCert CA-2, OU=TrustCor Certificate Authority, O=TrustCor Systems S. de R.L., L=Panama City, ST=Panama, C=PA, Issuer:CN=TrustCor RootCert CA-2, OU=TrustCor Certificate Authority, O=TrustCor Systems S. de R.L., L=Panama City, ST=Panama, C=PA, Key type:RSA, Length:4096, Cert Id:1646661199, Valid from:2/4/16, 12:32 PM, Valid until:12/31/34, 5:26 PM
2025-05-20T16:04:50.886+0000 [DEBUG] [jdk.event.security] X509Certificate: Alg:SHA256withRSA, Serial:76b1205274f0858746b3f8231af6c2c0, Subject:CN=OISTE WISeKey Global Root GB CA, OU=OISTE Foundation Endorsed, O=WISeKey, C=CH, Issuer:CN=OISTE WISeKey Global Root GB CA, OU=OISTE Foundation Endorsed, O=WISeKey, C=CH, Key type:RSA, Length:2048, Cert Id:-613481516, Valid from:12/1/14, 3:00 PM, Valid until:12/1/39, 3:10 PM
2025-05-20T16:04:50.886+0000 [DEBUG] [jdk.event.security] X509Certificate: Alg:SHA256withRSA, Serial:aecf00bac4cf32f843b2, Subject:CN=emSign Root CA - C1, O=eMudhra Inc, OU=emSign PKI, C=US, Issuer:CN=emSign Root CA - C1, O=eMudhra Inc, OU=emSign PKI, C=US, Key type:RSA, Length:2048, Cert Id:-1268863356, Valid from:2/18/18, 6:30 PM, Valid until:2/18/43, 6:30 PM
2025-05-20T16:04:50.886+0000 [DEBUG] [jdk.event.security] X509Certificate: Alg:SHA1withRSA, Serial:57cb336fc25c16e6471617e3903168e0, Subject:CN=Network Solutions Certificate Authority, O=Network Solutions L.L.C., C=US, Issuer:CN=Network Solutions Certificate Authority, O=Network Solutions L.L.C., C=US, Key type:RSA, Length:2048, Cert Id:1751576863, Valid from:12/1/06, 12:00 AM, Valid until:12/31/29, 11:59 PM
2025-05-20T16:04:50.887+0000 [DEBUG] [jdk.event.security] X509Certificate: Alg:SHA256withECDSA, Serial:d6a5f083f285c3e5195df5d, Subject:CN=Trustwave Global ECC P256 Certification Authority, O="Trustwave Holdings, Inc.", L=Chicago, ST=Illinois, C=US, Issuer:CN=Trustwave Global ECC P256 Certification Authority, O="Trustwave Holdings, Inc.", L=Chicago, ST=Illinois, C=US, Key type:EC, Length:256, Cert Id:948272517, Valid from:8/23/17, 7:35 PM, Valid until:8/23/42, 7:35 PM
2025-05-20T16:04:50.887+0000 [DEBUG] [jdk.event.security] X509Certificate: Alg:SHA1withRSA, Serial:3863def8, Subject:CN=Entrust.net Certification Authority (2048), OU=(c) 1999 Entrust.net Limited, OU=www.entrust.net/CPS_2048 incorp. by ref. (limits liab.), O=Entrust.net, Issuer:CN=Entrust.net Certification Authority (2048), OU=(c) 1999 Entrust.net Limited, OU=www.entrust.net/CPS_2048 incorp. by ref. (limits liab.), O=Entrust.net, Key type:RSA, Length:2048, Cert Id:-328536082, Valid from:12/24/99, 5:50 PM, Valid until:7/24/29, 2:15 PM
2025-05-20T16:04:50.887+0000 [DEBUG] [jdk.event.security] X509Certificate: Alg:SHA256withECDSA, Serial:66c9fd5749736663f3b0b9ad9e89e7603f24a, Subject:CN=Amazon Root CA 3, O=Amazon, C=US, Issuer:CN=Amazon Root CA 3, O=Amazon, C=US, Key type:EC, Length:256, Cert Id:-1562287523, Valid from:5/26/15, 12:00 AM, Valid until:5/26/40, 12:00 AM
2025-05-20T16:04:50.887+0000 [DEBUG] [jdk.event.security] X509Certificate: Alg:SHA256withRSA, Serial:84822c5f1c62d040, Subject:CN=TrustCor ECA-1, OU=TrustCor Certificate Authority, O=TrustCor Systems S. de R.L., L=Panama City, ST=Panama, C=PA, Issuer:CN=TrustCor ECA-1, OU=TrustCor Certificate Authority, O=TrustCor Systems S. de R.L., L=Panama City, ST=Panama, C=PA, Key type:RSA, Length:2048, Cert Id:1382581529, Valid from:2/4/16, 12:32 PM, Valid until:12/31/29, 5:28 PM
2025-05-20T16:04:50.887+0000 [DEBUG] [jdk.event.security] X509Certificate: Alg:SHA384withRSA, Serial:45e6bb038333c3856548e6ff4551, Subject:CN=GlobalSign, O=GlobalSign, OU=GlobalSign Root CA - R6, Issuer:CN=GlobalSign, O=GlobalSign, OU=GlobalSign Root CA - R6, Key type:RSA, Length:4096, Cert Id:-506627753, Valid from:12/10/14, 12:00 AM, Valid until:12/10/34, 12:00 AM
2025-05-20T16:04:50.887+0000 [DEBUG] [jdk.event.security] X509Certificate: Alg:SHA256withRSA, Serial:a0142800000014523c844b500000002, Subject:CN=IdenTrust Commercial Root CA 1, O=IdenTrust, C=US, Issuer:CN=IdenTrust Commercial Root CA 1, O=IdenTrust, C=US, Key type:RSA, Length:4096, Cert Id:1232565210, Valid from:1/16/14, 6:12 PM, Valid until:1/16/34, 6:12 PM
2025-05-20T16:04:50.887+0000 [DEBUG] [jdk.event.security] X509Certificate: Alg:SHA1withRSA, Serial:cf08e5c0816a5ad427ff0eb271859d0, Subject:CN=SecureTrust CA, O=SecureTrust Corporation, C=US, Issuer:CN=SecureTrust CA, O=SecureTrust Corporation, C=US, Key type:RSA, Length:2048, Cert Id:2034155325, Valid from:11/7/06, 7:31 PM, Valid until:12/31/29, 7:40 PM
2025-05-20T16:04:50.887+0000 [DEBUG] [jdk.event.security] X509Certificate: Alg:SHA1withRSA, Serial:83be056904246b1a1756ac95991c74a, Subject:CN=DigiCert Global Root CA, OU=www.digicert.com, O=DigiCert Inc, C=US, Issuer:CN=DigiCert Global Root CA, OU=www.digicert.com, O=DigiCert Inc, C=US, Key type:RSA, Length:2048, Cert Id:1341898239, Valid from:11/10/06, 12:00 AM, Valid until:11/10/31, 12:00 AM
2025-05-20T16:04:50.887+0000 [DEBUG] [jdk.event.security] X509Certificate: Alg:SHA256withRSA, Serial:7777062726a9b17c, Subject:CN=AffirmTrust Commercial, O=AffirmTrust, C=US, Issuer:CN=AffirmTrust Commercial, O=AffirmTrust, C=US, Key type:RSA, Length:2048, Cert Id:630485644, Valid from:1/29/10, 2:06 PM, Valid until:12/31/30, 2:06 PM
2025-05-20T16:04:50.887+0000 [DEBUG] [jdk.event.security] X509Certificate: Alg:SHA256withECDSA, Serial:15448ef21fd97590df5040a, Subject:CN=e-Szigno Root CA 2017, OID.2.5.4.97=VATHU-23584497, O=Microsec Ltd., L=Budapest, C=HU, Issuer:CN=e-Szigno Root CA 2017, OID.2.5.4.97=VATHU-23584497, O=Microsec Ltd., L=Budapest, C=HU, Key type:EC, Length:256, Cert Id:-991173715, Valid from:8/22/17, 12:07 PM, Valid until:8/22/42, 12:07 PM
2025-05-20T16:04:50.888+0000 [DEBUG] [jdk.event.security] X509Certificate: Alg:SHA256withRSA, Serial:5ddfb1da5aa3ed5dbe5a6520650390ef, Subject:CN=UCA Global G2 Root, O=UniTrust, C=CN, Issuer:CN=UCA Global G2 Root, O=UniTrust, C=CN, Key type:RSA, Length:4096, Cert Id:1844967193, Valid from:3/11/16, 12:00 AM, Valid until:12/31/40, 12:00 AM
2025-05-20T16:04:50.888+0000 [DEBUG] [jdk.event.security] X509Certificate: Alg:SHA384withRSA, Serial:6e47a9c54b470c0dec33d089b91cf4e1, Subject:CN=GTS Root R1, O=Google Trust Services LLC, C=US, Issuer:CN=GTS Root R1, O=Google Trust Services LLC, C=US, Key type:RSA, Length:4096, Cert Id:-1684052905, Valid from:6/22/16, 12:00 AM, Valid until:6/22/36, 12:00 AM
2025-05-20T16:04:50.888+0000 [DEBUG] [jdk.event.security] X509Certificate: Alg:SHA1withRSA, Serial:50946cec18ead59c4dd597ef758fa0ad, Subject:CN=XRamp Global Certification Authority, O=XRamp Security Services Inc, OU=www.xrampsecurity.com, C=US, Issuer:CN=XRamp Global Certification Authority, O=XRamp Security Services Inc, OU=www.xrampsecurity.com, C=US, Key type:RSA, Length:2048, Cert Id:-952474086, Valid from:11/1/04, 5:14 PM, Valid until:1/1/35, 5:37 AM
2025-05-20T16:04:50.888+0000 [DEBUG] [jdk.event.security] X509Certificate: Alg:SHA256withECDSA, Serial:75e6dfcbc1685ba8, Subject:CN=SSL.com Root Certification Authority ECC, O=SSL Corporation, L=Houston, ST=Texas, C=US, Issuer:CN=SSL.com Root Certification Authority ECC, O=SSL Corporation, L=Houston, ST=Texas, C=US, Key type:EC, Length:384, Cert Id:-1368293613, Valid from:2/12/16, 6:14 PM, Valid until:2/12/41, 6:14 PM
2025-05-20T16:04:50.888+0000 [DEBUG] [jdk.event.security] X509Certificate: Alg:SHA256withRSA, Serial:92b888dbb08ac163, Subject:CN=CA Disig Root R2, O=Disig a.s., L=Bratislava, C=SK, Issuer:CN=CA Disig Root R2, O=Disig a.s., L=Bratislava, C=SK, Key type:RSA, Length:4096, Cert Id:747175721, Valid from:7/19/12, 9:15 AM, Valid until:7/19/42, 9:15 AM
2025-05-20T16:04:50.888+0000 [DEBUG] [jdk.event.security] X509Certificate: Alg:SHA1withRSA, Serial:5c6, Subject:CN=QuoVadis Root CA 3, O=QuoVadis Limited, C=BM, Issuer:CN=QuoVadis Root CA 3, O=QuoVadis Limited, C=BM, Key type:RSA, Length:4096, Cert Id:1470392860, Valid from:11/24/06, 7:11 PM, Valid until:11/24/31, 7:06 PM
2025-05-20T16:04:50.888+0000 [DEBUG] [jdk.event.security] X509Certificate: Alg:SHA1withRSA, Serial:0, Subject:OU=Starfield Class 2 Certification Authority, O="Starfield Technologies, Inc.", C=US, Issuer:OU=Starfield Class 2 Certification Authority, O="Starfield Technologies, Inc.", C=US, Key type:RSA, Length:2048, Cert Id:1825617644, Valid from:6/29/04, 5:39 PM, Valid until:6/29/34, 5:39 PM
2025-05-20T16:04:50.888+0000 [DEBUG] [jdk.event.security] X509Certificate: Alg:SHA256withRSA, Serial:da9bec71f303b019, Subject:CN=TrustCor RootCert CA-1, OU=TrustCor Certificate Authority, O=TrustCor Systems S. de R.L., L=Panama City, ST=Panama, C=PA, Issuer:CN=TrustCor RootCert CA-1, OU=TrustCor Certificate Authority, O=TrustCor Systems S. de R.L., L=Panama City, ST=Panama, C=PA, Key type:RSA, Length:2048, Cert Id:1332877130, Valid from:2/4/16, 12:32 PM, Valid until:12/31/29, 5:23 PM
2025-05-20T16:04:50.888+0000 [DEBUG] [jdk.event.security] X509Certificate: Alg:SHA256withRSA, Serial:0, Subject:CN=Starfield Services Root Certificate Authority - G2, O="Starfield Technologies, Inc.", L=Scottsdale, ST=Arizona, C=US, Issuer:CN=Starfield Services Root Certificate Authority - G2, O="Starfield Technologies, Inc.", L=Scottsdale, ST=Arizona, C=US, Key type:RSA, Length:2048, Cert Id:1964785574, Valid from:9/1/09, 12:00 AM, Valid until:12/31/37, 11:59 PM
2025-05-20T16:04:50.888+0000 [DEBUG] [jdk.event.security] X509Certificate: Alg:SHA1withRSA, Serial:456b5054, Subject:CN=Entrust Root Certification Authority, OU="(c) 2006 Entrust, Inc.", OU=www.entrust.net/CPS is incorporated by reference, O="Entrust, Inc.", C=US, Issuer:CN=Entrust Root Certification Authority, OU="(c) 2006 Entrust, Inc.", OU=www.entrust.net/CPS is incorporated by reference, O="Entrust, Inc.", C=US, Key type:RSA, Length:2048, Cert Id:-1261404096, Valid from:11/27/06, 8:23 PM, Valid until:11/27/26, 8:53 PM
2025-05-20T16:04:50.889+0000 [DEBUG] [jdk.event.security] X509Certificate: Alg:SHA256withRSA, Serial:110034b64ec6362d36, Subject:OU=certSIGN ROOT CA G2, O=CERTSIGN SA, C=RO, Issuer:OU=certSIGN ROOT CA G2, O=CERTSIGN SA, C=RO, Key type:RSA, Length:4096, Cert Id:-2113880430, Valid from:2/6/17, 9:27 AM, Valid until:2/6/42, 9:27 AM
2025-05-20T16:04:50.889+0000 [DEBUG] [jdk.event.security] X509Certificate: Alg:SHA256withRSA, Serial:5c33cb622c5fb332, Subject:C=DE, O=Atos, CN=Atos TrustedRoot 2011, Issuer:C=DE, O=Atos, CN=Atos TrustedRoot 2011, Key type:RSA, Length:2048, Cert Id:-28528624, Valid from:7/7/11, 2:58 PM, Valid until:12/31/30, 11:59 PM
2025-05-20T16:04:50.889+0000 [DEBUG] [jdk.event.security] X509Certificate: Alg:SHA1withRSA, Serial:44afb080d6a327ba893039862ef8406b, Subject:CN=DST Root CA X3, O=Digital Signature Trust Co., Issuer:CN=DST Root CA X3, O=Digital Signature Trust Co., Key type:RSA, Length:2048, Cert Id:1007302312, Valid from:9/30/00, 9:12 PM, Valid until:9/30/21, 2:01 PM
2025-05-20T16:04:50.889+0000 [DEBUG] [jdk.event.security] X509Certificate: Alg:SHA384withRSA, Serial:66c9fd29635869f0a0fe58678f85b26bb8a37, Subject:CN=Amazon Root CA 2, O=Amazon, C=US, Issuer:CN=Amazon Root CA 2, O=Amazon, C=US, Key type:RSA, Length:4096, Cert Id:-1766132388, Valid from:5/26/15, 12:00 AM, Valid until:5/26/40, 12:00 AM
2025-05-20T16:04:50.889+0000 [DEBUG] [jdk.event.security] X509Certificate: Alg:SHA256withRSA, Serial:1, Subject:CN=T-TeleSec GlobalRoot Class 3, OU=T-Systems Trust Center, O=T-Systems Enterprise Services GmbH, C=DE, Issuer:CN=T-TeleSec GlobalRoot Class 3, OU=T-Systems Trust Center, O=T-Systems Enterprise Services GmbH, C=DE, Key type:RSA, Length:2048, Cert Id:1894096264, Valid from:10/1/08, 10:29 AM, Valid until:10/1/33, 11:59 PM
2025-05-20T16:04:50.890+0000 [DEBUG] [jdk.event.security] X509Certificate: Alg:SHA1withRSA, Serial:ce7e0e517d846fe8fe560fc1bf03039, Subject:CN=DigiCert Assured ID Root CA, OU=www.digicert.com, O=DigiCert Inc, C=US, Issuer:CN=DigiCert Assured ID Root CA, OU=www.digicert.com, O=DigiCert Inc, C=US, Key type:RSA, Length:2048, Cert Id:-860404528, Valid from:11/10/06, 12:00 AM, Valid until:11/10/31, 12:00 AM
2025-05-20T16:04:50.890+0000 [DEBUG] [jdk.event.security] X509Certificate: Alg:SHA384withRSA, Serial:194301ea20bddf5c5332ab1434471f8d6504d0d, Subject:CN=NAVER Global Root Certification Authority, O=NAVER BUSINESS PLATFORM Corp., C=KR, Issuer:CN=NAVER Global Root Certification Authority, O=NAVER BUSINESS PLATFORM Corp., C=KR, Key type:RSA, Length:4096, Cert Id:1777546867, Valid from:8/18/17, 8:58 AM, Valid until:8/18/37, 11:59 PM
2025-05-20T16:04:50.890+0000 [DEBUG] [jdk.event.security] X509Certificate: Alg:SHA1withRSA, Serial:fedce3010fc948ff, Subject:CN=Certigna, O=Dhimyotis, C=FR, Issuer:CN=Certigna, O=Dhimyotis, C=FR, Key type:RSA, Length:2048, Cert Id:-788091456, Valid from:6/29/07, 3:13 PM, Valid until:6/29/27, 3:13 PM
2025-05-20T16:04:50.890+0000 [DEBUG] [jdk.event.security] X509Certificate: Alg:SHA1withRSA, Serial:c9cdd3e9d57d23ce, Subject:CN=Global Chambersign Root - 2008, O=AC Camerfirma S.A., SERIALNUMBER=A82743287, L=Madrid (see current address at www.camerfirma.com/address), C=EU, Issuer:CN=Global Chambersign Root - 2008, O=AC Camerfirma S.A., SERIALNUMBER=A82743287, L=Madrid (see current address at www.camerfirma.com/address), C=EU, Key type:RSA, Length:4096, Cert Id:1271252776, Valid from:8/1/08, 12:31 PM, Valid until:7/31/38, 12:31 PM
2025-05-20T16:04:50.890+0000 [DEBUG] [jdk.event.security] X509Certificate: Alg:SHA256withRSA, Serial:6a683e9c519bcb53, Subject:CN=E-Tugra Certification Authority, OU=E-Tugra Sertifikasyon Merkezi, O=E-Tu?ra EBG Bili?im Teknolojileri ve Hizmetleri A.?., L=Ankara, C=TR, Issuer:CN=E-Tugra Certification Authority, OU=E-Tugra Sertifikasyon Merkezi, O=E-Tu?ra EBG Bili?im Teknolojileri ve Hizmetleri A.?., L=Ankara, C=TR, Key type:RSA, Length:4096, Cert Id:-673382379, Valid from:3/5/13, 12:09 PM, Valid until:3/3/23, 12:09 PM
2025-05-20T16:04:50.891+0000 [DEBUG] [jdk.event.security] X509Certificate: Alg:SHA1withRSA, Serial:0, Subject:CN=Hellenic Academic and Research Institutions RootCA 2011, O=Hellenic Academic and Research Institutions Cert. Authority, C=GR, Issuer:CN=Hellenic Academic and Research Institutions RootCA 2011, O=Hellenic Academic and Research Institutions Cert. Authority, C=GR, Key type:RSA, Length:2048, Cert Id:-1841489473, Valid from:12/6/11, 1:49 PM, Valid until:12/1/31, 1:49 PM
2025-05-20T16:04:50.891+0000 [DEBUG] [jdk.event.security] X509Certificate: Alg:SHA256withRSA, Serial:2, Subject:CN=Buypass Class 2 Root CA, O=Buypass AS-983163327, C=NO, Issuer:CN=Buypass Class 2 Root CA, O=Buypass AS-983163327, C=NO, Key type:RSA, Length:4096, Cert Id:969960563, Valid from:10/26/10, 8:38 AM, Valid until:10/26/40, 8:38 AM
2025-05-20T16:04:50.891+0000 [DEBUG] [jdk.event.security] X509Certificate: Alg:SHA256withRSA, Serial:78585f2ead2c194be3370735341328b596d46593, Subject:CN=QuoVadis Root CA 1 G3, O=QuoVadis Limited, C=BM, Issuer:CN=QuoVadis Root CA 1 G3, O=QuoVadis Limited, C=BM, Key type:RSA, Length:4096, Cert Id:-762436034, Valid from:1/12/12, 5:27 PM, Valid until:1/12/42, 5:27 PM
2025-05-20T16:04:50.891+0000 [DEBUG] [jdk.event.security] X509Certificate: Alg:SHA256withRSA, Serial:98968d, Subject:CN=Staat der Nederlanden EV Root CA, O=Staat der Nederlanden, C=NL, Issuer:CN=Staat der Nederlanden EV Root CA, O=Staat der Nederlanden, C=NL, Key type:RSA, Length:4096, Cert Id:1444801426, Valid from:12/8/10, 11:19 AM, Valid until:12/8/22, 11:10 AM
2025-05-20T16:04:50.891+0000 [DEBUG] [jdk.event.security] X509Certificate: Alg:SHA256withRSA, Serial:2ef59b0228a7db7affd5a3a9eebd03a0cf126a1d, Subject:CN=QuoVadis Root CA 3 G3, O=QuoVadis Limited, C=BM, Issuer:CN=QuoVadis Root CA 3 G3, O=QuoVadis Limited, C=BM, Key type:RSA, Length:4096, Cert Id:-705622991, Valid from:1/12/12, 8:26 PM, Valid until:1/12/42, 8:26 PM
2025-05-20T16:04:50.891+0000 [DEBUG] [jdk.event.security] X509Certificate: Alg:SHA1withRSA, Serial:1d, Subject:CN=Sonera Class2 CA, O=Sonera, C=FI, Issuer:CN=Sonera Class2 CA, O=Sonera, C=FI, Key type:RSA, Length:2048, Cert Id:-572101437, Valid from:4/6/01, 7:29 AM, Valid until:4/6/21, 7:29 AM
2025-05-20T16:04:50.892+0000 [DEBUG] [jdk.event.security] X509Certificate: Alg:SHA1withRSA, Serial:-11d4c2142bde21eb579d53fb0c223bff, Subject:CN=EC-ACC, OU=Jerarquia Entitats de Certificacio Catalanes, OU=Vegeu https://www.catcert.net/verarrel (c)03, OU=Serveis Publics de Certificacio, O=Agencia Catalana de Certificacio (NIF Q-0801176-I), C=ES, Issuer:CN=EC-ACC, OU=Jerarquia Entitats de Certificacio Catalanes, OU=Vegeu https://www.catcert.net/verarrel (c)03, OU=Serveis Publics de Certificacio, O=Agencia Catalana de Certificacio (NIF Q-0801176-I), C=ES, Key type:RSA, Length:2048, Cert Id:1077306647, Valid from:1/7/03, 11:00 PM, Valid until:1/7/31, 10:59 PM
2025-05-20T16:04:50.892+0000 [DEBUG] [jdk.event.security] X509Certificate: Alg:SHA256withRSA, Serial:401ac46421b31321030ebbe4121ac51d, Subject:CN=VeriSign Universal Root Certification Authority, OU="(c) 2008 VeriSign, Inc. - For authorized use only", OU=VeriSign Trust Network, O="VeriSign, Inc.", C=US, Issuer:CN=VeriSign Universal Root Certification Authority, OU="(c) 2008 VeriSign, Inc. - For authorized use only", OU=VeriSign Trust Network, O="VeriSign, Inc.", C=US, Key type:RSA, Length:2048, Cert Id:-1976681486, Valid from:4/2/08, 12:00 AM, Valid until:12/1/37, 11:59 PM
2025-05-20T16:04:50.892+0000 [DEBUG] [jdk.event.security] X509Certificate: Alg:SHA384withRSA, Serial:1fd6d30fca3ca51a81bbc640e35032d, Subject:CN=USERTrust RSA Certification Authority, O=The USERTRUST Network, L=Jersey City, ST=New Jersey, C=US, Issuer:CN=USERTrust RSA Certification Authority, O=The USERTRUST Network, L=Jersey City, ST=New Jersey, C=US, Key type:RSA, Length:4096, Cert Id:-347365895, Valid from:2/1/10, 12:00 AM, Valid until:1/18/38, 11:59 PM
2025-05-20T16:04:50.892+0000 [DEBUG] [jdk.event.security] X509Certificate: Alg:SHA1withRSA, Serial:4e812d8a8265e00b02ee3e350246e53d, Subject:CN=COMODO Certification Authority, O=COMODO CA Limited, L=Salford, ST=Greater Manchester, C=GB, Issuer:CN=COMODO Certification Authority, O=COMODO CA Limited, L=Salford, ST=Greater Manchester, C=GB, Key type:RSA, Length:2048, Cert Id:904304908, Valid from:12/1/06, 12:00 AM, Valid until:12/31/29, 11:59 PM
2025-05-20T16:04:50.892+0000 [DEBUG] [jdk.event.security] X509Certificate: Alg:SHA256withRSA, Serial:49412ce40010, Subject:CN=NetLock Arany (Class Gold) F?tan?s?tv?ny, OU=Tan?s?tv?nykiad?k (Certification Services), O=NetLock Kft., L=Budapest, C=HU, Issuer:CN=NetLock Arany (Class Gold) F?tan?s?tv?ny, OU=Tan?s?tv?nykiad?k (Certification Services), O=NetLock Kft., L=Budapest, C=HU, Key type:RSA, Length:2048, Cert Id:58541246, Valid from:12/11/08, 3:08 PM, Valid until:12/6/28, 3:08 PM
2025-05-20T16:04:50.892+0000 [DEBUG] [jdk.event.security] X509Certificate: Alg:SHA384withECDSA, Serial:a68b79290000000050d091f9, Subject:CN=Entrust Root Certification Authority - EC1, OU="(c) 2012 Entrust, Inc. - for authorized use only", OU=See www.entrust.net/legal-terms, O="Entrust, Inc.", C=US, Issuer:CN=Entrust Root Certification Authority - EC1, OU="(c) 2012 Entrust, Inc. - for authorized use only", OU=See www.entrust.net/legal-terms, O="Entrust, Inc.", C=US, Key type:EC, Length:384, Cert Id:924514073, Valid from:12/18/12, 3:25 PM, Valid until:12/18/37, 3:55 PM
2025-05-20T16:04:50.893+0000 [DEBUG] [jdk.event.security] X509Certificate: Alg:SHA1withRSA, Serial:3e8, Subject:CN=Hongkong Post Root CA 1, O=Hongkong Post, C=HK, Issuer:CN=Hongkong Post Root CA 1, O=Hongkong Post, C=HK, Key type:RSA, Length:2048, Cert Id:-1426826250, Valid from:5/15/03, 5:13 AM, Valid until:5/15/23, 4:52 AM
2025-05-20T16:04:50.893+0000 [DEBUG] [jdk.event.security] X509Certificate: Alg:SHA1withRSA, Serial:1, Subject:CN=TWCA Root Certification Authority, OU=Root CA, O=TAIWAN-CA, C=TW, Issuer:CN=TWCA Root Certification Authority, OU=Root CA, O=TAIWAN-CA, C=TW, Key type:RSA, Length:2048, Cert Id:-1642094263, Valid from:8/28/08, 7:24 AM, Valid until:12/31/30, 3:59 PM
2025-05-20T16:04:50.893+0000 [DEBUG] [jdk.event.security] X509Certificate: Alg:SHA384withECDSA, Serial:5c8b99c55a94c5d27156decd8980cc26, Subject:CN=USERTrust ECC Certification Authority, O=The USERTRUST Network, L=Jersey City, ST=New Jersey, C=US, Issuer:CN=USERTrust ECC Certification Authority, O=The USERTRUST Network, L=Jersey City, ST=New Jersey, C=US, Key type:EC, Length:384, Cert Id:-965679910, Valid from:2/1/10, 12:00 AM, Valid until:1/18/38, 11:59 PM
2025-05-20T16:04:50.893+0000 [DEBUG] [jdk.event.security] X509Certificate: Alg:SHA256withRSA, Serial:0, Subject:CN=Starfield Root Certificate Authority - G2, O="Starfield Technologies, Inc.", L=Scottsdale, ST=Arizona, C=US, Issuer:CN=Starfield Root Certificate Authority - G2, O="Starfield Technologies, Inc.", L=Scottsdale, ST=Arizona, C=US, Key type:RSA, Length:2048, Cert Id:-1026641587, Valid from:9/1/09, 12:00 AM, Valid until:12/31/37, 11:59 PM
2025-05-20T16:04:50.893+0000 [DEBUG] [jdk.event.security] X509Certificate: Alg:SHA384withECDSA, Serial:3cb2f4480a00e2feeb243b5e603ec36b, Subject:CN=GeoTrust Primary Certification Authority - G2, OU=(c) 2007 GeoTrust Inc. - For authorized use only, O=GeoTrust Inc., C=US, Issuer:CN=GeoTrust Primary Certification Authority - G2, OU=(c) 2007 GeoTrust Inc. - For authorized use only, O=GeoTrust Inc., C=US, Key type:EC, Length:384, Cert Id:-1114303822, Valid from:11/5/07, 12:00 AM, Valid until:1/18/38, 11:59 PM
2025-05-20T16:04:50.894+0000 [DEBUG] [jdk.event.security] X509Certificate: Alg:SHA1withRSA, Serial:509, Subject:CN=QuoVadis Root CA 2, O=QuoVadis Limited, C=BM, Issuer:CN=QuoVadis Root CA 2, O=QuoVadis Limited, C=BM, Key type:RSA, Length:4096, Cert Id:338250116, Valid from:11/24/06, 6:27 PM, Valid until:11/24/31, 6:23 PM
2025-05-20T16:04:50.894+0000 [DEBUG] [jdk.event.security] X509Certificate: Alg:SHA1withRSA, Serial:444c0, Subject:CN=Certum Trusted Network CA, OU=Certum Certification Authority, O=Unizeto Technologies S.A., C=PL, Issuer:CN=Certum Trusted Network CA, OU=Certum Certification Authority, O=Unizeto Technologies S.A., C=PL, Key type:RSA, Length:2048, Cert Id:2014002193, Valid from:10/22/08, 12:07 PM, Valid until:12/31/29, 12:07 PM
2025-05-20T16:04:50.895+0000 [DEBUG] [jdk.event.security] X509Certificate: Alg:SHA256withRSA, Serial:c27e43044e473f19, Subject:EMAILADDRESS=info@e-szigno.hu, CN=Microsec e-Szigno Root CA 2009, O=Microsec Ltd., L=Budapest, C=HU, Issuer:EMAILADDRESS=info@e-szigno.hu, CN=Microsec e-Szigno Root CA 2009, O=Microsec Ltd., L=Budapest, C=HU, Key type:RSA, Length:2048, Cert Id:-1903950012, Valid from:6/16/09, 11:30 AM, Valid until:12/30/29, 11:30 AM
2025-05-20T16:04:50.895+0000 [DEBUG] [jdk.event.security] X509Certificate: Alg:SHA1withRSA, Serial:95be16a0f72e46f17b398272fa8bcd96, Subject:CN=TeliaSonera Root CA v1, O=TeliaSonera, Issuer:CN=TeliaSonera Root CA v1, O=TeliaSonera, Key type:RSA, Length:4096, Cert Id:1495358374, Valid from:10/18/07, 12:00 PM, Valid until:10/18/32, 12:00 PM
2025-05-20T16:04:50.895+0000 [DEBUG] [jdk.event.security] X509Certificate: Alg:SHA384withECDSA, Serial:605949e0262ebb55f90a778a71f94ad86c, Subject:CN=GlobalSign, O=GlobalSign, OU=GlobalSign ECC Root CA - R5, Issuer:CN=GlobalSign, O=GlobalSign, OU=GlobalSign ECC Root CA - R5, Key type:EC, Length:384, Cert Id:1997048439, Valid from:11/13/12, 12:00 AM, Valid until:1/19/38, 3:14 AM
2025-05-20T16:04:50.895+0000 [DEBUG] [jdk.event.security] X509Certificate: Alg:SHA384withECDSA, Serial:55556bcf25ea43535c3a40fd5ab4572, Subject:CN=DigiCert Global Root G3, OU=www.digicert.com, O=DigiCert Inc, C=US, Issuer:CN=DigiCert Global Root G3, OU=www.digicert.com, O=DigiCert Inc, C=US, Key type:EC, Length:384, Cert Id:-795968543, Valid from:8/1/13, 12:00 PM, Valid until:1/15/38, 12:00 PM
2025-05-20T16:04:50.895+0000 [DEBUG] [jdk.event.security] X509Certificate: Alg:SHA256withRSA, Serial:66c9fcf99bf8c0a39e2f0788a43e696365bca, Subject:CN=Amazon Root CA 1, O=Amazon, C=US, Issuer:CN=Amazon Root CA 1, O=Amazon, C=US, Key type:RSA, Length:2048, Cert Id:-1472444962, Valid from:5/26/15, 12:00 AM, Valid until:1/17/38, 12:00 AM
2025-05-20T16:04:50.895+0000 [DEBUG] [jdk.event.security] X509Certificate: Alg:SHA256withRSA, Serial:983f4, Subject:CN=D-TRUST Root Class 3 CA 2 EV 2009, O=D-Trust GmbH, C=DE, Issuer:CN=D-TRUST Root Class 3 CA 2 EV 2009, O=D-Trust GmbH, C=DE, Key type:RSA, Length:2048, Cert Id:971313728, Valid from:11/5/09, 8:50 AM, Valid until:11/5/29, 8:50 AM
2025-05-20T16:04:50.895+0000 [DEBUG] [jdk.event.security] X509Certificate: Alg:SHA256withRSA, Serial:1, Subject:CN=T-TeleSec GlobalRoot Class 2, OU=T-Systems Trust Center, O=T-Systems Enterprise Services GmbH, C=DE, Issuer:CN=T-TeleSec GlobalRoot Class 2, OU=T-Systems Trust Center, O=T-Systems Enterprise Services GmbH, C=DE, Key type:RSA, Length:2048, Cert Id:-1238464039, Valid from:10/1/08, 10:40 AM, Valid until:10/1/33, 11:59 PM
2025-05-20T16:04:50.895+0000 [DEBUG] [jdk.event.security] X509Certificate: Alg:SHA384withECDSA, Serial:8bd85976c9927a48068473b, Subject:CN=Trustwave Global ECC P384 Certification Authority, O="Trustwave Holdings, Inc.", L=Chicago, ST=Illinois, C=US, Issuer:CN=Trustwave Global ECC P384 Certification Authority, O="Trustwave Holdings, Inc.", L=Chicago, ST=Illinois, C=US, Key type:EC, Length:384, Cert Id:-1993924923, Valid from:8/23/17, 7:36 PM, Valid until:8/23/42, 7:36 PM
2025-05-20T16:04:50.896+0000 [DEBUG] [jdk.event.security] X509Certificate: Alg:SHA384withECDSA, Serial:212a560caeda0cab4045bf2ba22d3aea, Subject:CN=OISTE WISeKey Global Root GC CA, OU=OISTE Foundation Endorsed, O=WISeKey, C=CH, Issuer:CN=OISTE WISeKey Global Root GC CA, OU=OISTE Foundation Endorsed, O=WISeKey, C=CH, Key type:EC, Length:384, Cert Id:-1513165457, Valid from:5/9/17, 9:48 AM, Valid until:5/9/42, 9:58 AM
2025-05-20T16:04:50.896+0000 [DEBUG] [jdk.event.security] X509Certificate: Alg:SHA1withRSA, Serial:1, Subject:CN=SecureSign RootCA11, O="Japan Certification Services, Inc.", C=JP, Issuer:CN=SecureSign RootCA11, O="Japan Certification Services, Inc.", C=JP, Key type:RSA, Length:2048, Cert Id:2079057034, Valid from:4/8/09, 4:56 AM, Valid until:4/8/29, 4:56 AM
2025-05-20T16:04:50.896+0000 [DEBUG] [jdk.event.security] X509Certificate: Alg:SHA256withRSA, Serial:184accd6, Subject:CN=CFCA EV ROOT, O=China Financial Certification Authority, C=CN, Issuer:CN=CFCA EV ROOT, O=China Financial Certification Authority, C=CN, Key type:RSA, Length:4096, Cert Id:551407782, Valid from:8/8/12, 3:07 AM, Valid until:12/31/29, 3:07 AM
2025-05-20T16:04:50.896+0000 [DEBUG] [jdk.event.security] X509Certificate: Alg:SHA512withRSA, Serial:21d6d04a4f250fc93237fcaa5e128de9, Subject:CN=Certum Trusted Network CA 2, OU=Certum Certification Authority, O=Unizeto Technologies S.A., C=PL, Issuer:CN=Certum Trusted Network CA 2, OU=Certum Certification Authority, O=Unizeto Technologies S.A., C=PL, Key type:RSA, Length:4096, Cert Id:1983350452, Valid from:10/6/11, 8:39 AM, Valid until:10/6/46, 8:39 AM
2025-05-20T16:04:50.896+0000 [DEBUG] [jdk.event.security] X509Certificate: Alg:SHA256withRSA, Serial:983f3, Subject:CN=D-TRUST Root Class 3 CA 2 2009, O=D-Trust GmbH, C=DE, Issuer:CN=D-TRUST Root Class 3 CA 2 2009, O=D-Trust GmbH, C=DE, Key type:RSA, Length:2048, Cert Id:1430153102, Valid from:11/5/09, 8:35 AM, Valid until:11/5/29, 8:35 AM
2025-05-20T16:04:50.896+0000 [DEBUG] [jdk.event.security] X509Certificate: Alg:SHA256withRSA, Serial:7d0997fef047ea7a, Subject:CN=GDCA TrustAUTH R5 ROOT, O="GUANG DONG CERTIFICATE AUTHORITY CO.,LTD.", C=CN, Issuer:CN=GDCA TrustAUTH R5 ROOT, O="GUANG DONG CERTIFICATE AUTHORITY CO.,LTD.", C=CN, Key type:RSA, Length:4096, Cert Id:494136981, Valid from:11/26/14, 5:13 AM, Valid until:12/31/40, 3:59 PM
2025-05-20T16:04:50.896+0000 [DEBUG] [jdk.event.security] X509Certificate: Alg:SHA256withRSA, Serial:98a239, Subject:CN=Staat der Nederlanden Root CA - G3, O=Staat der Nederlanden, C=NL, Issuer:CN=Staat der Nederlanden Root CA - G3, O=Staat der Nederlanden, C=NL, Key type:RSA, Length:4096, Cert Id:-1733470677, Valid from:11/14/13, 11:28 AM, Valid until:11/13/28, 11:00 PM
2025-05-20T16:04:50.896+0000 [DEBUG] [jdk.event.security] X509Certificate: Alg:SHA256withRSA, Serial:0, Subject:CN=Hellenic Academic and Research Institutions RootCA 2015, O=Hellenic Academic and Research Institutions Cert. Authority, L=Athens, C=GR, Issuer:CN=Hellenic Academic and Research Institutions RootCA 2015, O=Hellenic Academic and Research Institutions Cert. Authority, L=Athens, C=GR, Key type:RSA, Length:4096, Cert Id:-802976731, Valid from:7/7/15, 10:11 AM, Valid until:6/30/40, 10:11 AM
2025-05-20T16:04:50.896+0000 [DEBUG] [jdk.event.security] X509Certificate: Alg:SHA384withRSA, Serial:1ed397095fd8b4b347701eaabe7f45b3, Subject:CN=Microsoft RSA Root Certificate Authority 2017, O=Microsoft Corporation, C=US, Issuer:CN=Microsoft RSA Root Certificate Authority 2017, O=Microsoft Corporation, C=US, Key type:RSA, Length:4096, Cert Id:-1446618248, Valid from:12/18/19, 10:51 PM, Valid until:7/18/42, 11:00 PM
2025-05-20T16:04:50.896+0000 [DEBUG] [jdk.event.security] X509Certificate: Alg:SHA384withECDSA, Serial:ba15afa1ddfa0b54944afcd24a06cec, Subject:CN=DigiCert Assured ID Root G3, OU=www.digicert.com, O=DigiCert Inc, C=US, Issuer:CN=DigiCert Assured ID Root G3, OU=www.digicert.com, O=DigiCert Inc, C=US, Key type:EC, Length:384, Cert Id:-645537245, Valid from:8/1/13, 12:00 PM, Valid until:1/15/38, 12:00 PM
2025-05-20T16:04:50.896+0000 [DEBUG] [jdk.event.security] X509Certificate: Alg:SHA256withRSA, Serial:570a119742c4e3cc, Subject:CN=Actalis Authentication Root CA, O=Actalis S.p.A./03358520967, L=Milan, C=IT, Issuer:CN=Actalis Authentication Root CA, O=Actalis S.p.A./03358520967, L=Milan, C=IT, Key type:RSA, Length:4096, Cert Id:1729119956, Valid from:9/22/11, 11:22 AM, Valid until:9/22/30, 11:22 AM
2025-05-20T16:04:50.896+0000 [DEBUG] [jdk.event.security] X509Certificate: Alg:SHA1withRSA, Serial:4f1bd42f54bb2f4b, Subject:CN=SwissSign Silver CA - G2, O=SwissSign AG, C=CH, Issuer:CN=SwissSign Silver CA - G2, O=SwissSign AG, C=CH, Key type:RSA, Length:4096, Cert Id:126726124, Valid from:10/25/06, 8:32 AM, Valid until:10/25/36, 8:32 AM
2025-05-20T16:04:50.896+0000 [DEBUG] [jdk.event.security] X509Certificate: Alg:SHA384withRSA, Serial:59b1b579e8e2132e23907bda777755c, Subject:CN=DigiCert Trusted Root G4, OU=www.digicert.com, O=DigiCert Inc, C=US, Issuer:CN=DigiCert Trusted Root G4, OU=www.digicert.com, O=DigiCert Inc, C=US, Key type:RSA, Length:4096, Cert Id:1057369358, Valid from:8/1/13, 12:00 PM, Valid until:1/15/38, 12:00 PM
2025-05-20T16:04:50.897+0000 [DEBUG] [jdk.event.security] X509Certificate: Alg:SHA1withRSA, Serial:40000000001154b5ac394, Subject:CN=GlobalSign Root CA, OU=Root CA, O=GlobalSign nv-sa, C=BE, Issuer:CN=GlobalSign Root CA, OU=Root CA, O=GlobalSign nv-sa, C=BE, Key type:RSA, Length:2048, Cert Id:536948034, Valid from:9/1/98, 12:00 PM, Valid until:1/28/28, 12:00 PM
2025-05-20T16:04:50.897+0000 [DEBUG] [jdk.event.security] X509Certificate: Alg:SHA256withRSA, Serial:d9b5437fafa9390f000000005565ad58, Subject:CN=Entrust Root Certification Authority - G4, OU="(c) 2015 Entrust, Inc. - for authorized use only", OU=See www.entrust.net/legal-terms, O="Entrust, Inc.", C=US, Issuer:CN=Entrust Root Certification Authority - G4, OU="(c) 2015 Entrust, Inc. - for authorized use only", OU=See www.entrust.net/legal-terms, O="Entrust, Inc.", C=US, Key type:RSA, Length:4096, Cert Id:1368037548, Valid from:5/27/15, 11:11 AM, Valid until:12/27/37, 11:41 AM
2025-05-20T16:04:50.897+0000 [DEBUG] [jdk.event.security] X509Certificate: Alg:SHA384withECDSA, Serial:3cf607a968700eda8b84, Subject:CN=emSign ECC Root CA - G3, O=eMudhra Technologies Limited, OU=emSign PKI, C=IN, Issuer:CN=emSign ECC Root CA - G3, O=eMudhra Technologies Limited, OU=emSign PKI, C=IN, Key type:EC, Length:384, Cert Id:-462931589, Valid from:2/18/18, 6:30 PM, Valid until:2/18/43, 6:30 PM
2025-05-20T16:04:50.897+0000 [DEBUG] [jdk.event.security] X509Certificate: Alg:SHA384withECDSA, Serial:6e47a9c88b94b6e8bb3b2ad8a2b2c199, Subject:CN=GTS Root R4, O=Google Trust Services LLC, C=US, Issuer:CN=GTS Root R4, O=Google Trust Services LLC, C=US, Key type:EC, Length:384, Cert Id:-1824562466, Valid from:6/22/16, 12:00 AM, Valid until:6/22/36, 12:00 AM
2025-05-20T16:04:50.897+0000 [DEBUG] [jdk.event.security] X509Certificate: Alg:SHA1withRSA, Serial:7c4f04391cd4992d, Subject:CN=AffirmTrust Networking, O=AffirmTrust, C=US, Issuer:CN=AffirmTrust Networking, O=AffirmTrust, C=US, Key type:RSA, Length:2048, Cert Id:651670175, Valid from:1/29/10, 2:08 PM, Valid until:12/31/30, 2:08 PM
2025-05-20T16:04:50.898+0000 [DEBUG] [jdk.event.security] X509Certificate: Alg:SHA256withRSA, Serial:56b629cd34bc78f6, Subject:CN=SSL.com EV Root Certification Authority RSA R2, O=SSL Corporation, L=Houston, ST=Texas, C=US, Issuer:CN=SSL.com EV Root Certification Authority RSA R2, O=SSL Corporation, L=Houston, ST=Texas, C=US, Key type:RSA, Length:4096, Cert Id:1381862403, Valid from:5/31/17, 6:14 PM, Valid until:5/30/42, 6:14 PM
2025-05-20T16:04:50.898+0000 [DEBUG] [jdk.event.security] X509Certificate: Alg:SHA256withRSA, Serial:4fd22b8ff564c8339e4f345866237060, Subject:CN=UCA Extended Validation Root, O=UniTrust, C=CN, Issuer:CN=UCA Extended Validation Root, O=UniTrust, C=CN, Key type:RSA, Length:4096, Cert Id:649181271, Valid from:3/13/15, 12:00 AM, Valid until:12/31/38, 12:00 AM
2025-05-20T16:04:50.898+0000 [DEBUG] [jdk.event.security] X509Certificate: Alg:SHA256withECDSA, Serial:2a38a41c960a04de42b228a50be8349802, Subject:CN=GlobalSign, O=GlobalSign, OU=GlobalSign ECC Root CA - R4, Issuer:CN=GlobalSign, O=GlobalSign, OU=GlobalSign ECC Root CA - R4, Key type:EC, Length:256, Cert Id:-1923273545, Valid from:11/13/12, 12:00 AM, Valid until:1/19/38, 3:14 AM
2025-05-20T16:04:50.898+0000 [DEBUG] [jdk.event.security] X509Certificate: Alg:SHA256withRSA, Serial:33af1e6a711a9a0bb2864b11d09fae5, Subject:CN=DigiCert Global Root G2, OU=www.digicert.com, O=DigiCert Inc, C=US, Issuer:CN=DigiCert Global Root G2, OU=www.digicert.com, O=DigiCert Inc, C=US, Key type:RSA, Length:2048, Cert Id:1136084297, Valid from:8/1/13, 12:00 PM, Valid until:1/15/38, 12:00 PM
2025-05-20T16:04:50.898+0000 [DEBUG] [jdk.event.security] X509Certificate: Alg:SHA1withRSA, Serial:20000b9, Subject:CN=Baltimore CyberTrust Root, OU=CyberTrust, O=Baltimore, C=IE, Issuer:CN=Baltimore CyberTrust Root, OU=CyberTrust, O=Baltimore, C=IE, Key type:RSA, Length:2048, Cert Id:1425294543, Valid from:5/12/00, 6:46 PM, Valid until:5/12/25, 11:59 PM
2025-05-20T16:04:50.898+0000 [DEBUG] [jdk.event.security] X509Certificate: Alg:SHA256withRSA, Serial:0, Subject:OU=Security Communication RootCA2, O="SECOM Trust Systems CO.,LTD.", C=JP, Issuer:OU=Security Communication RootCA2, O="SECOM Trust Systems CO.,LTD.", C=JP, Key type:RSA, Length:2048, Cert Id:1521072570, Valid from:5/29/09, 5:00 AM, Valid until:5/29/29, 5:00 AM
2025-05-20T16:04:50.898+0000 [DEBUG] [jdk.event.security] X509Certificate: Alg:SHA1withRSA, Serial:1b1fadb620f924d3366bf7c7f18ca059, Subject:OU=Trustis FPS Root CA, O=Trustis Limited, C=GB, Issuer:OU=Trustis FPS Root CA, O=Trustis Limited, C=GB, Key type:RSA, Length:2048, Cert Id:-878780292, Valid from:12/23/03, 12:14 PM, Valid until:1/21/24, 11:36 AM
2025-05-20T16:04:50.899+0000 [DEBUG] [jdk.event.security] X509Certificate: Alg:SHA256withRSA, Serial:4000000000121585308a2, Subject:CN=GlobalSign, O=GlobalSign, OU=GlobalSign Root CA - R3, Issuer:CN=GlobalSign, O=GlobalSign, OU=GlobalSign Root CA - R3, Key type:RSA, Length:2048, Cert Id:733875591, Valid from:3/18/09, 10:00 AM, Valid until:3/18/29, 10:00 AM
2025-05-20T16:04:50.899+0000 [DEBUG] [jdk.event.security] X509Certificate: Alg:SHA1withRSA, Serial:75622a4e8d48a894df413c8f0f8eaa5, Subject:CN=Secure Global CA, O=SecureTrust Corporation, C=US, Issuer:CN=Secure Global CA, O=SecureTrust Corporation, C=US, Key type:RSA, Length:2048, Cert Id:-1476772975, Valid from:11/7/06, 7:42 PM, Valid until:12/31/29, 7:52 PM
2025-05-20T16:04:50.899+0000 [DEBUG] [jdk.event.security] X509Certificate: Alg:SHA256withRSA, Serial:8210cfb0d240e3594463e0bb63828b00, Subject:CN=ISRG Root X1, O=Internet Security Research Group, C=US, Issuer:CN=ISRG Root X1, O=Internet Security Research Group, C=US, Key type:RSA, Length:4096, Cert Id:1521974916, Valid from:6/4/15, 11:04 AM, Valid until:6/4/35, 11:04 AM
2025-05-20T16:04:50.899+0000 [DEBUG] [jdk.event.security] X509Certificate: Alg:SHA256withRSA, Serial:2, Subject:CN=Buypass Class 3 Root CA, O=Buypass AS-983163327, C=NO, Issuer:CN=Buypass Class 3 Root CA, O=Buypass AS-983163327, C=NO, Key type:RSA, Length:4096, Cert Id:1264269967, Valid from:10/26/10, 8:28 AM, Valid until:10/26/40, 8:28 AM
2025-05-20T16:04:50.899+0000 [DEBUG] [jdk.event.security] X509Certificate: Alg:SHA1withRSA, Serial:a3da427ea4b1aeda, Subject:CN=Chambers of Commerce Root - 2008, O=AC Camerfirma S.A., SERIALNUMBER=A82743287, L=Madrid (see current address at www.camerfirma.com/address), C=EU, Issuer:CN=Chambers of Commerce Root - 2008, O=AC Camerfirma S.A., SERIALNUMBER=A82743287, L=Madrid (see current address at www.camerfirma.com/address), C=EU, Key type:RSA, Length:4096, Cert Id:-28263924, Valid from:8/1/08, 12:29 PM, Valid until:7/31/38, 12:29 PM
2025-05-20T16:04:50.899+0000 [DEBUG] [jdk.event.security] X509Certificate: Alg:SHA256withRSA, Serial:31f5e4620c6c58edd6d8, Subject:CN=emSign Root CA - G1, O=eMudhra Technologies Limited, OU=emSign PKI, C=IN, Issuer:CN=emSign Root CA - G1, O=eMudhra Technologies Limited, OU=emSign PKI, C=IN, Key type:RSA, Length:2048, Cert Id:392709196, Valid from:2/18/18, 6:30 PM, Valid until:2/18/43, 6:30 PM
2025-05-20T16:04:50.899+0000 [DEBUG] [jdk.event.security] X509Certificate: Alg:SHA384withRSA, Serial:6d8c1446b1a60aee, Subject:CN=AffirmTrust Premium, O=AffirmTrust, C=US, Issuer:CN=AffirmTrust Premium, O=AffirmTrust, C=US, Key type:RSA, Length:4096, Cert Id:-2130283955, Valid from:1/29/10, 2:10 PM, Valid until:12/31/40, 2:10 PM
2025-05-20T16:04:50.899+0000 [DEBUG] [jdk.event.security] X509Certificate: Alg:SHA1withRSA, Serial:0, Subject:OU=Security Communication RootCA1, O=SECOM Trust.net, C=JP, Issuer:OU=Security Communication RootCA1, O=SECOM Trust.net, C=JP, Key type:RSA, Length:2048, Cert Id:1802358121, Valid from:9/30/03, 4:20 AM, Valid until:9/30/23, 4:20 AM
2025-05-20T16:04:50.900+0000 [DEBUG] [jdk.event.security] X509Certificate: Alg:SHA256withRSA, Serial:a0142800000014523cf467c00000002, Subject:CN=IdenTrust Public Sector Root CA 1, O=IdenTrust, C=US, Issuer:CN=IdenTrust Public Sector Root CA 1, O=IdenTrust, C=US, Key type:RSA, Length:4096, Cert Id:2123370772, Valid from:1/16/14, 5:53 PM, Valid until:1/16/34, 5:53 PM
2025-05-20T16:04:50.900+0000 [DEBUG] [jdk.event.security] X509Certificate: Alg:SHA256withRSA, Serial:445734245b81899b35f2ceb82b3b5ba726f07528, Subject:CN=QuoVadis Root CA 2 G3, O=QuoVadis Limited, C=BM, Issuer:CN=QuoVadis Root CA 2 G3, O=QuoVadis Limited, C=BM, Key type:RSA, Length:4096, Cert Id:696763521, Valid from:1/12/12, 6:59 PM, Valid until:1/12/42, 6:59 PM
2025-05-20T16:04:50.900+0000 [DEBUG] [jdk.event.security] X509Certificate: Alg:SHA256withRSA, Serial:cbe, Subject:CN=TWCA Global Root CA, OU=Root CA, O=TAIWAN-CA, C=TW, Issuer:CN=TWCA Global Root CA, OU=Root CA, O=TAIWAN-CA, C=TW, Key type:RSA, Length:4096, Cert Id:861175838, Valid from:6/27/12, 6:28 AM, Valid until:12/31/30, 3:59 PM
2025-05-20T16:04:50.900+0000 [DEBUG] [jdk.event.security] X509Certificate: Alg:SHA256withRSA, Serial:b931c3ad63967ea6723bfc3af9af44b, Subject:CN=DigiCert Assured ID Root G2, OU=www.digicert.com, O=DigiCert Inc, C=US, Issuer:CN=DigiCert Assured ID Root G2, OU=www.digicert.com, O=DigiCert Inc, C=US, Key type:RSA, Length:2048, Cert Id:-385398383, Valid from:8/1/13, 12:00 PM, Valid until:1/15/38, 12:00 PM
2025-05-20T16:04:50.900+0000 [DEBUG] [jdk.event.security] X509Certificate: Alg:SHA256withRSA, Serial:b0b75a16485fbfe1cbf58bd719e67d, Subject:CN=Izenpe.com, O=IZENPE S.A., C=ES, Issuer:CN=Izenpe.com, O=IZENPE S.A., C=ES, Key type:RSA, Length:4096, Cert Id:-1845580984, Valid from:12/13/07, 1:08 PM, Valid until:12/13/37, 8:27 AM
2025-05-20T16:04:50.900+0000 [DEBUG] [jdk.event.security] X509Certificate: Alg:SHA384withECDSA, Serial:6e47a9c76ca9732440890f0355dd8d1d, Subject:CN=GTS Root R3, O=Google Trust Services LLC, C=US, Issuer:CN=GTS Root R3, O=Google Trust Services LLC, C=US, Key type:EC, Length:384, Cert Id:-1415630551, Valid from:6/22/16, 12:00 AM, Valid until:6/22/36, 12:00 AM
2025-05-20T16:04:50.900+0000 [DEBUG] [jdk.event.security] X509Certificate: Alg:SHA256withRSA, Serial:7b2c9bd316803299, Subject:CN=SSL.com Root Certification Authority RSA, O=SSL Corporation, L=Houston, ST=Texas, C=US, Issuer:CN=SSL.com Root Certification Authority RSA, O=SSL Corporation, L=Houston, ST=Texas, C=US, Key type:RSA, Length:4096, Cert Id:156725711, Valid from:2/12/16, 5:39 PM, Valid until:2/12/41, 5:39 PM
2025-05-20T16:04:50.900+0000 [DEBUG] [jdk.event.security] X509Certificate: Alg:SHA256withRSA, Serial:0, Subject:CN=Go Daddy Root Certificate Authority - G2, O="GoDaddy.com, Inc.", L=Scottsdale, ST=Arizona, C=US, Issuer:CN=Go Daddy Root Certificate Authority - G2, O="GoDaddy.com, Inc.", L=Scottsdale, ST=Arizona, C=US, Key type:RSA, Length:2048, Cert Id:439600313, Valid from:9/1/09, 12:00 AM, Valid until:12/31/37, 11:59 PM
2025-05-20T16:04:50.901+0000 [DEBUG] [jdk.event.security] X509Certificate: Alg:SHA1withRSA, Serial:15c8bd65475cafb897005ee406d2bc9d, Subject:OU=ePKI Root Certification Authority, O="Chunghwa Telecom Co., Ltd.", C=TW, Issuer:OU=ePKI Root Certification Authority, O="Chunghwa Telecom Co., Ltd.", C=TW, Key type:RSA, Length:4096, Cert Id:-662636137, Valid from:12/20/04, 2:31 AM, Valid until:12/20/34, 2:31 AM
2025-05-20T16:04:50.901+0000 [DEBUG] [jdk.event.security] X509Certificate: Alg:SHA256withRSA, Serial:5d938d306736c8061d1ac754846907, Subject:OU=AC RAIZ FNMT-RCM, O=FNMT-RCM, C=ES, Issuer:OU=AC RAIZ FNMT-RCM, O=FNMT-RCM, C=ES, Key type:RSA, Length:4096, Cert Id:1555523573, Valid from:10/29/08, 3:59 PM, Valid until:1/1/30, 12:00 AM
2025-05-20T16:04:50.901+0000 [DEBUG] [jdk.event.security] X509Certificate: Alg:SHA384withRSA, Serial:4caaf9cadb636fe01ff74ed85b03869d, Subject:CN=COMODO RSA Certification Authority, O=COMODO CA Limited, L=Salford, ST=Greater Manchester, C=GB, Issuer:CN=COMODO RSA Certification Authority, O=COMODO CA Limited, L=Salford, ST=Greater Manchester, C=GB, Key type:RSA, Length:4096, Cert Id:1769425049, Valid from:1/19/10, 12:00 AM, Valid until:1/18/38, 11:59 PM
2025-05-20T16:04:50.901+0000 [DEBUG] [jdk.event.security] X509Certificate: Alg:SHA256withRSA, Serial:cae91b89f155030da3e6416dc4e3a6e1, Subject:CN=Certigna Root CA, OU=0002 48146308100036, O=Dhimyotis, C=FR, Issuer:CN=Certigna Root CA, OU=0002 48146308100036, O=Dhimyotis, C=FR, Key type:RSA, Length:4096, Cert Id:356684591, Valid from:10/1/13, 8:32 AM, Valid until:10/1/33, 8:32 AM
2025-05-20T16:04:50.901+0000 [DEBUG] [jdk.event.security] X509Certificate: Alg:SHA256withECDSA, Serial:0, Subject:CN=Hellenic Academic and Research Institutions ECC RootCA 2015, O=Hellenic Academic and Research Institutions Cert. Authority, L=Athens, C=GR, Issuer:CN=Hellenic Academic and Research Institutions ECC RootCA 2015, O=Hellenic Academic and Research Institutions Cert. Authority, L=Athens, C=GR, Key type:EC, Length:384, Cert Id:513613456, Valid from:7/7/15, 10:37 AM, Valid until:6/30/40, 10:37 AM
2025-05-20T16:04:50.901+0000 [DEBUG] [jdk.event.security] X509Certificate: Alg:SHA1withRSA, Serial:400000000010f8626e60d, Subject:CN=GlobalSign, O=GlobalSign, OU=GlobalSign Root CA - R2, Issuer:CN=GlobalSign, O=GlobalSign, OU=GlobalSign Root CA - R2, Key type:RSA, Length:2048, Cert Id:7087067, Valid from:12/15/06, 8:00 AM, Valid until:12/15/21, 8:00 AM
2025-05-20T16:04:50.901+0000 [DEBUG] [jdk.event.security] X509Certificate: Alg:SHA1withRSA, Serial:0, Subject:OU=Go Daddy Class 2 Certification Authority, O="The Go Daddy Group, Inc.", C=US, Issuer:OU=Go Daddy Class 2 Certification Authority, O="The Go Daddy Group, Inc.", C=US, Key type:RSA, Length:2048, Cert Id:-271444299, Valid from:6/29/04, 5:06 PM, Valid until:6/29/34, 5:06 PM
2025-05-20T16:04:50.902+0000 [DEBUG] [jdk.event.security] X509Certificate: Alg:SHA1withRSA, Serial:53ec3beefbb2485f, Subject:CN=Autoridad de Certificacion Firmaprofesional CIF A62634068, C=ES, Issuer:CN=Autoridad de Certificacion Firmaprofesional CIF A62634068, C=ES, Key type:RSA, Length:4096, Cert Id:692250759, Valid from:5/20/09, 8:38 AM, Valid until:12/31/30, 8:38 AM
2025-05-20T16:04:50.902+0000 [DEBUG] [jdk.event.security] X509Certificate: Alg:SHA256withRSA, Serial:1, Subject:CN=TUBITAK Kamu SM SSL Kok Sertifikasi - Surum 1, OU=Kamu Sertifikasyon Merkezi - Kamu SM, O=Turkiye Bilimsel ve Teknolojik Arastirma Kurumu - TUBITAK, L=Gebze - Kocaeli, C=TR, Issuer:CN=TUBITAK Kamu SM SSL Kok Sertifikasi - Surum 1, OU=Kamu Sertifikasyon Merkezi - Kamu SM, O=Turkiye Bilimsel ve Teknolojik Arastirma Kurumu - TUBITAK, L=Gebze - Kocaeli, C=TR, Key type:RSA, Length:2048, Cert Id:1093603654, Valid from:11/25/13, 8:25 AM, Valid until:10/25/43, 8:25 AM
2025-05-20T16:04:50.902+0000 [DEBUG] [jdk.event.security] X509Certificate: Alg:SHA384withECDSA, Serial:1f47afaa62007050544c019e9b63992a, Subject:CN=COMODO ECC Certification Authority, O=COMODO CA Limited, L=Salford, ST=Greater Manchester, C=GB, Issuer:CN=COMODO ECC Certification Authority, O=COMODO CA Limited, L=Salford, ST=Greater Manchester, C=GB, Key type:EC, Length:384, Cert Id:1146488932, Valid from:3/6/08, 12:00 AM, Valid until:1/18/38, 11:59 PM
2025-05-20T16:04:50.902+0000 [DEBUG] [jdk.event.security] X509Certificate: Alg:SHA1withRSA, Serial:1, Subject:CN=AAA Certificate Services, O=Comodo CA Limited, L=Salford, ST=Greater Manchester, C=GB, Issuer:CN=AAA Certificate Services, O=Comodo CA Limited, L=Salford, ST=Greater Manchester, C=GB, Key type:RSA, Length:2048, Cert Id:-1197580894, Valid from:1/1/04, 12:00 AM, Valid until:12/31/28, 11:59 PM
2025-05-20T16:04:50.902+0000 [DEBUG] [jdk.event.security] X509Certificate: Alg:SHA256withECDSA, Serial:2c299c5b16ed0595, Subject:CN=SSL.com EV Root Certification Authority ECC, O=SSL Corporation, L=Houston, ST=Texas, C=US, Issuer:CN=SSL.com EV Root Certification Authority ECC, O=SSL Corporation, L=Houston, ST=Texas, C=US, Key type:EC, Length:384, Cert Id:1789254518, Valid from:2/12/16, 6:15 PM, Valid until:2/12/41, 6:15 PM
2025-05-20T16:04:50.903+0000 [DEBUG] [jdk.event.security] X509Certificate: Alg:SHA384withECDSA, Serial:66c9fd7c1bb104c2943e5717b7b2cc81ac10e, Subject:CN=Amazon Root CA 4, O=Amazon, C=US, Issuer:CN=Amazon Root CA 4, O=Amazon, C=US, Key type:EC, Length:384, Cert Id:-1654272513, Valid from:5/26/15, 12:00 AM, Valid until:5/26/40, 12:00 AM
2025-05-20T16:04:50.903+0000 [DEBUG] [jdk.event.security] X509Certificate: Alg:SHA1withRSA, Serial:200605167002, Subject:OU=certSIGN ROOT CA, O=certSIGN, C=RO, Issuer:OU=certSIGN ROOT CA, O=certSIGN, C=RO, Key type:RSA, Length:2048, Cert Id:-289960676, Valid from:7/4/06, 5:20 PM, Valid until:7/4/31, 5:20 PM
2025-05-20T16:04:50.903+0000 [DEBUG] [jdk.event.security] X509Certificate: Alg:SHA256withRSA, Serial:3e8a5d07ec55d232d5b7e3b65f01eb2ddce4d6e4, Subject:CN=SZAFIR ROOT CA2, O=Krajowa Izba Rozliczeniowa S.A., C=PL, Issuer:CN=SZAFIR ROOT CA2, O=Krajowa Izba Rozliczeniowa S.A., C=PL, Key type:RSA, Length:2048, Cert Id:381279303, Valid from:10/19/15, 7:43 AM, Valid until:10/19/35, 7:43 AM
2025-05-20T16:04:50.903+0000 [DEBUG] [jdk.event.security] X509Certificate: Alg:SHA384withECDSA, Serial:7b71b68256b8127c9ca8, Subject:CN=emSign ECC Root CA - C3, O=eMudhra Inc, OU=emSign PKI, C=US, Issuer:CN=emSign ECC Root CA - C3, O=eMudhra Inc, OU=emSign PKI, C=US, Key type:EC, Length:384, Cert Id:-948456756, Valid from:2/18/18, 6:30 PM, Valid until:2/18/43, 6:30 PM
2025-05-20T16:04:50.903+0000 [DEBUG] [jdk.event.security] X509Certificate: Alg:SHA1withRSA, Serial:3ab6508b, Subject:CN=QuoVadis Root Certification Authority, OU=Root Certification Authority, O=QuoVadis Limited, C=BM, Issuer:CN=QuoVadis Root Certification Authority, OU=Root Certification Authority, O=QuoVadis Limited, C=BM, Key type:RSA, Length:2048, Cert Id:-1882405602, Valid from:3/19/01, 6:33 PM, Valid until:3/17/21, 6:33 PM
2025-05-20T16:04:50.903+0000 [DEBUG] [jdk.event.security] X509Certificate: Alg:SHA256withRSA, Serial:4a538c28, Subject:CN=Entrust Root Certification Authority - G2, OU="(c) 2009 Entrust, Inc. - for authorized use only", OU=See www.entrust.net/legal-terms, O="Entrust, Inc.", C=US, Issuer:CN=Entrust Root Certification Authority - G2, OU="(c) 2009 Entrust, Inc. - for authorized use only", OU=See www.entrust.net/legal-terms, O="Entrust, Inc.", C=US, Key type:RSA, Length:2048, Cert Id:1936920337, Valid from:7/7/09, 5:25 PM, Valid until:12/7/30, 5:55 PM
2025-05-20T16:04:50.904+0000 [DEBUG] [jdk.event.security] X509Certificate: Alg:SHA1withRSA, Serial:400000000010f85aa2d48, Subject:CN=Cybertrust Global Root, O="Cybertrust, Inc", Issuer:CN=Cybertrust Global Root, O="Cybertrust, Inc", Key type:RSA, Length:2048, Cert Id:2057719675, Valid from:12/15/06, 8:00 AM, Valid until:12/15/21, 8:00 AM
2025-05-20T16:04:50.904+0000 [DEBUG] [jdk.event.security] X509Certificate: Alg:SHA1withRSA, Serial:2ac5c266a0b409b8f0b79f2ae462577, Subject:CN=DigiCert High Assurance EV Root CA, OU=www.digicert.com, O=DigiCert Inc, C=US, Issuer:CN=DigiCert High Assurance EV Root CA, OU=www.digicert.com, O=DigiCert Inc, C=US, Key type:RSA, Length:2048, Cert Id:-1410680354, Valid from:11/10/06, 12:00 AM, Valid until:11/10/31, 12:00 AM
2025-05-20T16:04:50.963+0000 [DEBUG] [org.apache.http.client.protocol.RequestAddCookies] CookieSpec selected: default
2025-05-20T16:04:50.963+0000 [DEBUG] [org.apache.http.client.protocol.RequestAddCookies] CookieSpec selected: default
2025-05-20T16:04:50.963+0000 [DEBUG] [org.apache.http.client.protocol.RequestAddCookies] CookieSpec selected: default
2025-05-20T16:04:50.967+0000 [DEBUG] [org.apache.http.client.protocol.RequestAuthCache] Auth cache not set in the context
2025-05-20T16:04:50.967+0000 [DEBUG] [org.apache.http.client.protocol.RequestAuthCache] Auth cache not set in the context
2025-05-20T16:04:50.967+0000 [DEBUG] [org.apache.http.client.protocol.RequestAuthCache] Auth cache not set in the context
2025-05-20T16:04:50.968+0000 [DEBUG] [org.apache.http.impl.conn.PoolingHttpClientConnectionManager] Connection request: [route: {s}->https://repo.maven.apache.org:443][total available: 0; route allocated: 0 of 20; total allocated: 0 of 20]
2025-05-20T16:04:50.968+0000 [DEBUG] [org.apache.http.impl.conn.PoolingHttpClientConnectionManager] Connection request: [route: {s}->https://repo.maven.apache.org:443][total available: 0; route allocated: 0 of 20; total allocated: 0 of 20]
2025-05-20T16:04:50.968+0000 [DEBUG] [org.apache.http.impl.conn.PoolingHttpClientConnectionManager] Connection request: [route: {s}->https://repo.maven.apache.org:443][total available: 0; route allocated: 0 of 20; total allocated: 0 of 20]
2025-05-20T16:04:50.973+0000 [DEBUG] [org.apache.http.impl.conn.PoolingHttpClientConnectionManager] Connection leased: [id: 0][route: {s}->https://repo.maven.apache.org:443][total available: 0; route allocated: 1 of 20; total allocated: 1 of 20]
2025-05-20T16:04:50.973+0000 [DEBUG] [org.apache.http.impl.conn.PoolingHttpClientConnectionManager] Connection leased: [id: 1][route: {s}->https://repo.maven.apache.org:443][total available: 0; route allocated: 3 of 20; total allocated: 3 of 20]
2025-05-20T16:04:50.973+0000 [DEBUG] [org.apache.http.impl.conn.PoolingHttpClientConnectionManager] Connection leased: [id: 2][route: {s}->https://repo.maven.apache.org:443][total available: 0; route allocated: 3 of 20; total allocated: 3 of 20]
2025-05-20T16:04:50.974+0000 [DEBUG] [org.apache.http.impl.execchain.MainClientExec] Opening connection {s}->https://repo.maven.apache.org:443
2025-05-20T16:04:50.974+0000 [DEBUG] [org.apache.http.impl.execchain.MainClientExec] Opening connection {s}->https://repo.maven.apache.org:443
2025-05-20T16:04:50.974+0000 [DEBUG] [org.apache.http.impl.execchain.MainClientExec] Opening connection {s}->https://repo.maven.apache.org:443
2025-05-20T16:04:51.046+0000 [DEBUG] [org.apache.http.impl.conn.DefaultHttpClientConnectionOperator] Connecting to repo.maven.apache.org/151.101.204.215:443
2025-05-20T16:04:51.046+0000 [DEBUG] [org.apache.http.impl.conn.DefaultHttpClientConnectionOperator] Connecting to repo.maven.apache.org/151.101.204.215:443
2025-05-20T16:04:51.046+0000 [DEBUG] [org.apache.http.impl.conn.DefaultHttpClientConnectionOperator] Connecting to repo.maven.apache.org/151.101.204.215:443
2025-05-20T16:04:51.046+0000 [DEBUG] [org.apache.http.conn.ssl.SSLConnectionSocketFactory] Connecting socket to repo.maven.apache.org/151.101.204.215:443 with timeout 30000
2025-05-20T16:04:51.046+0000 [DEBUG] [org.apache.http.conn.ssl.SSLConnectionSocketFactory] Connecting socket to repo.maven.apache.org/151.101.204.215:443 with timeout 30000
2025-05-20T16:04:51.046+0000 [DEBUG] [org.apache.http.conn.ssl.SSLConnectionSocketFactory] Connecting socket to repo.maven.apache.org/151.101.204.215:443 with timeout 30000
2025-05-20T16:04:51.115+0000 [DEBUG] [org.apache.http.conn.ssl.SSLConnectionSocketFactory] Enabled protocols: [TLSv1.2, TLSv1.3]
2025-05-20T16:04:51.115+0000 [DEBUG] [org.apache.http.conn.ssl.SSLConnectionSocketFactory] Enabled cipher suites:[TLS_AES_256_GCM_SHA384, TLS_AES_128_GCM_SHA256, TLS_CHACHA20_POLY1305_SHA256, TLS_ECDHE_ECDSA_WITH_AES_256_GCM_SHA384, TLS_ECDHE_ECDSA_WITH_AES_128_GCM_SHA256, TLS_ECDHE_ECDSA_WITH_CHACHA20_POLY1305_SHA256, TLS_ECDHE_RSA_WITH_AES_256_GCM_SHA384, TLS_ECDHE_RSA_WITH_CHACHA20_POLY1305_SHA256, TLS_ECDHE_RSA_WITH_AES_128_GCM_SHA256, TLS_DHE_RSA_WITH_AES_256_GCM_SHA384, TLS_DHE_RSA_WITH_CHACHA20_POLY1305_SHA256, TLS_DHE_DSS_WITH_AES_256_GCM_SHA384, TLS_DHE_RSA_WITH_AES_128_GCM_SHA256, TLS_DHE_DSS_WITH_AES_128_GCM_SHA256, TLS_ECDHE_ECDSA_WITH_AES_256_CBC_SHA384, TLS_ECDHE_RSA_WITH_AES_256_CBC_SHA384, TLS_ECDHE_ECDSA_WITH_AES_128_CBC_SHA256, TLS_ECDHE_RSA_WITH_AES_128_CBC_SHA256, TLS_DHE_RSA_WITH_AES_256_CBC_SHA256, TLS_DHE_DSS_WITH_AES_256_CBC_SHA256, TLS_DHE_RSA_WITH_AES_128_CBC_SHA256, TLS_DHE_DSS_WITH_AES_128_CBC_SHA256, TLS_ECDHE_ECDSA_WITH_AES_256_CBC_SHA, TLS_ECDHE_RSA_WITH_AES_256_CBC_SHA, TLS_ECDHE_ECDSA_WITH_AES_128_CBC_SHA, TLS_ECDHE_RSA_WITH_AES_128_CBC_SHA, TLS_DHE_RSA_WITH_AES_256_CBC_SHA, TLS_DHE_DSS_WITH_AES_256_CBC_SHA, TLS_DHE_RSA_WITH_AES_128_CBC_SHA, TLS_DHE_DSS_WITH_AES_128_CBC_SHA, TLS_RSA_WITH_AES_256_GCM_SHA384, TLS_RSA_WITH_AES_128_GCM_SHA256, TLS_RSA_WITH_AES_256_CBC_SHA256, TLS_RSA_WITH_AES_128_CBC_SHA256, TLS_RSA_WITH_AES_256_CBC_SHA, TLS_RSA_WITH_AES_128_CBC_SHA, TLS_EMPTY_RENEGOTIATION_INFO_SCSV]
2025-05-20T16:04:51.115+0000 [DEBUG] [org.apache.http.conn.ssl.SSLConnectionSocketFactory] Starting handshake
2025-05-20T16:04:51.115+0000 [DEBUG] [org.apache.http.conn.ssl.SSLConnectionSocketFactory] Enabled protocols: [TLSv1.2, TLSv1.3]
2025-05-20T16:04:51.115+0000 [DEBUG] [org.apache.http.conn.ssl.SSLConnectionSocketFactory] Enabled protocols: [TLSv1.2, TLSv1.3]
2025-05-20T16:04:51.115+0000 [DEBUG] [org.apache.http.conn.ssl.SSLConnectionSocketFactory] Enabled cipher suites:[TLS_AES_256_GCM_SHA384, TLS_AES_128_GCM_SHA256, TLS_CHACHA20_POLY1305_SHA256, TLS_ECDHE_ECDSA_WITH_AES_256_GCM_SHA384, TLS_ECDHE_ECDSA_WITH_AES_128_GCM_SHA256, TLS_ECDHE_ECDSA_WITH_CHACHA20_POLY1305_SHA256, TLS_ECDHE_RSA_WITH_AES_256_GCM_SHA384, TLS_ECDHE_RSA_WITH_CHACHA20_POLY1305_SHA256, TLS_ECDHE_RSA_WITH_AES_128_GCM_SHA256, TLS_DHE_RSA_WITH_AES_256_GCM_SHA384, TLS_DHE_RSA_WITH_CHACHA20_POLY1305_SHA256, TLS_DHE_DSS_WITH_AES_256_GCM_SHA384, TLS_DHE_RSA_WITH_AES_128_GCM_SHA256, TLS_DHE_DSS_WITH_AES_128_GCM_SHA256, TLS_ECDHE_ECDSA_WITH_AES_256_CBC_SHA384, TLS_ECDHE_RSA_WITH_AES_256_CBC_SHA384, TLS_ECDHE_ECDSA_WITH_AES_128_CBC_SHA256, TLS_ECDHE_RSA_WITH_AES_128_CBC_SHA256, TLS_DHE_RSA_WITH_AES_256_CBC_SHA256, TLS_DHE_DSS_WITH_AES_256_CBC_SHA256, TLS_DHE_RSA_WITH_AES_128_CBC_SHA256, TLS_DHE_DSS_WITH_AES_128_CBC_SHA256, TLS_ECDHE_ECDSA_WITH_AES_256_CBC_SHA, TLS_ECDHE_RSA_WITH_AES_256_CBC_SHA, TLS_ECDHE_ECDSA_WITH_AES_128_CBC_SHA, TLS_ECDHE_RSA_WITH_AES_128_CBC_SHA, TLS_DHE_RSA_WITH_AES_256_CBC_SHA, TLS_DHE_DSS_WITH_AES_256_CBC_SHA, TLS_DHE_RSA_WITH_AES_128_CBC_SHA, TLS_DHE_DSS_WITH_AES_128_CBC_SHA, TLS_RSA_WITH_AES_256_GCM_SHA384, TLS_RSA_WITH_AES_128_GCM_SHA256, TLS_RSA_WITH_AES_256_CBC_SHA256, TLS_RSA_WITH_AES_128_CBC_SHA256, TLS_RSA_WITH_AES_256_CBC_SHA, TLS_RSA_WITH_AES_128_CBC_SHA, TLS_EMPTY_RENEGOTIATION_INFO_SCSV]
2025-05-20T16:04:51.115+0000 [DEBUG] [org.apache.http.conn.ssl.SSLConnectionSocketFactory] Starting handshake
2025-05-20T16:04:51.115+0000 [DEBUG] [org.apache.http.conn.ssl.SSLConnectionSocketFactory] Enabled cipher suites:[TLS_AES_256_GCM_SHA384, TLS_AES_128_GCM_SHA256, TLS_CHACHA20_POLY1305_SHA256, TLS_ECDHE_ECDSA_WITH_AES_256_GCM_SHA384, TLS_ECDHE_ECDSA_WITH_AES_128_GCM_SHA256, TLS_ECDHE_ECDSA_WITH_CHACHA20_POLY1305_SHA256, TLS_ECDHE_RSA_WITH_AES_256_GCM_SHA384, TLS_ECDHE_RSA_WITH_CHACHA20_POLY1305_SHA256, TLS_ECDHE_RSA_WITH_AES_128_GCM_SHA256, TLS_DHE_RSA_WITH_AES_256_GCM_SHA384, TLS_DHE_RSA_WITH_CHACHA20_POLY1305_SHA256, TLS_DHE_DSS_WITH_AES_256_GCM_SHA384, TLS_DHE_RSA_WITH_AES_128_GCM_SHA256, TLS_DHE_DSS_WITH_AES_128_GCM_SHA256, TLS_ECDHE_ECDSA_WITH_AES_256_CBC_SHA384, TLS_ECDHE_RSA_WITH_AES_256_CBC_SHA384, TLS_ECDHE_ECDSA_WITH_AES_128_CBC_SHA256, TLS_ECDHE_RSA_WITH_AES_128_CBC_SHA256, TLS_DHE_RSA_WITH_AES_256_CBC_SHA256, TLS_DHE_DSS_WITH_AES_256_CBC_SHA256, TLS_DHE_RSA_WITH_AES_128_CBC_SHA256, TLS_DHE_DSS_WITH_AES_128_CBC_SHA256, TLS_ECDHE_ECDSA_WITH_AES_256_CBC_SHA, TLS_ECDHE_RSA_WITH_AES_256_CBC_SHA, TLS_ECDHE_ECDSA_WITH_AES_128_CBC_SHA, TLS_ECDHE_RSA_WITH_AES_128_CBC_SHA, TLS_DHE_RSA_WITH_AES_256_CBC_SHA, TLS_DHE_DSS_WITH_AES_256_CBC_SHA, TLS_DHE_RSA_WITH_AES_128_CBC_SHA, TLS_DHE_DSS_WITH_AES_128_CBC_SHA, TLS_RSA_WITH_AES_256_GCM_SHA384, TLS_RSA_WITH_AES_128_GCM_SHA256, TLS_RSA_WITH_AES_256_CBC_SHA256, TLS_RSA_WITH_AES_128_CBC_SHA256, TLS_RSA_WITH_AES_256_CBC_SHA, TLS_RSA_WITH_AES_128_CBC_SHA, TLS_EMPTY_RENEGOTIATION_INFO_SCSV]
2025-05-20T16:04:51.115+0000 [DEBUG] [org.apache.http.conn.ssl.SSLConnectionSocketFactory] Starting handshake
2025-05-20T16:04:51.168+0000 [DEBUG] [jdk.event.security] X509Certificate: Alg:SHA256withRSA, Serial:1564c9ef1fe458ccbeb27c6bfeeac27, Subject:CN=repo.maven.apache.org, Issuer:CN=GlobalSign Atlas R3 DV TLS CA 2024 Q4, O=GlobalSign nv-sa, C=BE, Key type:RSA, Length:2048, Cert Id:1827839948, Valid from:10/19/24, 5:55 PM, Valid until:11/20/25, 5:55 PM
2025-05-20T16:04:51.168+0000 [DEBUG] [jdk.event.security] X509Certificate: Alg:SHA256withRSA, Serial:1564c9ef1fe458ccbeb27c6bfeeac27, Subject:CN=repo.maven.apache.org, Issuer:CN=GlobalSign Atlas R3 DV TLS CA 2024 Q4, O=GlobalSign nv-sa, C=BE, Key type:RSA, Length:2048, Cert Id:1827839948, Valid from:10/19/24, 5:55 PM, Valid until:11/20/25, 5:55 PM
2025-05-20T16:04:51.168+0000 [DEBUG] [jdk.event.security] X509Certificate: Alg:SHA256withRSA, Serial:1564c9ef1fe458ccbeb27c6bfeeac27, Subject:CN=repo.maven.apache.org, Issuer:CN=GlobalSign Atlas R3 DV TLS CA 2024 Q4, O=GlobalSign nv-sa, C=BE, Key type:RSA, Length:2048, Cert Id:1827839948, Valid from:10/19/24, 5:55 PM, Valid until:11/20/25, 5:55 PM
2025-05-20T16:04:51.169+0000 [DEBUG] [jdk.event.security] X509Certificate: Alg:SHA256withRSA, Serial:817cd51426f2ddf6ff588022c88554f6, Subject:CN=GlobalSign Atlas R3 DV TLS CA 2024 Q4, O=GlobalSign nv-sa, C=BE, Issuer:CN=GlobalSign, O=GlobalSign, OU=GlobalSign Root CA - R3, Key type:RSA, Length:2048, Cert Id:-1889449568, Valid from:7/17/24, 3:09 AM, Valid until:7/17/26, 12:00 AM
2025-05-20T16:04:51.169+0000 [DEBUG] [jdk.event.security] X509Certificate: Alg:SHA256withRSA, Serial:817cd51426f2ddf6ff588022c88554f6, Subject:CN=GlobalSign Atlas R3 DV TLS CA 2024 Q4, O=GlobalSign nv-sa, C=BE, Issuer:CN=GlobalSign, O=GlobalSign, OU=GlobalSign Root CA - R3, Key type:RSA, Length:2048, Cert Id:-1889449568, Valid from:7/17/24, 3:09 AM, Valid until:7/17/26, 12:00 AM
2025-05-20T16:04:51.170+0000 [DEBUG] [jdk.event.security] X509Certificate: Alg:SHA256withRSA, Serial:817cd51426f2ddf6ff588022c88554f6, Subject:CN=GlobalSign Atlas R3 DV TLS CA 2024 Q4, O=GlobalSign nv-sa, C=BE, Issuer:CN=GlobalSign, O=GlobalSign, OU=GlobalSign Root CA - R3, Key type:RSA, Length:2048, Cert Id:-1889449568, Valid from:7/17/24, 3:09 AM, Valid until:7/17/26, 12:00 AM
2025-05-20T16:04:51.215+0000 [DEBUG] [jdk.event.security] ValidationChain: 733875591, -1889449568, 1827839948
2025-05-20T16:04:51.215+0000 [DEBUG] [jdk.event.security] ValidationChain: 733875591, -1889449568, 1827839948
2025-05-20T16:04:51.215+0000 [DEBUG] [jdk.event.security] ValidationChain: 733875591, -1889449568, 1827839948
2025-05-20T16:04:51.249+0000 [DEBUG] [jdk.event.security]  TLSHandshake: repo.maven.apache.org:443, TLSv1.2, TLS_ECDHE_RSA_WITH_CHACHA20_POLY1305_SHA256, 1827839948
2025-05-20T16:04:51.249+0000 [DEBUG] [jdk.event.security]  TLSHandshake: repo.maven.apache.org:443, TLSv1.2, TLS_ECDHE_RSA_WITH_CHACHA20_POLY1305_SHA256, 1827839948
2025-05-20T16:04:51.249+0000 [DEBUG] [jdk.event.security]  TLSHandshake: repo.maven.apache.org:443, TLSv1.2, TLS_ECDHE_RSA_WITH_CHACHA20_POLY1305_SHA256, 1827839948
2025-05-20T16:04:51.249+0000 [DEBUG] [org.apache.http.conn.ssl.SSLConnectionSocketFactory] Secure session established
2025-05-20T16:04:51.249+0000 [DEBUG] [org.apache.http.conn.ssl.SSLConnectionSocketFactory] Secure session established
2025-05-20T16:04:51.249+0000 [DEBUG] [org.apache.http.conn.ssl.SSLConnectionSocketFactory]  negotiated protocol: TLSv1.2
2025-05-20T16:04:51.249+0000 [DEBUG] [org.apache.http.conn.ssl.SSLConnectionSocketFactory] Secure session established
2025-05-20T16:04:51.249+0000 [DEBUG] [org.apache.http.conn.ssl.SSLConnectionSocketFactory]  negotiated protocol: TLSv1.2
2025-05-20T16:04:51.249+0000 [DEBUG] [org.apache.http.conn.ssl.SSLConnectionSocketFactory]  negotiated cipher suite: TLS_ECDHE_RSA_WITH_CHACHA20_POLY1305_SHA256
2025-05-20T16:04:51.249+0000 [DEBUG] [org.apache.http.conn.ssl.SSLConnectionSocketFactory]  negotiated cipher suite: TLS_ECDHE_RSA_WITH_CHACHA20_POLY1305_SHA256
2025-05-20T16:04:51.249+0000 [DEBUG] [org.apache.http.conn.ssl.SSLConnectionSocketFactory]  peer principal: CN=repo.maven.apache.org
2025-05-20T16:04:51.249+0000 [DEBUG] [org.apache.http.conn.ssl.SSLConnectionSocketFactory]  peer principal: CN=repo.maven.apache.org
2025-05-20T16:04:51.249+0000 [DEBUG] [org.apache.http.conn.ssl.SSLConnectionSocketFactory]  negotiated protocol: TLSv1.2
2025-05-20T16:04:51.249+0000 [DEBUG] [org.apache.http.conn.ssl.SSLConnectionSocketFactory]  negotiated cipher suite: TLS_ECDHE_RSA_WITH_CHACHA20_POLY1305_SHA256
2025-05-20T16:04:51.249+0000 [DEBUG] [org.apache.http.conn.ssl.SSLConnectionSocketFactory]  peer principal: CN=repo.maven.apache.org
2025-05-20T16:04:51.249+0000 [DEBUG] [org.apache.http.conn.ssl.SSLConnectionSocketFactory]  peer alternative names: [repo.maven.apache.org]
2025-05-20T16:04:51.249+0000 [DEBUG] [org.apache.http.conn.ssl.SSLConnectionSocketFactory]  peer alternative names: [repo.maven.apache.org]
2025-05-20T16:04:51.249+0000 [DEBUG] [org.apache.http.conn.ssl.SSLConnectionSocketFactory]  issuer principal: CN=GlobalSign Atlas R3 DV TLS CA 2024 Q4, O=GlobalSign nv-sa, C=BE
2025-05-20T16:04:51.249+0000 [DEBUG] [org.apache.http.conn.ssl.SSLConnectionSocketFactory]  peer alternative names: [repo.maven.apache.org]
2025-05-20T16:04:51.249+0000 [DEBUG] [org.apache.http.conn.ssl.SSLConnectionSocketFactory]  issuer principal: CN=GlobalSign Atlas R3 DV TLS CA 2024 Q4, O=GlobalSign nv-sa, C=BE
2025-05-20T16:04:51.249+0000 [DEBUG] [org.apache.http.conn.ssl.SSLConnectionSocketFactory]  issuer principal: CN=GlobalSign Atlas R3 DV TLS CA 2024 Q4, O=GlobalSign nv-sa, C=BE
2025-05-20T16:04:51.250+0000 [DEBUG] [org.apache.http.impl.conn.DefaultHttpClientConnectionOperator] Connection established 172.17.0.12:35244<->151.101.204.215:443
2025-05-20T16:04:51.250+0000 [DEBUG] [org.apache.http.impl.conn.DefaultHttpClientConnectionOperator] Connection established 172.17.0.12:35214<->151.101.204.215:443
2025-05-20T16:04:51.251+0000 [DEBUG] [org.apache.http.impl.conn.DefaultManagedHttpClientConnection] http-outgoing-0: set socket timeout to 30000
2025-05-20T16:04:51.250+0000 [DEBUG] [org.apache.http.impl.conn.DefaultHttpClientConnectionOperator] Connection established 172.17.0.12:35212<->151.101.204.215:443
2025-05-20T16:04:51.251+0000 [DEBUG] [org.apache.http.impl.conn.DefaultManagedHttpClientConnection] http-outgoing-2: set socket timeout to 30000
2025-05-20T16:04:51.251+0000 [DEBUG] [org.apache.http.impl.conn.DefaultManagedHttpClientConnection] http-outgoing-1: set socket timeout to 30000
2025-05-20T16:04:51.251+0000 [DEBUG] [org.apache.http.impl.execchain.MainClientExec] Executing request GET /maven2/org/java-websocket/Java-WebSocket/1.5.4/Java-WebSocket-1.5.4.pom HTTP/1.1
2025-05-20T16:04:51.251+0000 [DEBUG] [org.apache.http.impl.execchain.MainClientExec] Executing request GET /maven2/org/xerial/sqlite-jdbc/3.43.0.0/sqlite-jdbc-3.43.0.0.pom HTTP/1.1
2025-05-20T16:04:51.251+0000 [DEBUG] [org.apache.http.impl.execchain.MainClientExec] Target auth state: UNCHALLENGED
2025-05-20T16:04:51.251+0000 [DEBUG] [org.apache.http.impl.execchain.MainClientExec] Executing request GET /maven2/org/postgresql/postgresql/42.6.0/postgresql-42.6.0.pom HTTP/1.1
2025-05-20T16:04:51.251+0000 [DEBUG] [org.apache.http.impl.execchain.MainClientExec] Target auth state: UNCHALLENGED
2025-05-20T16:04:51.251+0000 [DEBUG] [org.apache.http.impl.execchain.MainClientExec] Target auth state: UNCHALLENGED
2025-05-20T16:04:51.251+0000 [DEBUG] [org.apache.http.impl.execchain.MainClientExec] Proxy auth state: UNCHALLENGED
2025-05-20T16:04:51.251+0000 [DEBUG] [org.apache.http.impl.execchain.MainClientExec] Proxy auth state: UNCHALLENGED
2025-05-20T16:04:51.251+0000 [DEBUG] [org.apache.http.impl.execchain.MainClientExec] Proxy auth state: UNCHALLENGED
2025-05-20T16:04:51.275+0000 [DEBUG] [org.apache.http.impl.execchain.MainClientExec] Connection can be kept alive indefinitely
2025-05-20T16:04:51.275+0000 [DEBUG] [org.apache.http.impl.execchain.MainClientExec] Connection can be kept alive indefinitely
2025-05-20T16:04:51.275+0000 [DEBUG] [org.apache.http.impl.execchain.MainClientExec] Connection can be kept alive indefinitely
2025-05-20T16:04:51.279+0000 [DEBUG] [org.gradle.internal.resource.transport.http.HttpResponseResource] Attempting to download resource https://repo.maven.apache.org/maven2/org/xerial/sqlite-jdbc/3.43.0.0/sqlite-jdbc-3.43.0.0.pom.
2025-05-20T16:04:51.279+0000 [DEBUG] [org.gradle.internal.resource.transport.http.HttpResponseResource] Attempting to download resource https://repo.maven.apache.org/maven2/org/postgresql/postgresql/42.6.0/postgresql-42.6.0.pom.
2025-05-20T16:04:51.279+0000 [DEBUG] [org.gradle.internal.resource.transport.http.HttpResponseResource] Attempting to download resource https://repo.maven.apache.org/maven2/org/java-websocket/Java-WebSocket/1.5.4/Java-WebSocket-1.5.4.pom.
2025-05-20T16:04:51.279+0000 [INFO] [org.gradle.internal.resource.transfer.DefaultCacheAwareExternalResourceAccessor] Downloading https://repo.maven.apache.org/maven2/org/xerial/sqlite-jdbc/3.43.0.0/sqlite-jdbc-3.43.0.0.pom to /root/.gradle/.tmp/gradle_download7406976552158326693bin
2025-05-20T16:04:51.279+0000 [INFO] [org.gradle.internal.resource.transfer.DefaultCacheAwareExternalResourceAccessor] Downloading https://repo.maven.apache.org/maven2/org/java-websocket/Java-WebSocket/1.5.4/Java-WebSocket-1.5.4.pom to /root/.gradle/.tmp/gradle_download17862673582372385063bin
2025-05-20T16:04:51.279+0000 [INFO] [org.gradle.internal.resource.transfer.DefaultCacheAwareExternalResourceAccessor] Downloading https://repo.maven.apache.org/maven2/org/postgresql/postgresql/42.6.0/postgresql-42.6.0.pom to /root/.gradle/.tmp/gradle_download9790975143803407691bin
2025-05-20T16:04:51.283+0000 [DEBUG] [org.apache.http.impl.conn.PoolingHttpClientConnectionManager] Connection [id: 2][route: {s}->https://repo.maven.apache.org:443] can be kept alive indefinitely
2025-05-20T16:04:51.283+0000 [DEBUG] [org.apache.http.impl.conn.DefaultManagedHttpClientConnection] http-outgoing-2: set socket timeout to 0
2025-05-20T16:04:51.283+0000 [DEBUG] [org.apache.http.impl.conn.PoolingHttpClientConnectionManager] Connection released: [id: 2][route: {s}->https://repo.maven.apache.org:443][total available: 1; route allocated: 3 of 20; total allocated: 3 of 20]
2025-05-20T16:04:51.284+0000 [DEBUG] [org.gradle.internal.operations.DefaultBuildOperationRunner] Build operation 'Download https://repo.maven.apache.org/maven2/org/postgresql/postgresql/42.6.0/postgresql-42.6.0.pom' completed
2025-05-20T16:04:51.286+0000 [DEBUG] [org.apache.http.impl.conn.PoolingHttpClientConnectionManager] Connection [id: 0][route: {s}->https://repo.maven.apache.org:443] can be kept alive indefinitely
2025-05-20T16:04:51.286+0000 [DEBUG] [org.apache.http.impl.conn.DefaultManagedHttpClientConnection] http-outgoing-0: set socket timeout to 0
2025-05-20T16:04:51.286+0000 [DEBUG] [org.apache.http.impl.conn.PoolingHttpClientConnectionManager] Connection [id: 1][route: {s}->https://repo.maven.apache.org:443] can be kept alive indefinitely
2025-05-20T16:04:51.286+0000 [DEBUG] [org.apache.http.impl.conn.DefaultManagedHttpClientConnection] http-outgoing-1: set socket timeout to 0
2025-05-20T16:04:51.286+0000 [DEBUG] [org.apache.http.impl.conn.PoolingHttpClientConnectionManager] Connection released: [id: 0][route: {s}->https://repo.maven.apache.org:443][total available: 2; route allocated: 3 of 20; total allocated: 3 of 20]
2025-05-20T16:04:51.286+0000 [DEBUG] [org.apache.http.impl.conn.PoolingHttpClientConnectionManager] Connection released: [id: 1][route: {s}->https://repo.maven.apache.org:443][total available: 3; route allocated: 3 of 20; total allocated: 3 of 20]
2025-05-20T16:04:51.286+0000 [DEBUG] [org.gradle.internal.operations.DefaultBuildOperationRunner] Build operation 'Download https://repo.maven.apache.org/maven2/org/java-websocket/Java-WebSocket/1.5.4/Java-WebSocket-1.5.4.pom' completed
2025-05-20T16:04:51.286+0000 [DEBUG] [org.gradle.internal.operations.DefaultBuildOperationRunner] Build operation 'Download https://repo.maven.apache.org/maven2/org/xerial/sqlite-jdbc/3.43.0.0/sqlite-jdbc-3.43.0.0.pom' completed
2025-05-20T16:04:51.355+0000 [DEBUG] [org.gradle.api.internal.artifacts.repositories.resolver.ExternalResourceResolver] Metadata file found for module 'org.postgresql:postgresql:42.6.0' in repository 'MavenRepo'.
2025-05-20T16:04:51.355+0000 [DEBUG] [org.gradle.api.internal.artifacts.repositories.resolver.ExternalResourceResolver] Metadata file found for module 'org.java-websocket:Java-WebSocket:1.5.4' in repository 'MavenRepo'.
2025-05-20T16:04:51.355+0000 [DEBUG] [org.gradle.api.internal.artifacts.repositories.resolver.ExternalResourceResolver] Metadata file found for module 'org.xerial:sqlite-jdbc:3.43.0.0' in repository 'MavenRepo'.
2025-05-20T16:04:51.357+0000 [DEBUG] [org.gradle.api.internal.artifacts.ivyservice.modulecache.PersistentModuleMetadataCache] Recording module descriptor in cache: org.postgresql:postgresql:42.6.0 [changing = false]
2025-05-20T16:04:51.357+0000 [DEBUG] [org.gradle.api.internal.artifacts.ivyservice.modulecache.PersistentModuleMetadataCache] Recording module descriptor in cache: org.java-websocket:Java-WebSocket:1.5.4 [changing = false]
2025-05-20T16:04:51.357+0000 [DEBUG] [org.gradle.api.internal.artifacts.ivyservice.modulecache.PersistentModuleMetadataCache] Recording module descriptor in cache: org.xerial:sqlite-jdbc:3.43.0.0 [changing = false]
2025-05-20T16:04:51.362+0000 [DEBUG] [org.gradle.api.internal.artifacts.ivyservice.ivyresolve.RepositoryChainComponentMetaDataResolver] Using org.xerial:sqlite-jdbc:3.43.0.0 from Maven repository 'MavenRepo'
2025-05-20T16:04:51.362+0000 [DEBUG] [org.gradle.api.internal.artifacts.ivyservice.ivyresolve.RepositoryChainComponentMetaDataResolver] Using org.postgresql:postgresql:42.6.0 from Maven repository 'MavenRepo'
2025-05-20T16:04:51.363+0000 [DEBUG] [org.gradle.api.internal.artifacts.ivyservice.ivyresolve.RepositoryChainComponentMetaDataResolver] Using org.java-websocket:Java-WebSocket:1.5.4 from Maven repository 'MavenRepo'
2025-05-20T16:04:51.363+0000 [DEBUG] [org.gradle.internal.operations.DefaultBuildOperationRunner] Build operation 'Resolve org.java-websocket:Java-WebSocket:1.5.4' completed
2025-05-20T16:04:51.367+0000 [DEBUG] [org.gradle.internal.resources.AbstractTrackedResourceLock] Execution worker: released lock on state of build :
2025-05-20T16:04:51.367+0000 [DEBUG] [org.gradle.internal.resources.AbstractTrackedResourceLock] Execution worker: released lock on worker lease
2025-05-20T16:04:51.367+0000 [DEBUG] [org.gradle.internal.resources.AbstractTrackedResourceLock] Execution worker: acquired lock on state of build :
2025-05-20T16:04:51.367+0000 [DEBUG] [org.gradle.internal.resources.AbstractTrackedResourceLock] Execution worker: acquired lock on worker lease
2025-05-20T16:04:51.374+0000 [DEBUG] [org.gradle.internal.component.model.LoggingAttributeMatchingExplanationBuilder] Candidate org.xerial:sqlite-jdbc:3.43.0.0 configuration compile doesn't have attribute org.gradle.dependency.bundling
2025-05-20T16:04:51.374+0000 [DEBUG] [org.gradle.internal.component.model.LoggingAttributeMatchingExplanationBuilder] Candidate org.xerial:sqlite-jdbc:3.43.0.0 configuration compile doesn't have attribute org.gradle.jvm.environment
2025-05-20T16:04:51.374+0000 [DEBUG] [org.gradle.internal.component.model.LoggingAttributeMatchingExplanationBuilder] Candidate org.xerial:sqlite-jdbc:3.43.0.0 configuration compile doesn't have attribute org.gradle.jvm.version
2025-05-20T16:04:51.374+0000 [DEBUG] [org.gradle.internal.component.model.LoggingAttributeMatchingExplanationBuilder] Candidate org.xerial:sqlite-jdbc:3.43.0.0 configuration runtime doesn't have attribute org.gradle.dependency.bundling
2025-05-20T16:04:51.374+0000 [DEBUG] [org.gradle.internal.component.model.LoggingAttributeMatchingExplanationBuilder] Candidate org.xerial:sqlite-jdbc:3.43.0.0 configuration runtime doesn't have attribute org.gradle.jvm.environment
2025-05-20T16:04:51.374+0000 [DEBUG] [org.gradle.internal.component.model.LoggingAttributeMatchingExplanationBuilder] Candidate org.xerial:sqlite-jdbc:3.43.0.0 configuration runtime doesn't have attribute org.gradle.jvm.version
2025-05-20T16:04:51.375+0000 [DEBUG] [org.gradle.internal.component.model.LoggingAttributeMatchingExplanationBuilder] Candidate org.xerial:sqlite-jdbc:3.43.0.0 configuration sources attribute org.gradle.category value {org.gradle.category=documentation, org.gradle.status=release} doesn't requested value library
2025-05-20T16:04:51.375+0000 [DEBUG] [org.gradle.internal.component.model.LoggingAttributeMatchingExplanationBuilder] Candidate org.xerial:sqlite-jdbc:3.43.0.0 configuration javadoc attribute org.gradle.category value {org.gradle.category=documentation, org.gradle.status=release} doesn't requested value library
2025-05-20T16:04:51.375+0000 [DEBUG] [org.gradle.internal.component.model.LoggingAttributeMatchingExplanationBuilder] Candidate org.xerial:sqlite-jdbc:3.43.0.0 configuration platform-compile attribute org.gradle.category value {org.gradle.category=platform, org.gradle.status=release, org.gradle.usage=java-api} doesn't requested value library
2025-05-20T16:04:51.375+0000 [DEBUG] [org.gradle.internal.component.model.LoggingAttributeMatchingExplanationBuilder] Candidate org.xerial:sqlite-jdbc:3.43.0.0 configuration platform-runtime attribute org.gradle.category value {org.gradle.category=platform, org.gradle.status=release, org.gradle.usage=java-runtime} doesn't requested value library
2025-05-20T16:04:51.375+0000 [DEBUG] [org.gradle.internal.component.model.LoggingAttributeMatchingExplanationBuilder] Candidate org.xerial:sqlite-jdbc:3.43.0.0 configuration enforced-platform-compile attribute org.gradle.category value {org.gradle.category=enforced-platform, org.gradle.status=release, org.gradle.usage=java-api} doesn't requested value library
2025-05-20T16:04:51.375+0000 [DEBUG] [org.gradle.internal.component.model.LoggingAttributeMatchingExplanationBuilder] Candidate org.xerial:sqlite-jdbc:3.43.0.0 configuration enforced-platform-runtime attribute org.gradle.category value {org.gradle.category=enforced-platform, org.gradle.status=release, org.gradle.usage=java-runtime} doesn't requested value library
2025-05-20T16:04:51.376+0000 [DEBUG] [org.gradle.internal.component.model.DefaultAttributeMatcher] Selected matches [0] from candidates [org.xerial:sqlite-jdbc:3.43.0.0 configuration compile, org.xerial:sqlite-jdbc:3.43.0.0 configuration runtime, org.xerial:sqlite-jdbc:3.43.0.0 configuration sources, org.xerial:sqlite-jdbc:3.43.0.0 configuration javadoc, org.xerial:sqlite-jdbc:3.43.0.0 configuration platform-compile, org.xerial:sqlite-jdbc:3.43.0.0 configuration platform-runtime, org.xerial:sqlite-jdbc:3.43.0.0 configuration enforced-platform-compile, org.xerial:sqlite-jdbc:3.43.0.0 configuration enforced-platform-runtime] for {org.gradle.category=library, org.gradle.dependency.bundling=external, org.gradle.jvm.environment=standard-jvm, org.gradle.jvm.version=11, org.gradle.libraryelements=classes, org.gradle.usage=java-api}
2025-05-20T16:04:51.378+0000 [DEBUG] [org.gradle.api.internal.artifacts.ivyservice.resolveengine.graph.builder.DependencyGraphBuilder] Visiting configuration org.xerial:sqlite-jdbc:3.43.0.0(compile).
2025-05-20T16:04:51.379+0000 [DEBUG] [org.gradle.api.internal.artifacts.ivyservice.resolveengine.graph.builder.DependencyGraphBuilder] Visiting configuration org.postgresql:postgresql:42.6.0(compile).
2025-05-20T16:04:51.379+0000 [DEBUG] [org.gradle.api.internal.artifacts.ivyservice.resolveengine.graph.builder.DependencyGraphBuilder] Visiting configuration org.java-websocket:Java-WebSocket:1.5.4(compile).
2025-05-20T16:04:51.379+0000 [DEBUG] [org.gradle.api.internal.artifacts.ivyservice.ivyresolve.RepositoryChainComponentMetaDataResolver] Attempting to resolve component for org.slf4j:slf4j-api:2.0.6 using repositories [MavenRepo]
2025-05-20T16:04:51.380+0000 [DEBUG] [org.gradle.api.internal.artifacts.repositories.resolver.DefaultExternalResourceArtifactResolver] Loading https://repo.maven.apache.org/maven2/org/slf4j/slf4j-api/2.0.6/slf4j-api-2.0.6.pom
2025-05-20T16:04:51.380+0000 [DEBUG] [org.gradle.internal.resource.transfer.DefaultCacheAwareExternalResourceAccessor] Constructing external resource: https://repo.maven.apache.org/maven2/org/slf4j/slf4j-api/2.0.6/slf4j-api-2.0.6.pom
2025-05-20T16:04:51.380+0000 [DEBUG] [org.gradle.internal.resource.transport.http.HttpResourceAccessor] Constructing external resource: https://repo.maven.apache.org/maven2/org/slf4j/slf4j-api/2.0.6/slf4j-api-2.0.6.pom
2025-05-20T16:04:51.380+0000 [DEBUG] [org.gradle.internal.resource.transport.http.HttpClientHelper] Performing HTTP GET: https://repo.maven.apache.org/maven2/org/slf4j/slf4j-api/2.0.6/slf4j-api-2.0.6.pom
2025-05-20T16:04:51.381+0000 [DEBUG] [org.apache.http.client.protocol.RequestAddCookies] CookieSpec selected: default
2025-05-20T16:04:51.381+0000 [DEBUG] [org.apache.http.client.protocol.RequestAuthCache] Auth cache not set in the context
2025-05-20T16:04:51.381+0000 [DEBUG] [org.apache.http.impl.conn.PoolingHttpClientConnectionManager] Connection request: [route: {s}->https://repo.maven.apache.org:443][total available: 3; route allocated: 3 of 20; total allocated: 3 of 20]
2025-05-20T16:04:51.381+0000 [DEBUG] [org.apache.http.impl.conn.PoolingHttpClientConnectionManager] Connection leased: [id: 1][route: {s}->https://repo.maven.apache.org:443][total available: 2; route allocated: 3 of 20; total allocated: 3 of 20]
2025-05-20T16:04:51.381+0000 [DEBUG] [org.apache.http.impl.conn.DefaultManagedHttpClientConnection] http-outgoing-1: set socket timeout to 30000
2025-05-20T16:04:51.381+0000 [DEBUG] [org.apache.http.impl.conn.DefaultManagedHttpClientConnection] http-outgoing-1: set socket timeout to 30000
2025-05-20T16:04:51.381+0000 [DEBUG] [org.apache.http.impl.execchain.MainClientExec] Executing request GET /maven2/org/slf4j/slf4j-api/2.0.6/slf4j-api-2.0.6.pom HTTP/1.1
2025-05-20T16:04:51.381+0000 [DEBUG] [org.apache.http.impl.execchain.MainClientExec] Target auth state: UNCHALLENGED
2025-05-20T16:04:51.381+0000 [DEBUG] [org.apache.http.impl.execchain.MainClientExec] Proxy auth state: UNCHALLENGED
2025-05-20T16:04:51.401+0000 [DEBUG] [org.apache.http.impl.execchain.MainClientExec] Connection can be kept alive indefinitely
2025-05-20T16:04:51.401+0000 [DEBUG] [org.gradle.internal.resource.transport.http.HttpResponseResource] Attempting to download resource https://repo.maven.apache.org/maven2/org/slf4j/slf4j-api/2.0.6/slf4j-api-2.0.6.pom.
2025-05-20T16:04:51.401+0000 [INFO] [org.gradle.internal.resource.transfer.DefaultCacheAwareExternalResourceAccessor] Downloading https://repo.maven.apache.org/maven2/org/slf4j/slf4j-api/2.0.6/slf4j-api-2.0.6.pom to /root/.gradle/.tmp/gradle_download5509255183250156665bin
2025-05-20T16:04:51.401+0000 [DEBUG] [org.apache.http.impl.conn.PoolingHttpClientConnectionManager] Connection [id: 1][route: {s}->https://repo.maven.apache.org:443] can be kept alive indefinitely
2025-05-20T16:04:51.401+0000 [DEBUG] [org.apache.http.impl.conn.DefaultManagedHttpClientConnection] http-outgoing-1: set socket timeout to 0
2025-05-20T16:04:51.401+0000 [DEBUG] [org.apache.http.impl.conn.PoolingHttpClientConnectionManager] Connection released: [id: 1][route: {s}->https://repo.maven.apache.org:443][total available: 3; route allocated: 3 of 20; total allocated: 3 of 20]
2025-05-20T16:04:51.402+0000 [DEBUG] [org.gradle.internal.operations.DefaultBuildOperationRunner] Build operation 'Download https://repo.maven.apache.org/maven2/org/slf4j/slf4j-api/2.0.6/slf4j-api-2.0.6.pom' completed
2025-05-20T16:04:51.405+0000 [DEBUG] [org.gradle.api.internal.artifacts.ivyservice.ivyresolve.RepositoryChainComponentMetaDataResolver] Attempting to resolve component for org.slf4j:slf4j-parent:2.0.6 using repositories [MavenRepo]
2025-05-20T16:04:51.405+0000 [DEBUG] [org.gradle.api.internal.artifacts.repositories.resolver.DefaultExternalResourceArtifactResolver] Loading https://repo.maven.apache.org/maven2/org/slf4j/slf4j-parent/2.0.6/slf4j-parent-2.0.6.pom
2025-05-20T16:04:51.405+0000 [DEBUG] [org.gradle.internal.resource.transfer.DefaultCacheAwareExternalResourceAccessor] Constructing external resource: https://repo.maven.apache.org/maven2/org/slf4j/slf4j-parent/2.0.6/slf4j-parent-2.0.6.pom
2025-05-20T16:04:51.406+0000 [DEBUG] [org.gradle.internal.resource.transport.http.HttpResourceAccessor] Constructing external resource: https://repo.maven.apache.org/maven2/org/slf4j/slf4j-parent/2.0.6/slf4j-parent-2.0.6.pom
2025-05-20T16:04:51.406+0000 [DEBUG] [org.gradle.internal.resource.transport.http.HttpClientHelper] Performing HTTP GET: https://repo.maven.apache.org/maven2/org/slf4j/slf4j-parent/2.0.6/slf4j-parent-2.0.6.pom
2025-05-20T16:04:51.407+0000 [DEBUG] [org.apache.http.client.protocol.RequestAddCookies] CookieSpec selected: default
2025-05-20T16:04:51.407+0000 [DEBUG] [org.apache.http.client.protocol.RequestAuthCache] Auth cache not set in the context
2025-05-20T16:04:51.407+0000 [DEBUG] [org.apache.http.impl.conn.PoolingHttpClientConnectionManager] Connection request: [route: {s}->https://repo.maven.apache.org:443][total available: 3; route allocated: 3 of 20; total allocated: 3 of 20]
2025-05-20T16:04:51.407+0000 [DEBUG] [org.apache.http.impl.conn.PoolingHttpClientConnectionManager] Connection leased: [id: 1][route: {s}->https://repo.maven.apache.org:443][total available: 2; route allocated: 3 of 20; total allocated: 3 of 20]
2025-05-20T16:04:51.407+0000 [DEBUG] [org.apache.http.impl.conn.DefaultManagedHttpClientConnection] http-outgoing-1: set socket timeout to 30000
2025-05-20T16:04:51.407+0000 [DEBUG] [org.apache.http.impl.conn.DefaultManagedHttpClientConnection] http-outgoing-1: set socket timeout to 30000
2025-05-20T16:04:51.407+0000 [DEBUG] [org.apache.http.impl.execchain.MainClientExec] Executing request GET /maven2/org/slf4j/slf4j-parent/2.0.6/slf4j-parent-2.0.6.pom HTTP/1.1
2025-05-20T16:04:51.407+0000 [DEBUG] [org.apache.http.impl.execchain.MainClientExec] Target auth state: UNCHALLENGED
2025-05-20T16:04:51.407+0000 [DEBUG] [org.apache.http.impl.execchain.MainClientExec] Proxy auth state: UNCHALLENGED
2025-05-20T16:04:51.427+0000 [DEBUG] [org.apache.http.impl.execchain.MainClientExec] Connection can be kept alive indefinitely
2025-05-20T16:04:51.427+0000 [DEBUG] [org.gradle.internal.resource.transport.http.HttpResponseResource] Attempting to download resource https://repo.maven.apache.org/maven2/org/slf4j/slf4j-parent/2.0.6/slf4j-parent-2.0.6.pom.
2025-05-20T16:04:51.428+0000 [INFO] [org.gradle.internal.resource.transfer.DefaultCacheAwareExternalResourceAccessor] Downloading https://repo.maven.apache.org/maven2/org/slf4j/slf4j-parent/2.0.6/slf4j-parent-2.0.6.pom to /root/.gradle/.tmp/gradle_download13265529008779615430bin
2025-05-20T16:04:51.433+0000 [DEBUG] [org.apache.http.impl.conn.PoolingHttpClientConnectionManager] Connection [id: 1][route: {s}->https://repo.maven.apache.org:443] can be kept alive indefinitely
2025-05-20T16:04:51.433+0000 [DEBUG] [org.apache.http.impl.conn.DefaultManagedHttpClientConnection] http-outgoing-1: set socket timeout to 0
2025-05-20T16:04:51.433+0000 [DEBUG] [org.apache.http.impl.conn.PoolingHttpClientConnectionManager] Connection released: [id: 1][route: {s}->https://repo.maven.apache.org:443][total available: 3; route allocated: 3 of 20; total allocated: 3 of 20]
2025-05-20T16:04:51.433+0000 [DEBUG] [org.gradle.internal.operations.DefaultBuildOperationRunner] Build operation 'Download https://repo.maven.apache.org/maven2/org/slf4j/slf4j-parent/2.0.6/slf4j-parent-2.0.6.pom' completed
2025-05-20T16:04:51.438+0000 [DEBUG] [org.gradle.api.internal.artifacts.repositories.resolver.ExternalResourceResolver] Metadata file found for module 'org.slf4j:slf4j-parent:2.0.6' in repository 'MavenRepo'.
2025-05-20T16:04:51.438+0000 [DEBUG] [org.gradle.api.internal.artifacts.ivyservice.modulecache.PersistentModuleMetadataCache] Recording module descriptor in cache: org.slf4j:slf4j-parent:2.0.6 [changing = false]
2025-05-20T16:04:51.440+0000 [DEBUG] [org.gradle.api.internal.artifacts.ivyservice.ivyresolve.RepositoryChainComponentMetaDataResolver] Using org.slf4j:slf4j-parent:2.0.6 from Maven repository 'MavenRepo'
2025-05-20T16:04:51.443+0000 [DEBUG] [org.gradle.cache.internal.DefaultCacheCoordinator] Creating new cache for metadata-2.106/module-artifact, path /root/.gradle/caches/modules-2/metadata-2.106/module-artifact.bin, access org.gradle.cache.internal.DefaultCacheCoordinator@51e5f720
2025-05-20T16:04:51.443+0000 [DEBUG] [org.gradle.cache.internal.btree.BTreePersistentIndexedCache] Opening cache module-artifact.bin (/root/.gradle/caches/modules-2/metadata-2.106/module-artifact.bin)
2025-05-20T16:04:51.443+0000 [DEBUG] [org.gradle.api.internal.artifacts.repositories.resolver.DefaultExternalResourceArtifactResolver] Loading https://repo.maven.apache.org/maven2/org/slf4j/slf4j-parent/2.0.6/slf4j-parent-2.0.6.pom
2025-05-20T16:04:51.444+0000 [DEBUG] [org.gradle.internal.resource.transfer.DefaultCacheAwareExternalResourceAccessor] Constructing external resource: https://repo.maven.apache.org/maven2/org/slf4j/slf4j-parent/2.0.6/slf4j-parent-2.0.6.pom
2025-05-20T16:04:51.444+0000 [DEBUG] [org.gradle.api.internal.artifacts.ivyservice.ivyresolve.CachingModuleComponentRepository] Downloaded artifact 'slf4j-parent-2.0.6.pom (org.slf4j:slf4j-parent:2.0.6)' from resolver: MavenRepo
2025-05-20T16:04:51.448+0000 [DEBUG] [org.gradle.api.internal.artifacts.repositories.resolver.ExternalResourceResolver] Metadata file found for module 'org.slf4j:slf4j-api:2.0.6' in repository 'MavenRepo'.
2025-05-20T16:04:51.448+0000 [DEBUG] [org.gradle.api.internal.artifacts.ivyservice.modulecache.PersistentModuleMetadataCache] Recording module descriptor in cache: org.slf4j:slf4j-api:2.0.6 [changing = false]
2025-05-20T16:04:51.449+0000 [DEBUG] [org.gradle.api.internal.artifacts.ivyservice.ivyresolve.RepositoryChainComponentMetaDataResolver] Using org.slf4j:slf4j-api:2.0.6 from Maven repository 'MavenRepo'
2025-05-20T16:04:51.450+0000 [DEBUG] [org.gradle.api.internal.artifacts.ivyservice.resolveengine.graph.builder.DependencyGraphBuilder] Visiting configuration org.slf4j:slf4j-api:2.0.6(compile).
2025-05-20T16:04:51.455+0000 [DEBUG] [org.gradle.api.internal.artifacts.ivyservice.resolveengine.oldresult.TransientConfigurationResultsBuilder] Flushing resolved configuration data in Binary store in /root/.gradle/.tmp/gradle11735999878604168906.bin. Wrote root 2.
2025-05-20T16:04:51.457+0000 [DEBUG] [org.gradle.internal.operations.DefaultBuildOperationRunner] Build operation 'Resolve dependencies of :compileClasspath' completed
2025-05-20T16:04:51.458+0000 [DEBUG] [org.gradle.internal.component.model.LoggingAttributeMatchingExplanationBuilder] Selected match org.xerial:sqlite-jdbc:3.43.0.0 configuration compile from candidates [org.xerial:sqlite-jdbc:3.43.0.0 configuration compile] for {org.gradle.category=library, org.gradle.dependency.bundling=external, org.gradle.jvm.environment=standard-jvm, org.gradle.jvm.version=11, org.gradle.libraryelements=classes, org.gradle.usage=java-api}
2025-05-20T16:04:51.459+0000 [DEBUG] [org.gradle.internal.component.model.LoggingAttributeMatchingExplanationBuilder] Selected match org.postgresql:postgresql:42.6.0 configuration compile from candidates [org.postgresql:postgresql:42.6.0 configuration compile] for {org.gradle.category=library, org.gradle.dependency.bundling=external, org.gradle.jvm.environment=standard-jvm, org.gradle.jvm.version=11, org.gradle.libraryelements=classes, org.gradle.usage=java-api}
2025-05-20T16:04:51.459+0000 [DEBUG] [org.gradle.internal.component.model.LoggingAttributeMatchingExplanationBuilder] Selected match org.java-websocket:Java-WebSocket:1.5.4 configuration compile from candidates [org.java-websocket:Java-WebSocket:1.5.4 configuration compile] for {org.gradle.category=library, org.gradle.dependency.bundling=external, org.gradle.jvm.environment=standard-jvm, org.gradle.jvm.version=11, org.gradle.libraryelements=classes, org.gradle.usage=java-api}
2025-05-20T16:04:51.459+0000 [DEBUG] [org.gradle.internal.component.model.LoggingAttributeMatchingExplanationBuilder] Selected match org.slf4j:slf4j-api:2.0.6 configuration compile from candidates [org.slf4j:slf4j-api:2.0.6 configuration compile] for {org.gradle.category=library, org.gradle.dependency.bundling=external, org.gradle.jvm.environment=standard-jvm, org.gradle.jvm.version=11, org.gradle.libraryelements=classes, org.gradle.usage=java-api}
2025-05-20T16:04:51.462+0000 [DEBUG] [org.gradle.api.internal.artifacts.repositories.resolver.DefaultExternalResourceArtifactResolver] Loading https://repo.maven.apache.org/maven2/org/slf4j/slf4j-api/2.0.6/slf4j-api-2.0.6.jar
2025-05-20T16:04:51.462+0000 [DEBUG] [org.gradle.internal.resource.transfer.DefaultCacheAwareExternalResourceAccessor] Constructing external resource: https://repo.maven.apache.org/maven2/org/slf4j/slf4j-api/2.0.6/slf4j-api-2.0.6.jar
2025-05-20T16:04:51.462+0000 [DEBUG] [org.gradle.api.internal.artifacts.repositories.resolver.DefaultExternalResourceArtifactResolver] Loading https://repo.maven.apache.org/maven2/org/java-websocket/Java-WebSocket/1.5.4/Java-WebSocket-1.5.4.jar
2025-05-20T16:04:51.462+0000 [DEBUG] [org.gradle.internal.resource.transfer.DefaultCacheAwareExternalResourceAccessor] Constructing external resource: https://repo.maven.apache.org/maven2/org/java-websocket/Java-WebSocket/1.5.4/Java-WebSocket-1.5.4.jar
2025-05-20T16:04:51.462+0000 [DEBUG] [org.gradle.api.internal.artifacts.repositories.resolver.DefaultExternalResourceArtifactResolver] Loading https://repo.maven.apache.org/maven2/org/postgresql/postgresql/42.6.0/postgresql-42.6.0.jar
2025-05-20T16:04:51.462+0000 [DEBUG] [org.gradle.internal.resource.transfer.DefaultCacheAwareExternalResourceAccessor] Constructing external resource: https://repo.maven.apache.org/maven2/org/postgresql/postgresql/42.6.0/postgresql-42.6.0.jar
2025-05-20T16:04:51.462+0000 [DEBUG] [org.gradle.api.internal.artifacts.repositories.resolver.DefaultExternalResourceArtifactResolver] Loading https://repo.maven.apache.org/maven2/org/xerial/sqlite-jdbc/3.43.0.0/sqlite-jdbc-3.43.0.0.jar
2025-05-20T16:04:51.462+0000 [DEBUG] [org.gradle.internal.resource.transfer.DefaultCacheAwareExternalResourceAccessor] Constructing external resource: https://repo.maven.apache.org/maven2/org/xerial/sqlite-jdbc/3.43.0.0/sqlite-jdbc-3.43.0.0.jar
2025-05-20T16:04:51.463+0000 [DEBUG] [org.gradle.internal.resource.transport.http.HttpResourceAccessor] Constructing external resource: https://repo.maven.apache.org/maven2/org/slf4j/slf4j-api/2.0.6/slf4j-api-2.0.6.jar
2025-05-20T16:04:51.463+0000 [DEBUG] [org.gradle.internal.resource.transport.http.HttpResourceAccessor] Constructing external resource: https://repo.maven.apache.org/maven2/org/java-websocket/Java-WebSocket/1.5.4/Java-WebSocket-1.5.4.jar
2025-05-20T16:04:51.463+0000 [DEBUG] [org.gradle.internal.resource.transport.http.HttpResourceAccessor] Constructing external resource: https://repo.maven.apache.org/maven2/org/postgresql/postgresql/42.6.0/postgresql-42.6.0.jar
2025-05-20T16:04:51.463+0000 [DEBUG] [org.gradle.internal.resource.transport.http.HttpClientHelper] Performing HTTP GET: https://repo.maven.apache.org/maven2/org/java-websocket/Java-WebSocket/1.5.4/Java-WebSocket-1.5.4.jar
2025-05-20T16:04:51.463+0000 [DEBUG] [org.gradle.internal.resource.transport.http.HttpClientHelper] Performing HTTP GET: https://repo.maven.apache.org/maven2/org/slf4j/slf4j-api/2.0.6/slf4j-api-2.0.6.jar
2025-05-20T16:04:51.463+0000 [DEBUG] [org.gradle.internal.resource.transport.http.HttpClientHelper] Performing HTTP GET: https://repo.maven.apache.org/maven2/org/postgresql/postgresql/42.6.0/postgresql-42.6.0.jar
2025-05-20T16:04:51.463+0000 [DEBUG] [org.gradle.internal.resource.transport.http.HttpResourceAccessor] Constructing external resource: https://repo.maven.apache.org/maven2/org/xerial/sqlite-jdbc/3.43.0.0/sqlite-jdbc-3.43.0.0.jar
2025-05-20T16:04:51.463+0000 [DEBUG] [org.apache.http.client.protocol.RequestAddCookies] CookieSpec selected: default
2025-05-20T16:04:51.463+0000 [DEBUG] [org.apache.http.client.protocol.RequestAddCookies] CookieSpec selected: default
2025-05-20T16:04:51.463+0000 [DEBUG] [org.gradle.internal.resource.transport.http.HttpClientHelper] Performing HTTP GET: https://repo.maven.apache.org/maven2/org/xerial/sqlite-jdbc/3.43.0.0/sqlite-jdbc-3.43.0.0.jar
2025-05-20T16:04:51.463+0000 [DEBUG] [org.apache.http.client.protocol.RequestAuthCache] Auth cache not set in the context
2025-05-20T16:04:51.463+0000 [DEBUG] [org.apache.http.client.protocol.RequestAuthCache] Auth cache not set in the context
2025-05-20T16:04:51.463+0000 [DEBUG] [org.apache.http.client.protocol.RequestAddCookies] CookieSpec selected: default
2025-05-20T16:04:51.463+0000 [DEBUG] [org.apache.http.impl.conn.PoolingHttpClientConnectionManager] Connection request: [route: {s}->https://repo.maven.apache.org:443][total available: 3; route allocated: 3 of 20; total allocated: 3 of 20]
2025-05-20T16:04:51.463+0000 [DEBUG] [org.apache.http.client.protocol.RequestAuthCache] Auth cache not set in the context
2025-05-20T16:04:51.463+0000 [DEBUG] [org.apache.http.impl.conn.PoolingHttpClientConnectionManager] Connection request: [route: {s}->https://repo.maven.apache.org:443][total available: 3; route allocated: 3 of 20; total allocated: 3 of 20]
2025-05-20T16:04:51.463+0000 [DEBUG] [org.apache.http.impl.conn.PoolingHttpClientConnectionManager] Connection request: [route: {s}->https://repo.maven.apache.org:443][total available: 2; route allocated: 3 of 20; total allocated: 3 of 20]
2025-05-20T16:04:51.463+0000 [DEBUG] [org.apache.http.client.protocol.RequestAddCookies] CookieSpec selected: default
2025-05-20T16:04:51.463+0000 [DEBUG] [org.apache.http.impl.conn.PoolingHttpClientConnectionManager] Connection leased: [id: 0][route: {s}->https://repo.maven.apache.org:443][total available: 0; route allocated: 3 of 20; total allocated: 3 of 20]
2025-05-20T16:04:51.463+0000 [DEBUG] [org.apache.http.client.protocol.RequestAuthCache] Auth cache not set in the context
2025-05-20T16:04:51.463+0000 [DEBUG] [org.apache.http.impl.conn.PoolingHttpClientConnectionManager] Connection leased: [id: 1][route: {s}->https://repo.maven.apache.org:443][total available: 2; route allocated: 3 of 20; total allocated: 3 of 20]
2025-05-20T16:04:51.463+0000 [DEBUG] [org.apache.http.impl.conn.PoolingHttpClientConnectionManager] Connection request: [route: {s}->https://repo.maven.apache.org:443][total available: 0; route allocated: 3 of 20; total allocated: 3 of 20]
2025-05-20T16:04:51.463+0000 [DEBUG] [org.apache.http.impl.conn.DefaultManagedHttpClientConnection] http-outgoing-0: set socket timeout to 30000
2025-05-20T16:04:51.463+0000 [DEBUG] [org.apache.http.impl.conn.PoolingHttpClientConnectionManager] Connection leased: [id: 2][route: {s}->https://repo.maven.apache.org:443][total available: 0; route allocated: 3 of 20; total allocated: 3 of 20]
2025-05-20T16:04:51.463+0000 [DEBUG] [org.apache.http.impl.conn.PoolingHttpClientConnectionManager] Connection leased: [id: 3][route: {s}->https://repo.maven.apache.org:443][total available: 0; route allocated: 4 of 20; total allocated: 4 of 20]
2025-05-20T16:04:51.463+0000 [DEBUG] [org.apache.http.impl.conn.DefaultManagedHttpClientConnection] http-outgoing-1: set socket timeout to 30000
2025-05-20T16:04:51.464+0000 [DEBUG] [org.apache.http.impl.execchain.MainClientExec] Opening connection {s}->https://repo.maven.apache.org:443
2025-05-20T16:04:51.464+0000 [DEBUG] [org.apache.http.impl.conn.DefaultManagedHttpClientConnection] http-outgoing-0: set socket timeout to 30000
2025-05-20T16:04:51.464+0000 [DEBUG] [org.apache.http.impl.conn.DefaultManagedHttpClientConnection] http-outgoing-2: set socket timeout to 30000
2025-05-20T16:04:51.464+0000 [DEBUG] [org.apache.http.impl.execchain.MainClientExec] Executing request GET /maven2/org/slf4j/slf4j-api/2.0.6/slf4j-api-2.0.6.jar HTTP/1.1
2025-05-20T16:04:51.464+0000 [DEBUG] [org.apache.http.impl.conn.DefaultManagedHttpClientConnection] http-outgoing-1: set socket timeout to 30000
2025-05-20T16:04:51.464+0000 [DEBUG] [org.apache.http.impl.execchain.MainClientExec] Target auth state: UNCHALLENGED
2025-05-20T16:04:51.464+0000 [DEBUG] [org.apache.http.impl.conn.DefaultHttpClientConnectionOperator] Connecting to repo.maven.apache.org/151.101.204.215:443
2025-05-20T16:04:51.465+0000 [DEBUG] [org.apache.http.conn.ssl.SSLConnectionSocketFactory] Connecting socket to repo.maven.apache.org/151.101.204.215:443 with timeout 30000
2025-05-20T16:04:51.465+0000 [DEBUG] [org.apache.http.impl.execchain.MainClientExec] Proxy auth state: UNCHALLENGED
2025-05-20T16:04:51.465+0000 [DEBUG] [org.apache.http.impl.execchain.MainClientExec] Executing request GET /maven2/org/java-websocket/Java-WebSocket/1.5.4/Java-WebSocket-1.5.4.jar HTTP/1.1
2025-05-20T16:04:51.465+0000 [DEBUG] [org.apache.http.impl.conn.DefaultManagedHttpClientConnection] http-outgoing-2: set socket timeout to 30000
2025-05-20T16:04:51.465+0000 [DEBUG] [org.apache.http.impl.execchain.MainClientExec] Target auth state: UNCHALLENGED
2025-05-20T16:04:51.465+0000 [DEBUG] [org.apache.http.impl.execchain.MainClientExec] Executing request GET /maven2/org/postgresql/postgresql/42.6.0/postgresql-42.6.0.jar HTTP/1.1
2025-05-20T16:04:51.465+0000 [DEBUG] [org.apache.http.impl.execchain.MainClientExec] Proxy auth state: UNCHALLENGED
2025-05-20T16:04:51.465+0000 [DEBUG] [org.apache.http.impl.execchain.MainClientExec] Target auth state: UNCHALLENGED
2025-05-20T16:04:51.465+0000 [DEBUG] [org.apache.http.impl.execchain.MainClientExec] Proxy auth state: UNCHALLENGED
2025-05-20T16:04:51.484+0000 [DEBUG] [org.apache.http.conn.ssl.SSLConnectionSocketFactory] Enabled protocols: [TLSv1.2, TLSv1.3]
2025-05-20T16:04:51.484+0000 [DEBUG] [org.apache.http.conn.ssl.SSLConnectionSocketFactory] Enabled cipher suites:[TLS_AES_256_GCM_SHA384, TLS_AES_128_GCM_SHA256, TLS_CHACHA20_POLY1305_SHA256, TLS_ECDHE_ECDSA_WITH_AES_256_GCM_SHA384, TLS_ECDHE_ECDSA_WITH_AES_128_GCM_SHA256, TLS_ECDHE_ECDSA_WITH_CHACHA20_POLY1305_SHA256, TLS_ECDHE_RSA_WITH_AES_256_GCM_SHA384, TLS_ECDHE_RSA_WITH_CHACHA20_POLY1305_SHA256, TLS_ECDHE_RSA_WITH_AES_128_GCM_SHA256, TLS_DHE_RSA_WITH_AES_256_GCM_SHA384, TLS_DHE_RSA_WITH_CHACHA20_POLY1305_SHA256, TLS_DHE_DSS_WITH_AES_256_GCM_SHA384, TLS_DHE_RSA_WITH_AES_128_GCM_SHA256, TLS_DHE_DSS_WITH_AES_128_GCM_SHA256, TLS_ECDHE_ECDSA_WITH_AES_256_CBC_SHA384, TLS_ECDHE_RSA_WITH_AES_256_CBC_SHA384, TLS_ECDHE_ECDSA_WITH_AES_128_CBC_SHA256, TLS_ECDHE_RSA_WITH_AES_128_CBC_SHA256, TLS_DHE_RSA_WITH_AES_256_CBC_SHA256, TLS_DHE_DSS_WITH_AES_256_CBC_SHA256, TLS_DHE_RSA_WITH_AES_128_CBC_SHA256, TLS_DHE_DSS_WITH_AES_128_CBC_SHA256, TLS_ECDHE_ECDSA_WITH_AES_256_CBC_SHA, TLS_ECDHE_RSA_WITH_AES_256_CBC_SHA, TLS_ECDHE_ECDSA_WITH_AES_128_CBC_SHA, TLS_ECDHE_RSA_WITH_AES_128_CBC_SHA, TLS_DHE_RSA_WITH_AES_256_CBC_SHA, TLS_DHE_DSS_WITH_AES_256_CBC_SHA, TLS_DHE_RSA_WITH_AES_128_CBC_SHA, TLS_DHE_DSS_WITH_AES_128_CBC_SHA, TLS_RSA_WITH_AES_256_GCM_SHA384, TLS_RSA_WITH_AES_128_GCM_SHA256, TLS_RSA_WITH_AES_256_CBC_SHA256, TLS_RSA_WITH_AES_128_CBC_SHA256, TLS_RSA_WITH_AES_256_CBC_SHA, TLS_RSA_WITH_AES_128_CBC_SHA, TLS_EMPTY_RENEGOTIATION_INFO_SCSV]
2025-05-20T16:04:51.484+0000 [DEBUG] [org.apache.http.conn.ssl.SSLConnectionSocketFactory] Starting handshake
2025-05-20T16:04:51.485+0000 [DEBUG] [org.apache.http.impl.execchain.MainClientExec] Connection can be kept alive indefinitely
2025-05-20T16:04:51.485+0000 [DEBUG] [org.apache.http.impl.execchain.MainClientExec] Connection can be kept alive indefinitely
2025-05-20T16:04:51.485+0000 [DEBUG] [org.gradle.internal.resource.transport.http.HttpResponseResource] Attempting to download resource https://repo.maven.apache.org/maven2/org/java-websocket/Java-WebSocket/1.5.4/Java-WebSocket-1.5.4.jar.
2025-05-20T16:04:51.485+0000 [DEBUG] [org.gradle.internal.resource.transport.http.HttpResponseResource] Attempting to download resource https://repo.maven.apache.org/maven2/org/slf4j/slf4j-api/2.0.6/slf4j-api-2.0.6.jar.
2025-05-20T16:04:51.485+0000 [INFO] [org.gradle.internal.resource.transfer.DefaultCacheAwareExternalResourceAccessor] Downloading https://repo.maven.apache.org/maven2/org/java-websocket/Java-WebSocket/1.5.4/Java-WebSocket-1.5.4.jar to /root/.gradle/.tmp/gradle_download6467650167197877862bin
2025-05-20T16:04:51.486+0000 [INFO] [org.gradle.internal.resource.transfer.DefaultCacheAwareExternalResourceAccessor] Downloading https://repo.maven.apache.org/maven2/org/slf4j/slf4j-api/2.0.6/slf4j-api-2.0.6.jar to /root/.gradle/.tmp/gradle_download12198845319955959511bin
2025-05-20T16:04:51.492+0000 [DEBUG] [org.apache.http.impl.execchain.MainClientExec] Connection can be kept alive indefinitely
2025-05-20T16:04:51.493+0000 [DEBUG] [org.gradle.internal.resource.transport.http.HttpResponseResource] Attempting to download resource https://repo.maven.apache.org/maven2/org/postgresql/postgresql/42.6.0/postgresql-42.6.0.jar.
2025-05-20T16:04:51.493+0000 [INFO] [org.gradle.internal.resource.transfer.DefaultCacheAwareExternalResourceAccessor] Downloading https://repo.maven.apache.org/maven2/org/postgresql/postgresql/42.6.0/postgresql-42.6.0.jar to /root/.gradle/.tmp/gradle_download1758596018501267389bin
2025-05-20T16:04:51.504+0000 [DEBUG] [org.apache.http.conn.ssl.SSLConnectionSocketFactory] Secure session established
2025-05-20T16:04:51.504+0000 [DEBUG] [org.apache.http.conn.ssl.SSLConnectionSocketFactory]  negotiated protocol: TLSv1.2
2025-05-20T16:04:51.504+0000 [DEBUG] [org.apache.http.conn.ssl.SSLConnectionSocketFactory]  negotiated cipher suite: TLS_ECDHE_RSA_WITH_CHACHA20_POLY1305_SHA256
2025-05-20T16:04:51.504+0000 [DEBUG] [org.apache.http.conn.ssl.SSLConnectionSocketFactory]  peer principal: CN=repo.maven.apache.org
2025-05-20T16:04:51.504+0000 [DEBUG] [org.apache.http.conn.ssl.SSLConnectionSocketFactory]  peer alternative names: [repo.maven.apache.org]
2025-05-20T16:04:51.504+0000 [DEBUG] [org.apache.http.conn.ssl.SSLConnectionSocketFactory]  issuer principal: CN=GlobalSign Atlas R3 DV TLS CA 2024 Q4, O=GlobalSign nv-sa, C=BE
2025-05-20T16:04:51.504+0000 [DEBUG] [org.apache.http.impl.conn.DefaultHttpClientConnectionOperator] Connection established 172.17.0.12:35252<->151.101.204.215:443
2025-05-20T16:04:51.505+0000 [DEBUG] [org.apache.http.impl.conn.DefaultManagedHttpClientConnection] http-outgoing-3: set socket timeout to 30000
2025-05-20T16:04:51.505+0000 [DEBUG] [org.apache.http.impl.execchain.MainClientExec] Executing request GET /maven2/org/xerial/sqlite-jdbc/3.43.0.0/sqlite-jdbc-3.43.0.0.jar HTTP/1.1
2025-05-20T16:04:51.505+0000 [DEBUG] [org.apache.http.impl.execchain.MainClientExec] Target auth state: UNCHALLENGED
2025-05-20T16:04:51.505+0000 [DEBUG] [org.apache.http.impl.execchain.MainClientExec] Proxy auth state: UNCHALLENGED
2025-05-20T16:04:51.519+0000 [DEBUG] [org.apache.http.impl.conn.PoolingHttpClientConnectionManager] Connection [id: 0][route: {s}->https://repo.maven.apache.org:443] can be kept alive indefinitely
2025-05-20T16:04:51.519+0000 [DEBUG] [org.apache.http.impl.conn.DefaultManagedHttpClientConnection] http-outgoing-0: set socket timeout to 0
2025-05-20T16:04:51.519+0000 [DEBUG] [org.apache.http.impl.conn.PoolingHttpClientConnectionManager] Connection released: [id: 0][route: {s}->https://repo.maven.apache.org:443][total available: 1; route allocated: 4 of 20; total allocated: 4 of 20]
2025-05-20T16:04:51.520+0000 [DEBUG] [org.gradle.internal.operations.DefaultBuildOperationRunner] Build operation 'Download https://repo.maven.apache.org/maven2/org/slf4j/slf4j-api/2.0.6/slf4j-api-2.0.6.jar' completed
2025-05-20T16:04:51.521+0000 [DEBUG] [org.gradle.api.internal.artifacts.ivyservice.ivyresolve.CachingModuleComponentRepository] Downloaded artifact 'slf4j-api-2.0.6.jar (org.slf4j:slf4j-api:2.0.6)' from resolver: MavenRepo
2025-05-20T16:04:51.533+0000 [DEBUG] [org.apache.http.impl.execchain.MainClientExec] Connection can be kept alive indefinitely
2025-05-20T16:04:51.533+0000 [DEBUG] [org.gradle.internal.resource.transport.http.HttpResponseResource] Attempting to download resource https://repo.maven.apache.org/maven2/org/xerial/sqlite-jdbc/3.43.0.0/sqlite-jdbc-3.43.0.0.jar.
2025-05-20T16:04:51.534+0000 [INFO] [org.gradle.internal.resource.transfer.DefaultCacheAwareExternalResourceAccessor] Downloading https://repo.maven.apache.org/maven2/org/xerial/sqlite-jdbc/3.43.0.0/sqlite-jdbc-3.43.0.0.jar to /root/.gradle/.tmp/gradle_download13452299135538585534bin
2025-05-20T16:04:51.538+0000 [DEBUG] [org.apache.http.impl.conn.PoolingHttpClientConnectionManager] Connection [id: 1][route: {s}->https://repo.maven.apache.org:443] can be kept alive indefinitely
2025-05-20T16:04:51.538+0000 [DEBUG] [org.apache.http.impl.conn.DefaultManagedHttpClientConnection] http-outgoing-1: set socket timeout to 0
2025-05-20T16:04:51.538+0000 [DEBUG] [org.apache.http.impl.conn.PoolingHttpClientConnectionManager] Connection released: [id: 1][route: {s}->https://repo.maven.apache.org:443][total available: 2; route allocated: 4 of 20; total allocated: 4 of 20]
2025-05-20T16:04:51.538+0000 [DEBUG] [org.gradle.internal.operations.DefaultBuildOperationRunner] Build operation 'Download https://repo.maven.apache.org/maven2/org/java-websocket/Java-WebSocket/1.5.4/Java-WebSocket-1.5.4.jar' completed
2025-05-20T16:04:51.539+0000 [DEBUG] [org.gradle.api.internal.artifacts.ivyservice.ivyresolve.CachingModuleComponentRepository] Downloaded artifact 'Java-WebSocket-1.5.4.jar (org.java-websocket:Java-WebSocket:1.5.4)' from resolver: MavenRepo
2025-05-20T16:04:51.620+0000 [DEBUG] [org.apache.http.impl.conn.PoolingHttpClientConnectionManager] Connection [id: 2][route: {s}->https://repo.maven.apache.org:443] can be kept alive indefinitely
2025-05-20T16:04:51.620+0000 [DEBUG] [org.apache.http.impl.conn.DefaultManagedHttpClientConnection] http-outgoing-2: set socket timeout to 0
2025-05-20T16:04:51.620+0000 [DEBUG] [org.apache.http.impl.conn.PoolingHttpClientConnectionManager] Connection released: [id: 2][route: {s}->https://repo.maven.apache.org:443][total available: 3; route allocated: 4 of 20; total allocated: 4 of 20]
2025-05-20T16:04:51.620+0000 [DEBUG] [org.gradle.internal.operations.DefaultBuildOperationRunner] Build operation 'Download https://repo.maven.apache.org/maven2/org/postgresql/postgresql/42.6.0/postgresql-42.6.0.jar' completed
2025-05-20T16:04:51.623+0000 [DEBUG] [org.gradle.api.internal.artifacts.ivyservice.ivyresolve.CachingModuleComponentRepository] Downloaded artifact 'postgresql-42.6.0.jar (org.postgresql:postgresql:42.6.0)' from resolver: MavenRepo
2025-05-20T16:04:52.011+0000 [DEBUG] [org.apache.http.impl.conn.PoolingHttpClientConnectionManager] Connection [id: 3][route: {s}->https://repo.maven.apache.org:443] can be kept alive indefinitely
2025-05-20T16:04:52.012+0000 [DEBUG] [org.apache.http.impl.conn.DefaultManagedHttpClientConnection] http-outgoing-3: set socket timeout to 0
2025-05-20T16:04:52.012+0000 [DEBUG] [org.apache.http.impl.conn.PoolingHttpClientConnectionManager] Connection released: [id: 3][route: {s}->https://repo.maven.apache.org:443][total available: 4; route allocated: 4 of 20; total allocated: 4 of 20]
2025-05-20T16:04:52.012+0000 [DEBUG] [org.gradle.internal.operations.DefaultBuildOperationRunner] Build operation 'Download https://repo.maven.apache.org/maven2/org/xerial/sqlite-jdbc/3.43.0.0/sqlite-jdbc-3.43.0.0.jar' completed
2025-05-20T16:04:52.021+0000 [DEBUG] [org.gradle.api.internal.artifacts.ivyservice.ivyresolve.CachingModuleComponentRepository] Downloaded artifact 'sqlite-jdbc-3.43.0.0.jar (org.xerial:sqlite-jdbc:3.43.0.0)' from resolver: MavenRepo
2025-05-20T16:04:52.022+0000 [DEBUG] [org.gradle.internal.operations.DefaultBuildOperationRunner] Build operation 'Resolve sqlite-jdbc-3.43.0.0.jar (org.xerial:sqlite-jdbc:3.43.0.0)' completed
2025-05-20T16:04:52.050+0000 [DEBUG] [org.gradle.internal.operations.DefaultBuildOperationRunner] Build operation 'Resolve files of :compileClasspath' completed
2025-05-20T16:04:52.131+0000 [DEBUG] [org.gradle.internal.operations.DefaultBuildOperationRunner] Build operation 'Resolve dependencies of :annotationProcessor' completed
2025-05-20T16:04:52.132+0000 [DEBUG] [org.gradle.internal.operations.DefaultBuildOperationRunner] Build operation 'Snapshot inputs and outputs before executing task ':compileJava'' completed
2025-05-20T16:04:52.153+0000 [DEBUG] [org.gradle.internal.operations.DefaultBuildOperationRunner] Build operation 'Resolve files of :compileClasspath' completed
2025-05-20T16:04:52.156+0000 [INFO] [org.gradle.internal.execution.steps.ResolveCachingStateStep] Caching disabled for task ':compileJava' because:
  Build cache is disabled
2025-05-20T16:04:52.158+0000 [DEBUG] [org.gradle.internal.execution.steps.SkipUpToDateStep] Determining if task ':compileJava' is up-to-date
2025-05-20T16:04:52.159+0000 [INFO] [org.gradle.internal.execution.steps.SkipUpToDateStep] Task ':compileJava' is not up-to-date because:
  No history is available.
2025-05-20T16:04:52.159+0000 [INFO] [org.gradle.internal.execution.steps.ResolveInputChangesStep] The input changes require a full rebuild for incremental task ':compileJava'.
2025-05-20T16:04:52.160+0000 [DEBUG] [org.gradle.internal.vfs.impl.AbstractVirtualFileSystem] Invalidating VFS paths: [/ws-code/build/classes/java/main, /ws-code/build/generated/sources/annotationProcessor/java/main, /ws-code/build/generated/sources/headers/java/main, /ws-code/build/tmp/compileJava/previous-compilation-data.bin]
2025-05-20T16:04:52.162+0000 [DEBUG] [org.gradle.internal.execution.steps.CreateOutputsStep] Ensuring directory exists for property destinationDirectory at /ws-code/build/classes/java/main
2025-05-20T16:04:52.193+0000 [DEBUG] [org.gradle.internal.execution.steps.CreateOutputsStep] Ensuring directory exists for property options.generatedSourceOutputDirectory at /ws-code/build/generated/sources/annotationProcessor/java/main
2025-05-20T16:04:52.259+0000 [DEBUG] [org.gradle.internal.execution.steps.CreateOutputsStep] Ensuring directory exists for property options.headerOutputDirectory at /ws-code/build/generated/sources/headers/java/main
2025-05-20T16:04:52.298+0000 [DEBUG] [org.gradle.internal.execution.steps.CreateOutputsStep] Ensuring parent directory exists for property previousCompilationData at /ws-code/build/tmp/compileJava/previous-compilation-data.bin
2025-05-20T16:04:52.320+0000 [DEBUG] [org.gradle.internal.file.impl.DefaultDeleter] Deleting /ws-code/build/classes/java/main
2025-05-20T16:04:52.349+0000 [DEBUG] [org.gradle.internal.file.impl.DefaultDeleter] Deleting /ws-code/build/generated/sources/annotationProcessor/java/main
2025-05-20T16:04:52.376+0000 [DEBUG] [org.gradle.internal.file.impl.DefaultDeleter] Deleting /ws-code/build/generated/sources/headers/java/main
2025-05-20T16:04:52.390+0000 [DEBUG] [org.gradle.api.internal.tasks.execution.TaskExecution] Executing actions for task ':compileJava'.
2025-05-20T16:04:52.396+0000 [DEBUG] [org.gradle.internal.operations.DefaultBuildOperationRunner] Build operation 'Resolve files of :compileClasspath' completed
2025-05-20T16:04:52.401+0000 [DEBUG] [org.gradle.cache.internal.DefaultCacheCoordinator] Creating new cache for jarAnalysis, path /root/.gradle/caches/8.2/javaCompile/jarAnalysis.bin, access org.gradle.cache.internal.DefaultCacheCoordinator@67725b4
2025-05-20T16:04:52.401+0000 [DEBUG] [org.gradle.cache.internal.DefaultInMemoryCacheDecoratorFactory] Creating in-memory store for cache /root/.gradle/caches/8.2/javaCompile/jarAnalysis.bin (max size: 9500)
2025-05-20T16:04:52.401+0000 [DEBUG] [org.gradle.cache.internal.LockOnDemandCrossProcessCacheAccess] Acquiring file lock for Java compile cache (/root/.gradle/caches/8.2/javaCompile)
2025-05-20T16:04:52.401+0000 [DEBUG] [org.gradle.cache.internal.DefaultFileLockManager] Waiting to acquire exclusive lock on Java compile cache (/root/.gradle/caches/8.2/javaCompile).
2025-05-20T16:04:52.401+0000 [DEBUG] [org.gradle.cache.internal.DefaultFileLockManager] Lock acquired on Java compile cache (/root/.gradle/caches/8.2/javaCompile).
2025-05-20T16:04:52.402+0000 [DEBUG] [org.gradle.cache.internal.DefaultCacheCoordinator] Creating new cache for classAnalysis, path /root/.gradle/caches/8.2/javaCompile/classAnalysis.bin, access org.gradle.cache.internal.DefaultCacheCoordinator@67725b4
2025-05-20T16:04:52.402+0000 [DEBUG] [org.gradle.cache.internal.DefaultInMemoryCacheDecoratorFactory] Creating in-memory store for cache /root/.gradle/caches/8.2/javaCompile/classAnalysis.bin (max size: 190500)
2025-05-20T16:04:52.405+0000 [INFO] [org.gradle.api.internal.tasks.compile.incremental.SelectiveCompiler] Full recompilation is required because no incremental change information is available. This is usually caused by clean builds or changing compiler arguments.
2025-05-20T16:04:52.406+0000 [INFO] [org.gradle.jvm.toolchain.internal.DefaultToolchainJavaCompiler] Compiling with toolchain '/usr/lib/jvm/java-11-openjdk-amd64'.
2025-05-20T16:04:52.428+0000 [DEBUG] [org.gradle.api.internal.tasks.compile.NormalizingJavaCompiler] Compiler arguments: -source 11 -target 11 -d /ws-code/build/classes/java/main -h /ws-code/build/generated/sources/headers/java/main -g -sourcepath "" -proc:none -s /ws-code/build/generated/sources/annotationProcessor/java/main -XDuseUnsharedTable=true -classpath /root/.gradle/caches/modules-2/files-2.1/org.xerial/sqlite-jdbc/3.43.0.0/7a0b833081794081789af7b6d54a23ea0247f98f/sqlite-jdbc-3.43.0.0.jar:/root/.gradle/caches/modules-2/files-2.1/org.postgresql/postgresql/42.6.0/7614cfce466145b84972781ab0079b8dea49e363/postgresql-42.6.0.jar:/root/.gradle/caches/modules-2/files-2.1/org.java-websocket/Java-WebSocket/1.5.4/58242a8c9a30ecf23548761a7d6c08735c0eaec3/Java-WebSocket-1.5.4.jar:/root/.gradle/caches/modules-2/files-2.1/org.slf4j/slf4j-api/2.0.6/88c40d8b4f33326f19a7d3c0aaf2c7e8721d4953/slf4j-api-2.0.6.jar /ws-code/src/main/java/io/redrays/ws/concept/client/WebSocketParallel_Failed.java /ws-code/src/main/java/io/redrays/ws/concept/client/WebSocketParallel_Success.java /ws-code/src/main/java/io/redrays/ws/concept/server/EchoWebSocketServer.java
2025-05-20T16:04:52.428+0000 [INFO] [org.gradle.api.internal.tasks.compile.JdkJavaCompiler] Compiling with JDK Java compiler API.
2025-05-20T16:04:53.038+0000 [LIFECYCLE] [org.gradle.cache.internal.btree.BTreePersistentIndexedCache] 
2025-05-20T16:04:53.038+0000 [DEBUG] [org.gradle.cache.internal.btree.BTreePersistentIndexedCache] Opening cache classAnalysis.bin (/root/.gradle/caches/8.2/javaCompile/classAnalysis.bin)
2025-05-20T16:04:53.088+0000 [DEBUG] [org.gradle.internal.operations.DefaultBuildOperationRunner] Build operation 'Create incremental compile snapshot for /root/.gradle/caches/modules-2/files-2.1/org.xerial/sqlite-jdbc/3.43.0.0/7a0b833081794081789af7b6d54a23ea0247f98f/sqlite-jdbc-3.43.0.0.jar' started
2025-05-20T16:04:53.088+0000 [DEBUG] [org.gradle.internal.resources.AbstractTrackedResourceLock] Build operations: acquired lock on worker lease
2025-05-20T16:04:53.088+0000 [DEBUG] [org.gradle.internal.operations.DefaultBuildOperationRunner] Build operation 'Create incremental compile snapshot for /root/.gradle/caches/modules-2/files-2.1/org.postgresql/postgresql/42.6.0/7614cfce466145b84972781ab0079b8dea49e363/postgresql-42.6.0.jar' started
2025-05-20T16:04:53.088+0000 [DEBUG] [org.gradle.internal.resources.AbstractTrackedResourceLock] Build operations Thread 2: acquired lock on worker lease
2025-05-20T16:04:53.088+0000 [DEBUG] [org.gradle.internal.operations.DefaultBuildOperationRunner] Build operation 'Create incremental compile snapshot for /root/.gradle/caches/modules-2/files-2.1/org.java-websocket/Java-WebSocket/1.5.4/58242a8c9a30ecf23548761a7d6c08735c0eaec3/Java-WebSocket-1.5.4.jar' started
2025-05-20T16:04:53.089+0000 [DEBUG] [org.gradle.internal.resources.AbstractTrackedResourceLock] Build operations Thread 4: acquired lock on worker lease
2025-05-20T16:04:53.089+0000 [DEBUG] [org.gradle.internal.operations.DefaultBuildOperationRunner] Build operation 'Create incremental compile snapshot for /root/.gradle/caches/modules-2/files-2.1/org.slf4j/slf4j-api/2.0.6/88c40d8b4f33326f19a7d3c0aaf2c7e8721d4953/slf4j-api-2.0.6.jar' started
2025-05-20T16:04:53.089+0000 [DEBUG] [org.gradle.cache.internal.btree.BTreePersistentIndexedCache] Opening cache jarAnalysis.bin (/root/.gradle/caches/8.2/javaCompile/jarAnalysis.bin)
2025-05-20T16:04:53.143+0000 [DEBUG] [org.gradle.internal.operations.DefaultBuildOperationRunner] Completing Build operation 'Create incremental compile snapshot for /root/.gradle/caches/modules-2/files-2.1/org.slf4j/slf4j-api/2.0.6/88c40d8b4f33326f19a7d3c0aaf2c7e8721d4953/slf4j-api-2.0.6.jar'
2025-05-20T16:04:53.143+0000 [DEBUG] [org.gradle.internal.operations.DefaultBuildOperationRunner] Build operation 'Create incremental compile snapshot for /root/.gradle/caches/modules-2/files-2.1/org.slf4j/slf4j-api/2.0.6/88c40d8b4f33326f19a7d3c0aaf2c7e8721d4953/slf4j-api-2.0.6.jar' completed
2025-05-20T16:04:53.143+0000 [DEBUG] [org.gradle.internal.resources.AbstractTrackedResourceLock] Build operations Thread 4: released lock on worker lease
2025-05-20T16:04:53.143+0000 [DEBUG] [org.gradle.internal.resources.AbstractTrackedResourceLock] included builds: acquired lock on worker lease
2025-05-20T16:04:53.143+0000 [DEBUG] [org.gradle.internal.resources.AbstractTrackedResourceLock] included builds: released lock on worker lease
2025-05-20T16:04:53.143+0000 [DEBUG] [org.gradle.internal.resources.AbstractTrackedResourceLock] Execution worker Thread 31: acquired lock on worker lease
2025-05-20T16:04:53.143+0000 [DEBUG] [org.gradle.internal.resources.AbstractTrackedResourceLock] Execution worker Thread 31: released lock on worker lease
2025-05-20T16:04:53.143+0000 [DEBUG] [org.gradle.internal.resources.AbstractTrackedResourceLock] Execution worker Thread 27: acquired lock on worker lease
2025-05-20T16:04:53.143+0000 [DEBUG] [org.gradle.internal.resources.AbstractTrackedResourceLock] Execution worker Thread 27: released lock on worker lease
2025-05-20T16:04:53.143+0000 [DEBUG] [org.gradle.internal.resources.AbstractTrackedResourceLock] Execution worker Thread 28: acquired lock on worker lease
2025-05-20T16:04:53.143+0000 [DEBUG] [org.gradle.internal.resources.AbstractTrackedResourceLock] Execution worker Thread 28: released lock on worker lease
2025-05-20T16:04:53.143+0000 [DEBUG] [org.gradle.internal.resources.AbstractTrackedResourceLock] Execution worker Thread 29: acquired lock on worker lease
2025-05-20T16:04:53.143+0000 [DEBUG] [org.gradle.internal.resources.AbstractTrackedResourceLock] Execution worker Thread 29: released lock on worker lease
2025-05-20T16:04:53.143+0000 [DEBUG] [org.gradle.internal.resources.AbstractTrackedResourceLock] Execution worker Thread 21: acquired lock on worker lease
2025-05-20T16:04:53.143+0000 [DEBUG] [org.gradle.internal.resources.AbstractTrackedResourceLock] Execution worker Thread 21: released lock on worker lease
2025-05-20T16:04:53.143+0000 [DEBUG] [org.gradle.internal.resources.AbstractTrackedResourceLock] Execution worker Thread 23: acquired lock on worker lease
2025-05-20T16:04:53.143+0000 [DEBUG] [org.gradle.internal.resources.AbstractTrackedResourceLock] Execution worker Thread 23: released lock on worker lease
2025-05-20T16:04:53.143+0000 [DEBUG] [org.gradle.internal.resources.AbstractTrackedResourceLock] Execution worker Thread 24: acquired lock on worker lease
2025-05-20T16:04:53.143+0000 [DEBUG] [org.gradle.internal.resources.AbstractTrackedResourceLock] Execution worker Thread 24: released lock on worker lease
2025-05-20T16:04:53.144+0000 [DEBUG] [org.gradle.internal.resources.AbstractTrackedResourceLock] Execution worker Thread 25: acquired lock on worker lease
2025-05-20T16:04:53.144+0000 [DEBUG] [org.gradle.internal.resources.AbstractTrackedResourceLock] Execution worker Thread 25: released lock on worker lease
2025-05-20T16:04:53.144+0000 [DEBUG] [org.gradle.internal.resources.AbstractTrackedResourceLock] Execution worker Thread 26: acquired lock on worker lease
2025-05-20T16:04:53.144+0000 [DEBUG] [org.gradle.internal.resources.AbstractTrackedResourceLock] Execution worker Thread 26: released lock on worker lease
2025-05-20T16:04:53.144+0000 [DEBUG] [org.gradle.internal.resources.AbstractTrackedResourceLock] Execution worker Thread 10: acquired lock on worker lease
2025-05-20T16:04:53.144+0000 [DEBUG] [org.gradle.internal.resources.AbstractTrackedResourceLock] Execution worker Thread 10: released lock on worker lease
2025-05-20T16:04:53.144+0000 [DEBUG] [org.gradle.internal.resources.AbstractTrackedResourceLock] Execution worker Thread 11: acquired lock on worker lease
2025-05-20T16:04:53.144+0000 [DEBUG] [org.gradle.internal.resources.AbstractTrackedResourceLock] Execution worker Thread 11: released lock on worker lease
2025-05-20T16:04:53.144+0000 [DEBUG] [org.gradle.internal.resources.AbstractTrackedResourceLock] Execution worker Thread 12: acquired lock on worker lease
2025-05-20T16:04:53.144+0000 [DEBUG] [org.gradle.internal.resources.AbstractTrackedResourceLock] Execution worker Thread 12: released lock on worker lease
2025-05-20T16:04:53.144+0000 [DEBUG] [org.gradle.internal.resources.AbstractTrackedResourceLock] Execution worker Thread 13: acquired lock on worker lease
2025-05-20T16:04:53.144+0000 [DEBUG] [org.gradle.internal.resources.AbstractTrackedResourceLock] Execution worker Thread 13: released lock on worker lease
2025-05-20T16:04:53.144+0000 [DEBUG] [org.gradle.internal.resources.AbstractTrackedResourceLock] Execution worker Thread 22: acquired lock on worker lease
2025-05-20T16:04:53.144+0000 [DEBUG] [org.gradle.internal.resources.AbstractTrackedResourceLock] Execution worker Thread 22: released lock on worker lease
2025-05-20T16:04:53.144+0000 [DEBUG] [org.gradle.internal.resources.AbstractTrackedResourceLock] Execution worker Thread 18: acquired lock on worker lease
2025-05-20T16:04:53.144+0000 [DEBUG] [org.gradle.internal.resources.AbstractTrackedResourceLock] Execution worker Thread 18: released lock on worker lease
2025-05-20T16:04:53.144+0000 [DEBUG] [org.gradle.internal.resources.AbstractTrackedResourceLock] Execution worker Thread 20: acquired lock on worker lease
2025-05-20T16:04:53.144+0000 [DEBUG] [org.gradle.internal.resources.AbstractTrackedResourceLock] Execution worker Thread 20: released lock on worker lease
2025-05-20T16:04:53.144+0000 [DEBUG] [org.gradle.internal.resources.AbstractTrackedResourceLock] Execution worker Thread 19: acquired lock on worker lease
2025-05-20T16:04:53.144+0000 [DEBUG] [org.gradle.internal.resources.AbstractTrackedResourceLock] Execution worker Thread 19: released lock on worker lease
2025-05-20T16:04:53.144+0000 [DEBUG] [org.gradle.internal.resources.AbstractTrackedResourceLock] Execution worker Thread 3: acquired lock on worker lease
2025-05-20T16:04:53.145+0000 [DEBUG] [org.gradle.internal.resources.AbstractTrackedResourceLock] Execution worker Thread 3: released lock on worker lease
2025-05-20T16:04:53.145+0000 [DEBUG] [org.gradle.internal.resources.AbstractTrackedResourceLock] Execution worker Thread 17: acquired lock on worker lease
2025-05-20T16:04:53.145+0000 [DEBUG] [org.gradle.internal.resources.AbstractTrackedResourceLock] Execution worker Thread 17: released lock on worker lease
2025-05-20T16:04:53.145+0000 [DEBUG] [org.gradle.internal.resources.AbstractTrackedResourceLock] Execution worker Thread 16: acquired lock on worker lease
2025-05-20T16:04:53.145+0000 [DEBUG] [org.gradle.internal.resources.AbstractTrackedResourceLock] Execution worker Thread 16: released lock on worker lease
2025-05-20T16:04:53.145+0000 [DEBUG] [org.gradle.internal.resources.AbstractTrackedResourceLock] Execution worker Thread 15: acquired lock on worker lease
2025-05-20T16:04:53.145+0000 [DEBUG] [org.gradle.internal.resources.AbstractTrackedResourceLock] Execution worker Thread 15: released lock on worker lease
2025-05-20T16:04:53.145+0000 [DEBUG] [org.gradle.internal.resources.AbstractTrackedResourceLock] Execution worker Thread 14: acquired lock on worker lease
2025-05-20T16:04:53.145+0000 [DEBUG] [org.gradle.internal.resources.AbstractTrackedResourceLock] Execution worker Thread 14: released lock on worker lease
2025-05-20T16:04:53.145+0000 [DEBUG] [org.gradle.internal.resources.AbstractTrackedResourceLock] Execution worker Thread 2: acquired lock on worker lease
2025-05-20T16:04:53.145+0000 [DEBUG] [org.gradle.internal.resources.AbstractTrackedResourceLock] Execution worker Thread 2: released lock on worker lease
2025-05-20T16:04:53.145+0000 [DEBUG] [org.gradle.internal.resources.AbstractTrackedResourceLock] Execution worker Thread 4: acquired lock on worker lease
2025-05-20T16:04:53.145+0000 [DEBUG] [org.gradle.internal.resources.AbstractTrackedResourceLock] Execution worker Thread 4: released lock on worker lease
2025-05-20T16:04:53.145+0000 [DEBUG] [org.gradle.internal.resources.AbstractTrackedResourceLock] Execution worker Thread 5: acquired lock on worker lease
2025-05-20T16:04:53.145+0000 [DEBUG] [org.gradle.internal.resources.AbstractTrackedResourceLock] Execution worker Thread 5: released lock on worker lease
2025-05-20T16:04:53.146+0000 [DEBUG] [org.gradle.internal.resources.AbstractTrackedResourceLock] Execution worker Thread 6: acquired lock on worker lease
2025-05-20T16:04:53.146+0000 [DEBUG] [org.gradle.internal.resources.AbstractTrackedResourceLock] Execution worker Thread 6: released lock on worker lease
2025-05-20T16:04:53.146+0000 [DEBUG] [org.gradle.internal.resources.AbstractTrackedResourceLock] Execution worker Thread 7: acquired lock on worker lease
2025-05-20T16:04:53.146+0000 [DEBUG] [org.gradle.internal.resources.AbstractTrackedResourceLock] Execution worker Thread 7: released lock on worker lease
2025-05-20T16:04:53.146+0000 [DEBUG] [org.gradle.internal.resources.AbstractTrackedResourceLock] Execution worker Thread 8: acquired lock on worker lease
2025-05-20T16:04:53.146+0000 [DEBUG] [org.gradle.internal.resources.AbstractTrackedResourceLock] Execution worker Thread 8: released lock on worker lease
2025-05-20T16:04:53.146+0000 [DEBUG] [org.gradle.internal.resources.AbstractTrackedResourceLock] Execution worker Thread 9: acquired lock on worker lease
2025-05-20T16:04:53.146+0000 [DEBUG] [org.gradle.internal.resources.AbstractTrackedResourceLock] Execution worker Thread 9: released lock on worker lease
2025-05-20T16:04:53.146+0000 [DEBUG] [org.gradle.internal.resources.AbstractTrackedResourceLock] Execution worker Thread 30: acquired lock on worker lease
2025-05-20T16:04:53.146+0000 [DEBUG] [org.gradle.internal.resources.AbstractTrackedResourceLock] Execution worker Thread 30: released lock on worker lease
2025-05-20T16:04:53.162+0000 [DEBUG] [org.gradle.internal.operations.DefaultBuildOperationRunner] Completing Build operation 'Create incremental compile snapshot for /root/.gradle/caches/modules-2/files-2.1/org.java-websocket/Java-WebSocket/1.5.4/58242a8c9a30ecf23548761a7d6c08735c0eaec3/Java-WebSocket-1.5.4.jar'
2025-05-20T16:04:53.162+0000 [DEBUG] [org.gradle.internal.operations.DefaultBuildOperationRunner] Build operation 'Create incremental compile snapshot for /root/.gradle/caches/modules-2/files-2.1/org.java-websocket/Java-WebSocket/1.5.4/58242a8c9a30ecf23548761a7d6c08735c0eaec3/Java-WebSocket-1.5.4.jar' completed
2025-05-20T16:04:53.162+0000 [DEBUG] [org.gradle.internal.resources.AbstractTrackedResourceLock] Build operations Thread 2: released lock on worker lease
2025-05-20T16:04:53.162+0000 [DEBUG] [org.gradle.internal.resources.AbstractTrackedResourceLock] included builds: acquired lock on worker lease
2025-05-20T16:04:53.162+0000 [DEBUG] [org.gradle.internal.resources.AbstractTrackedResourceLock] included builds: released lock on worker lease
2025-05-20T16:04:53.162+0000 [DEBUG] [org.gradle.internal.resources.AbstractTrackedResourceLock] Execution worker Thread 30: acquired lock on worker lease
2025-05-20T16:04:53.162+0000 [DEBUG] [org.gradle.internal.resources.AbstractTrackedResourceLock] Execution worker Thread 30: released lock on worker lease
2025-05-20T16:04:53.162+0000 [DEBUG] [org.gradle.internal.resources.AbstractTrackedResourceLock] Execution worker Thread 9: acquired lock on worker lease
2025-05-20T16:04:53.162+0000 [DEBUG] [org.gradle.internal.resources.AbstractTrackedResourceLock] Execution worker Thread 9: released lock on worker lease
2025-05-20T16:04:53.162+0000 [DEBUG] [org.gradle.internal.resources.AbstractTrackedResourceLock] Execution worker Thread 8: acquired lock on worker lease
2025-05-20T16:04:53.162+0000 [DEBUG] [org.gradle.internal.resources.AbstractTrackedResourceLock] Execution worker Thread 8: released lock on worker lease
2025-05-20T16:04:53.162+0000 [DEBUG] [org.gradle.internal.resources.AbstractTrackedResourceLock] Execution worker Thread 7: acquired lock on worker lease
2025-05-20T16:04:53.162+0000 [DEBUG] [org.gradle.internal.resources.AbstractTrackedResourceLock] Execution worker Thread 7: released lock on worker lease
2025-05-20T16:04:53.162+0000 [DEBUG] [org.gradle.internal.resources.AbstractTrackedResourceLock] Execution worker Thread 6: acquired lock on worker lease
2025-05-20T16:04:53.162+0000 [DEBUG] [org.gradle.internal.resources.AbstractTrackedResourceLock] Execution worker Thread 6: released lock on worker lease
2025-05-20T16:04:53.163+0000 [DEBUG] [org.gradle.internal.resources.AbstractTrackedResourceLock] Execution worker Thread 5: acquired lock on worker lease
2025-05-20T16:04:53.163+0000 [DEBUG] [org.gradle.internal.resources.AbstractTrackedResourceLock] Execution worker Thread 5: released lock on worker lease
2025-05-20T16:04:53.163+0000 [DEBUG] [org.gradle.internal.resources.AbstractTrackedResourceLock] Execution worker Thread 4: acquired lock on worker lease
2025-05-20T16:04:53.163+0000 [DEBUG] [org.gradle.internal.resources.AbstractTrackedResourceLock] Execution worker Thread 4: released lock on worker lease
2025-05-20T16:04:53.163+0000 [DEBUG] [org.gradle.internal.resources.AbstractTrackedResourceLock] Execution worker Thread 2: acquired lock on worker lease
2025-05-20T16:04:53.163+0000 [DEBUG] [org.gradle.internal.resources.AbstractTrackedResourceLock] Execution worker Thread 2: released lock on worker lease
2025-05-20T16:04:53.163+0000 [DEBUG] [org.gradle.internal.resources.AbstractTrackedResourceLock] Execution worker Thread 14: acquired lock on worker lease
2025-05-20T16:04:53.163+0000 [DEBUG] [org.gradle.internal.resources.AbstractTrackedResourceLock] Execution worker Thread 14: released lock on worker lease
2025-05-20T16:04:53.163+0000 [DEBUG] [org.gradle.internal.resources.AbstractTrackedResourceLock] Execution worker Thread 15: acquired lock on worker lease
2025-05-20T16:04:53.163+0000 [DEBUG] [org.gradle.internal.resources.AbstractTrackedResourceLock] Execution worker Thread 15: released lock on worker lease
2025-05-20T16:04:53.163+0000 [DEBUG] [org.gradle.internal.resources.AbstractTrackedResourceLock] Execution worker Thread 16: acquired lock on worker lease
2025-05-20T16:04:53.163+0000 [DEBUG] [org.gradle.internal.resources.AbstractTrackedResourceLock] Execution worker Thread 16: released lock on worker lease
2025-05-20T16:04:53.163+0000 [DEBUG] [org.gradle.internal.resources.AbstractTrackedResourceLock] Execution worker Thread 17: acquired lock on worker lease
2025-05-20T16:04:53.163+0000 [DEBUG] [org.gradle.internal.resources.AbstractTrackedResourceLock] Execution worker Thread 17: released lock on worker lease
2025-05-20T16:04:53.163+0000 [DEBUG] [org.gradle.internal.resources.AbstractTrackedResourceLock] Execution worker Thread 3: acquired lock on worker lease
2025-05-20T16:04:53.163+0000 [DEBUG] [org.gradle.internal.resources.AbstractTrackedResourceLock] Execution worker Thread 3: released lock on worker lease
2025-05-20T16:04:53.163+0000 [DEBUG] [org.gradle.internal.resources.AbstractTrackedResourceLock] Execution worker Thread 19: acquired lock on worker lease
2025-05-20T16:04:53.163+0000 [DEBUG] [org.gradle.internal.resources.AbstractTrackedResourceLock] Execution worker Thread 19: released lock on worker lease
2025-05-20T16:04:53.163+0000 [DEBUG] [org.gradle.internal.resources.AbstractTrackedResourceLock] Execution worker Thread 20: acquired lock on worker lease
2025-05-20T16:04:53.163+0000 [DEBUG] [org.gradle.internal.resources.AbstractTrackedResourceLock] Execution worker Thread 20: released lock on worker lease
2025-05-20T16:04:53.163+0000 [DEBUG] [org.gradle.internal.resources.AbstractTrackedResourceLock] Execution worker Thread 18: acquired lock on worker lease
2025-05-20T16:04:53.163+0000 [DEBUG] [org.gradle.internal.resources.AbstractTrackedResourceLock] Execution worker Thread 18: released lock on worker lease
2025-05-20T16:04:53.163+0000 [DEBUG] [org.gradle.internal.resources.AbstractTrackedResourceLock] Execution worker Thread 22: acquired lock on worker lease
2025-05-20T16:04:53.163+0000 [DEBUG] [org.gradle.internal.resources.AbstractTrackedResourceLock] Execution worker Thread 22: released lock on worker lease
2025-05-20T16:04:53.164+0000 [DEBUG] [org.gradle.internal.resources.AbstractTrackedResourceLock] Execution worker Thread 13: acquired lock on worker lease
2025-05-20T16:04:53.164+0000 [DEBUG] [org.gradle.internal.resources.AbstractTrackedResourceLock] Execution worker Thread 13: released lock on worker lease
2025-05-20T16:04:53.164+0000 [DEBUG] [org.gradle.internal.resources.AbstractTrackedResourceLock] Execution worker Thread 12: acquired lock on worker lease
2025-05-20T16:04:53.164+0000 [DEBUG] [org.gradle.internal.resources.AbstractTrackedResourceLock] Execution worker Thread 12: released lock on worker lease
2025-05-20T16:04:53.164+0000 [DEBUG] [org.gradle.internal.resources.AbstractTrackedResourceLock] Execution worker Thread 11: acquired lock on worker lease
2025-05-20T16:04:53.164+0000 [DEBUG] [org.gradle.internal.resources.AbstractTrackedResourceLock] Execution worker Thread 11: released lock on worker lease
2025-05-20T16:04:53.164+0000 [DEBUG] [org.gradle.internal.resources.AbstractTrackedResourceLock] Execution worker Thread 10: acquired lock on worker lease
2025-05-20T16:04:53.164+0000 [DEBUG] [org.gradle.internal.resources.AbstractTrackedResourceLock] Execution worker Thread 10: released lock on worker lease
2025-05-20T16:04:53.164+0000 [DEBUG] [org.gradle.internal.resources.AbstractTrackedResourceLock] Execution worker Thread 26: acquired lock on worker lease
2025-05-20T16:04:53.164+0000 [DEBUG] [org.gradle.internal.resources.AbstractTrackedResourceLock] Execution worker Thread 26: released lock on worker lease
2025-05-20T16:04:53.164+0000 [DEBUG] [org.gradle.internal.resources.AbstractTrackedResourceLock] Execution worker Thread 25: acquired lock on worker lease
2025-05-20T16:04:53.164+0000 [DEBUG] [org.gradle.internal.resources.AbstractTrackedResourceLock] Execution worker Thread 25: released lock on worker lease
2025-05-20T16:04:53.164+0000 [DEBUG] [org.gradle.internal.resources.AbstractTrackedResourceLock] Execution worker Thread 24: acquired lock on worker lease
2025-05-20T16:04:53.164+0000 [DEBUG] [org.gradle.internal.resources.AbstractTrackedResourceLock] Execution worker Thread 24: released lock on worker lease
2025-05-20T16:04:53.164+0000 [DEBUG] [org.gradle.internal.resources.AbstractTrackedResourceLock] Execution worker Thread 23: acquired lock on worker lease
2025-05-20T16:04:53.164+0000 [DEBUG] [org.gradle.internal.resources.AbstractTrackedResourceLock] Execution worker Thread 23: released lock on worker lease
2025-05-20T16:04:53.164+0000 [DEBUG] [org.gradle.internal.resources.AbstractTrackedResourceLock] Execution worker Thread 21: acquired lock on worker lease
2025-05-20T16:04:53.164+0000 [DEBUG] [org.gradle.internal.resources.AbstractTrackedResourceLock] Execution worker Thread 21: released lock on worker lease
2025-05-20T16:04:53.164+0000 [DEBUG] [org.gradle.internal.resources.AbstractTrackedResourceLock] Execution worker Thread 29: acquired lock on worker lease
2025-05-20T16:04:53.164+0000 [DEBUG] [org.gradle.internal.resources.AbstractTrackedResourceLock] Execution worker Thread 29: released lock on worker lease
2025-05-20T16:04:53.164+0000 [DEBUG] [org.gradle.internal.resources.AbstractTrackedResourceLock] Execution worker Thread 28: acquired lock on worker lease
2025-05-20T16:04:53.164+0000 [DEBUG] [org.gradle.internal.resources.AbstractTrackedResourceLock] Execution worker Thread 28: released lock on worker lease
2025-05-20T16:04:53.164+0000 [DEBUG] [org.gradle.internal.resources.AbstractTrackedResourceLock] Execution worker Thread 27: acquired lock on worker lease
2025-05-20T16:04:53.164+0000 [DEBUG] [org.gradle.internal.resources.AbstractTrackedResourceLock] Execution worker Thread 27: released lock on worker lease
2025-05-20T16:04:53.164+0000 [DEBUG] [org.gradle.internal.resources.AbstractTrackedResourceLock] Execution worker Thread 31: acquired lock on worker lease
2025-05-20T16:04:53.165+0000 [DEBUG] [org.gradle.internal.resources.AbstractTrackedResourceLock] Execution worker Thread 31: released lock on worker lease
2025-05-20T16:04:53.175+0000 [DEBUG] [org.gradle.internal.operations.DefaultBuildOperationRunner] Completing Build operation 'Create incremental compile snapshot for /root/.gradle/caches/modules-2/files-2.1/org.xerial/sqlite-jdbc/3.43.0.0/7a0b833081794081789af7b6d54a23ea0247f98f/sqlite-jdbc-3.43.0.0.jar'
2025-05-20T16:04:53.175+0000 [DEBUG] [org.gradle.internal.resources.AbstractTrackedResourceLock] included builds: acquired lock on worker lease
2025-05-20T16:04:53.176+0000 [DEBUG] [org.gradle.execution.plan.DefaultFinalizedExecutionPlan] Cannot acquire project lock for node Resolve mutations for :processResources
2025-05-20T16:04:53.176+0000 [DEBUG] [org.gradle.execution.plan.DefaultFinalizedExecutionPlan] Cannot acquire project lock for node Resolve mutations for :processTestResources
2025-05-20T16:04:53.176+0000 [DEBUG] [org.gradle.internal.resources.AbstractTrackedResourceLock] included builds: released lock on worker lease
2025-05-20T16:04:53.176+0000 [DEBUG] [org.gradle.internal.resources.AbstractTrackedResourceLock] Execution worker Thread 31: acquired lock on worker lease
2025-05-20T16:04:53.176+0000 [DEBUG] [org.gradle.internal.resources.AbstractTrackedResourceLock] Execution worker Thread 31: released lock on worker lease
2025-05-20T16:04:53.176+0000 [DEBUG] [org.gradle.internal.resources.AbstractTrackedResourceLock] Execution worker Thread 27: acquired lock on worker lease
2025-05-20T16:04:53.176+0000 [DEBUG] [org.gradle.internal.resources.AbstractTrackedResourceLock] Execution worker Thread 27: released lock on worker lease
2025-05-20T16:04:53.176+0000 [DEBUG] [org.gradle.internal.resources.AbstractTrackedResourceLock] Execution worker Thread 28: acquired lock on worker lease
2025-05-20T16:04:53.176+0000 [DEBUG] [org.gradle.internal.resources.AbstractTrackedResourceLock] Execution worker Thread 28: released lock on worker lease
2025-05-20T16:04:53.176+0000 [DEBUG] [org.gradle.internal.resources.AbstractTrackedResourceLock] Execution worker Thread 29: acquired lock on worker lease
2025-05-20T16:04:53.176+0000 [DEBUG] [org.gradle.internal.resources.AbstractTrackedResourceLock] Execution worker Thread 29: released lock on worker lease
2025-05-20T16:04:53.176+0000 [DEBUG] [org.gradle.internal.resources.AbstractTrackedResourceLock] Execution worker Thread 21: acquired lock on worker lease
2025-05-20T16:04:53.176+0000 [DEBUG] [org.gradle.internal.resources.AbstractTrackedResourceLock] Execution worker Thread 21: released lock on worker lease
2025-05-20T16:04:53.176+0000 [DEBUG] [org.gradle.internal.resources.AbstractTrackedResourceLock] Execution worker Thread 23: acquired lock on worker lease
2025-05-20T16:04:53.176+0000 [DEBUG] [org.gradle.internal.resources.AbstractTrackedResourceLock] Execution worker Thread 23: released lock on worker lease
2025-05-20T16:04:53.176+0000 [DEBUG] [org.gradle.internal.resources.AbstractTrackedResourceLock] Execution worker Thread 24: acquired lock on worker lease
2025-05-20T16:04:53.176+0000 [DEBUG] [org.gradle.internal.resources.AbstractTrackedResourceLock] Execution worker Thread 24: released lock on worker lease
2025-05-20T16:04:53.176+0000 [DEBUG] [org.gradle.internal.resources.AbstractTrackedResourceLock] Execution worker Thread 25: acquired lock on worker lease
2025-05-20T16:04:53.177+0000 [DEBUG] [org.gradle.internal.resources.AbstractTrackedResourceLock] Execution worker Thread 25: released lock on worker lease
2025-05-20T16:04:53.177+0000 [DEBUG] [org.gradle.internal.resources.AbstractTrackedResourceLock] Execution worker Thread 26: acquired lock on worker lease
2025-05-20T16:04:53.177+0000 [DEBUG] [org.gradle.internal.resources.AbstractTrackedResourceLock] Execution worker Thread 26: released lock on worker lease
2025-05-20T16:04:53.177+0000 [DEBUG] [org.gradle.internal.resources.AbstractTrackedResourceLock] Execution worker Thread 10: acquired lock on worker lease
2025-05-20T16:04:53.177+0000 [DEBUG] [org.gradle.internal.resources.AbstractTrackedResourceLock] Execution worker Thread 10: released lock on worker lease
2025-05-20T16:04:53.177+0000 [DEBUG] [org.gradle.internal.resources.AbstractTrackedResourceLock] Execution worker Thread 11: acquired lock on worker lease
2025-05-20T16:04:53.177+0000 [DEBUG] [org.gradle.internal.resources.AbstractTrackedResourceLock] Execution worker Thread 11: released lock on worker lease
2025-05-20T16:04:53.177+0000 [DEBUG] [org.gradle.internal.resources.AbstractTrackedResourceLock] Execution worker Thread 12: acquired lock on worker lease
2025-05-20T16:04:53.177+0000 [DEBUG] [org.gradle.internal.resources.AbstractTrackedResourceLock] Execution worker Thread 12: released lock on worker lease
2025-05-20T16:04:53.177+0000 [DEBUG] [org.gradle.internal.resources.AbstractTrackedResourceLock] Execution worker Thread 13: acquired lock on worker lease
2025-05-20T16:04:53.177+0000 [DEBUG] [org.gradle.internal.resources.AbstractTrackedResourceLock] Execution worker Thread 13: released lock on worker lease
2025-05-20T16:04:53.177+0000 [DEBUG] [org.gradle.internal.resources.AbstractTrackedResourceLock] Execution worker Thread 22: acquired lock on worker lease
2025-05-20T16:04:53.177+0000 [DEBUG] [org.gradle.internal.resources.AbstractTrackedResourceLock] Execution worker Thread 22: released lock on worker lease
2025-05-20T16:04:53.177+0000 [DEBUG] [org.gradle.internal.resources.AbstractTrackedResourceLock] Execution worker Thread 18: acquired lock on worker lease
2025-05-20T16:04:53.177+0000 [DEBUG] [org.gradle.internal.resources.AbstractTrackedResourceLock] Execution worker Thread 18: released lock on worker lease
2025-05-20T16:04:53.177+0000 [DEBUG] [org.gradle.internal.resources.AbstractTrackedResourceLock] Execution worker Thread 20: acquired lock on worker lease
2025-05-20T16:04:53.177+0000 [DEBUG] [org.gradle.internal.resources.AbstractTrackedResourceLock] Execution worker Thread 20: released lock on worker lease
2025-05-20T16:04:53.177+0000 [DEBUG] [org.gradle.internal.resources.AbstractTrackedResourceLock] Execution worker Thread 19: acquired lock on worker lease
2025-05-20T16:04:53.177+0000 [DEBUG] [org.gradle.internal.resources.AbstractTrackedResourceLock] Execution worker Thread 19: released lock on worker lease
2025-05-20T16:04:53.178+0000 [DEBUG] [org.gradle.internal.resources.AbstractTrackedResourceLock] Execution worker Thread 3: acquired lock on worker lease
2025-05-20T16:04:53.178+0000 [DEBUG] [org.gradle.internal.resources.AbstractTrackedResourceLock] Execution worker Thread 3: released lock on worker lease
2025-05-20T16:04:53.178+0000 [DEBUG] [org.gradle.internal.resources.AbstractTrackedResourceLock] Execution worker Thread 17: acquired lock on worker lease
2025-05-20T16:04:53.178+0000 [DEBUG] [org.gradle.internal.resources.AbstractTrackedResourceLock] Execution worker Thread 17: released lock on worker lease
2025-05-20T16:04:53.178+0000 [DEBUG] [org.gradle.internal.resources.AbstractTrackedResourceLock] Execution worker Thread 16: acquired lock on worker lease
2025-05-20T16:04:53.178+0000 [DEBUG] [org.gradle.internal.resources.AbstractTrackedResourceLock] Execution worker Thread 16: released lock on worker lease
2025-05-20T16:04:53.178+0000 [DEBUG] [org.gradle.internal.resources.AbstractTrackedResourceLock] Execution worker Thread 15: acquired lock on worker lease
2025-05-20T16:04:53.178+0000 [DEBUG] [org.gradle.internal.resources.AbstractTrackedResourceLock] Execution worker Thread 15: released lock on worker lease
2025-05-20T16:04:53.178+0000 [DEBUG] [org.gradle.internal.resources.AbstractTrackedResourceLock] Execution worker Thread 14: acquired lock on worker lease
2025-05-20T16:04:53.178+0000 [DEBUG] [org.gradle.internal.resources.AbstractTrackedResourceLock] Execution worker Thread 14: released lock on worker lease
2025-05-20T16:04:53.178+0000 [DEBUG] [org.gradle.internal.resources.AbstractTrackedResourceLock] Execution worker Thread 2: acquired lock on worker lease
2025-05-20T16:04:53.178+0000 [DEBUG] [org.gradle.internal.resources.AbstractTrackedResourceLock] Execution worker Thread 2: released lock on worker lease
2025-05-20T16:04:53.178+0000 [DEBUG] [org.gradle.internal.resources.AbstractTrackedResourceLock] Execution worker Thread 4: acquired lock on worker lease
2025-05-20T16:04:53.178+0000 [DEBUG] [org.gradle.internal.resources.AbstractTrackedResourceLock] Execution worker Thread 4: released lock on worker lease
2025-05-20T16:04:53.178+0000 [DEBUG] [org.gradle.internal.resources.AbstractTrackedResourceLock] Execution worker Thread 5: acquired lock on worker lease
2025-05-20T16:04:53.178+0000 [DEBUG] [org.gradle.internal.resources.AbstractTrackedResourceLock] Execution worker Thread 5: released lock on worker lease
2025-05-20T16:04:53.178+0000 [DEBUG] [org.gradle.internal.resources.AbstractTrackedResourceLock] Execution worker Thread 6: acquired lock on worker lease
2025-05-20T16:04:53.178+0000 [DEBUG] [org.gradle.internal.resources.AbstractTrackedResourceLock] Execution worker Thread 6: released lock on worker lease
2025-05-20T16:04:53.179+0000 [DEBUG] [org.gradle.internal.resources.AbstractTrackedResourceLock] Execution worker Thread 7: acquired lock on worker lease
2025-05-20T16:04:53.179+0000 [DEBUG] [org.gradle.internal.resources.AbstractTrackedResourceLock] Execution worker Thread 7: released lock on worker lease
2025-05-20T16:04:53.179+0000 [DEBUG] [org.gradle.internal.resources.AbstractTrackedResourceLock] Execution worker Thread 8: acquired lock on worker lease
2025-05-20T16:04:53.179+0000 [DEBUG] [org.gradle.internal.resources.AbstractTrackedResourceLock] Execution worker Thread 8: released lock on worker lease
2025-05-20T16:04:53.179+0000 [DEBUG] [org.gradle.internal.resources.AbstractTrackedResourceLock] Execution worker Thread 9: acquired lock on worker lease
2025-05-20T16:04:53.179+0000 [DEBUG] [org.gradle.internal.resources.AbstractTrackedResourceLock] Execution worker Thread 9: released lock on worker lease
2025-05-20T16:04:53.179+0000 [DEBUG] [org.gradle.internal.resources.AbstractTrackedResourceLock] Execution worker Thread 30: acquired lock on worker lease
2025-05-20T16:04:53.179+0000 [DEBUG] [org.gradle.internal.resources.AbstractTrackedResourceLock] Execution worker Thread 30: released lock on worker lease
2025-05-20T16:04:53.300+0000 [DEBUG] [org.gradle.internal.operations.DefaultBuildOperationRunner] Completing Build operation 'Create incremental compile snapshot for /root/.gradle/caches/modules-2/files-2.1/org.postgresql/postgresql/42.6.0/7614cfce466145b84972781ab0079b8dea49e363/postgresql-42.6.0.jar'
2025-05-20T16:04:53.300+0000 [DEBUG] [org.gradle.internal.operations.DefaultBuildOperationRunner] Build operation 'Create incremental compile snapshot for /root/.gradle/caches/modules-2/files-2.1/org.postgresql/postgresql/42.6.0/7614cfce466145b84972781ab0079b8dea49e363/postgresql-42.6.0.jar' completed
2025-05-20T16:04:53.300+0000 [DEBUG] [org.gradle.internal.resources.AbstractTrackedResourceLock] Build operations: released lock on worker lease
2025-05-20T16:04:53.300+0000 [DEBUG] [org.gradle.internal.resources.AbstractTrackedResourceLock] included builds: acquired lock on worker lease
2025-05-20T16:04:53.300+0000 [DEBUG] [org.gradle.internal.resources.AbstractTrackedResourceLock] included builds: released lock on worker lease
2025-05-20T16:04:53.300+0000 [DEBUG] [org.gradle.internal.resources.AbstractTrackedResourceLock] Execution worker Thread 30: acquired lock on worker lease
2025-05-20T16:04:53.300+0000 [DEBUG] [org.gradle.internal.resources.AbstractTrackedResourceLock] Execution worker Thread 30: released lock on worker lease
2025-05-20T16:04:53.300+0000 [DEBUG] [org.gradle.internal.resources.AbstractTrackedResourceLock] Execution worker Thread 9: acquired lock on worker lease
2025-05-20T16:04:53.300+0000 [DEBUG] [org.gradle.internal.resources.AbstractTrackedResourceLock] Execution worker Thread 9: released lock on worker lease
2025-05-20T16:04:53.300+0000 [DEBUG] [org.gradle.internal.resources.AbstractTrackedResourceLock] Execution worker Thread 8: acquired lock on worker lease
2025-05-20T16:04:53.300+0000 [DEBUG] [org.gradle.internal.resources.AbstractTrackedResourceLock] Execution worker Thread 8: released lock on worker lease
2025-05-20T16:04:53.300+0000 [DEBUG] [org.gradle.internal.resources.AbstractTrackedResourceLock] Execution worker Thread 7: acquired lock on worker lease
2025-05-20T16:04:53.300+0000 [DEBUG] [org.gradle.internal.resources.AbstractTrackedResourceLock] Execution worker Thread 7: released lock on worker lease
2025-05-20T16:04:53.300+0000 [DEBUG] [org.gradle.internal.resources.AbstractTrackedResourceLock] Execution worker Thread 6: acquired lock on worker lease
2025-05-20T16:04:53.301+0000 [DEBUG] [org.gradle.internal.resources.AbstractTrackedResourceLock] Execution worker Thread 6: released lock on worker lease
2025-05-20T16:04:53.301+0000 [DEBUG] [org.gradle.internal.resources.AbstractTrackedResourceLock] Execution worker Thread 5: acquired lock on worker lease
2025-05-20T16:04:53.301+0000 [DEBUG] [org.gradle.internal.resources.AbstractTrackedResourceLock] Execution worker Thread 5: released lock on worker lease
2025-05-20T16:04:53.301+0000 [DEBUG] [org.gradle.internal.resources.AbstractTrackedResourceLock] Execution worker Thread 4: acquired lock on worker lease
2025-05-20T16:04:53.301+0000 [DEBUG] [org.gradle.internal.resources.AbstractTrackedResourceLock] Execution worker Thread 4: released lock on worker lease
2025-05-20T16:04:53.301+0000 [DEBUG] [org.gradle.internal.resources.AbstractTrackedResourceLock] Execution worker Thread 2: acquired lock on worker lease
2025-05-20T16:04:53.301+0000 [DEBUG] [org.gradle.internal.resources.AbstractTrackedResourceLock] Execution worker Thread 2: released lock on worker lease
2025-05-20T16:04:53.301+0000 [DEBUG] [org.gradle.internal.resources.AbstractTrackedResourceLock] Execution worker Thread 14: acquired lock on worker lease
2025-05-20T16:04:53.301+0000 [DEBUG] [org.gradle.internal.resources.AbstractTrackedResourceLock] Execution worker Thread 14: released lock on worker lease
2025-05-20T16:04:53.301+0000 [DEBUG] [org.gradle.internal.resources.AbstractTrackedResourceLock] Execution worker Thread 15: acquired lock on worker lease
2025-05-20T16:04:53.301+0000 [DEBUG] [org.gradle.internal.resources.AbstractTrackedResourceLock] Execution worker Thread 15: released lock on worker lease
2025-05-20T16:04:53.301+0000 [DEBUG] [org.gradle.internal.resources.AbstractTrackedResourceLock] Execution worker Thread 16: acquired lock on worker lease
2025-05-20T16:04:53.301+0000 [DEBUG] [org.gradle.internal.resources.AbstractTrackedResourceLock] Execution worker Thread 16: released lock on worker lease
2025-05-20T16:04:53.301+0000 [DEBUG] [org.gradle.internal.resources.AbstractTrackedResourceLock] Execution worker Thread 17: acquired lock on worker lease
2025-05-20T16:04:53.301+0000 [DEBUG] [org.gradle.internal.resources.AbstractTrackedResourceLock] Execution worker Thread 17: released lock on worker lease
2025-05-20T16:04:53.301+0000 [DEBUG] [org.gradle.internal.resources.AbstractTrackedResourceLock] Execution worker Thread 3: acquired lock on worker lease
2025-05-20T16:04:53.301+0000 [DEBUG] [org.gradle.internal.resources.AbstractTrackedResourceLock] Execution worker Thread 3: released lock on worker lease
2025-05-20T16:04:53.301+0000 [DEBUG] [org.gradle.internal.resources.AbstractTrackedResourceLock] Execution worker Thread 19: acquired lock on worker lease
2025-05-20T16:04:53.302+0000 [DEBUG] [org.gradle.internal.resources.AbstractTrackedResourceLock] Execution worker Thread 19: released lock on worker lease
2025-05-20T16:04:53.302+0000 [DEBUG] [org.gradle.internal.resources.AbstractTrackedResourceLock] Execution worker Thread 20: acquired lock on worker lease
2025-05-20T16:04:53.302+0000 [DEBUG] [org.gradle.internal.resources.AbstractTrackedResourceLock] Execution worker Thread 20: released lock on worker lease
2025-05-20T16:04:53.302+0000 [DEBUG] [org.gradle.internal.resources.AbstractTrackedResourceLock] Execution worker Thread 18: acquired lock on worker lease
2025-05-20T16:04:53.302+0000 [DEBUG] [org.gradle.internal.resources.AbstractTrackedResourceLock] Execution worker Thread 18: released lock on worker lease
2025-05-20T16:04:53.302+0000 [DEBUG] [org.gradle.internal.resources.AbstractTrackedResourceLock] Execution worker Thread 22: acquired lock on worker lease
2025-05-20T16:04:53.302+0000 [DEBUG] [org.gradle.internal.resources.AbstractTrackedResourceLock] Execution worker Thread 22: released lock on worker lease
2025-05-20T16:04:53.302+0000 [DEBUG] [org.gradle.internal.resources.AbstractTrackedResourceLock] Execution worker Thread 13: acquired lock on worker lease
2025-05-20T16:04:53.302+0000 [DEBUG] [org.gradle.internal.resources.AbstractTrackedResourceLock] Execution worker Thread 13: released lock on worker lease
2025-05-20T16:04:53.303+0000 [DEBUG] [org.gradle.internal.resources.AbstractTrackedResourceLock] Execution worker Thread 12: acquired lock on worker lease
2025-05-20T16:04:53.303+0000 [DEBUG] [org.gradle.internal.resources.AbstractTrackedResourceLock] Execution worker Thread 12: released lock on worker lease
2025-05-20T16:04:53.303+0000 [DEBUG] [org.gradle.internal.resources.AbstractTrackedResourceLock] Execution worker Thread 11: acquired lock on worker lease
2025-05-20T16:04:53.303+0000 [DEBUG] [org.gradle.internal.resources.AbstractTrackedResourceLock] Execution worker Thread 11: released lock on worker lease
2025-05-20T16:04:53.303+0000 [DEBUG] [org.gradle.internal.resources.AbstractTrackedResourceLock] Execution worker Thread 10: acquired lock on worker lease
2025-05-20T16:04:53.303+0000 [DEBUG] [org.gradle.internal.resources.AbstractTrackedResourceLock] Execution worker Thread 10: released lock on worker lease
2025-05-20T16:04:53.303+0000 [DEBUG] [org.gradle.internal.resources.AbstractTrackedResourceLock] Execution worker Thread 26: acquired lock on worker lease
2025-05-20T16:04:53.303+0000 [DEBUG] [org.gradle.internal.resources.AbstractTrackedResourceLock] Execution worker Thread 26: released lock on worker lease
2025-05-20T16:04:53.303+0000 [DEBUG] [org.gradle.internal.resources.AbstractTrackedResourceLock] Execution worker Thread 25: acquired lock on worker lease
2025-05-20T16:04:53.303+0000 [DEBUG] [org.gradle.internal.resources.AbstractTrackedResourceLock] Execution worker Thread 25: released lock on worker lease
2025-05-20T16:04:53.303+0000 [DEBUG] [org.gradle.internal.resources.AbstractTrackedResourceLock] Execution worker Thread 24: acquired lock on worker lease
2025-05-20T16:04:53.303+0000 [DEBUG] [org.gradle.internal.resources.AbstractTrackedResourceLock] Execution worker Thread 24: released lock on worker lease
2025-05-20T16:04:53.303+0000 [DEBUG] [org.gradle.internal.resources.AbstractTrackedResourceLock] Execution worker Thread 23: acquired lock on worker lease
2025-05-20T16:04:53.303+0000 [DEBUG] [org.gradle.internal.resources.AbstractTrackedResourceLock] Execution worker Thread 23: released lock on worker lease
2025-05-20T16:04:53.303+0000 [DEBUG] [org.gradle.internal.resources.AbstractTrackedResourceLock] Execution worker Thread 21: acquired lock on worker lease
2025-05-20T16:04:53.303+0000 [DEBUG] [org.gradle.internal.resources.AbstractTrackedResourceLock] Execution worker Thread 21: released lock on worker lease
2025-05-20T16:04:53.303+0000 [DEBUG] [org.gradle.internal.resources.AbstractTrackedResourceLock] Execution worker Thread 29: acquired lock on worker lease
2025-05-20T16:04:53.303+0000 [DEBUG] [org.gradle.internal.resources.AbstractTrackedResourceLock] Execution worker Thread 29: released lock on worker lease
2025-05-20T16:04:53.303+0000 [DEBUG] [org.gradle.internal.resources.AbstractTrackedResourceLock] Execution worker Thread 28: acquired lock on worker lease
2025-05-20T16:04:53.303+0000 [DEBUG] [org.gradle.internal.resources.AbstractTrackedResourceLock] Execution worker Thread 28: released lock on worker lease
2025-05-20T16:04:53.303+0000 [DEBUG] [org.gradle.internal.resources.AbstractTrackedResourceLock] Execution worker Thread 27: acquired lock on worker lease
2025-05-20T16:04:53.303+0000 [DEBUG] [org.gradle.internal.resources.AbstractTrackedResourceLock] Execution worker Thread 27: released lock on worker lease
2025-05-20T16:04:53.303+0000 [DEBUG] [org.gradle.internal.resources.AbstractTrackedResourceLock] Execution worker Thread 31: acquired lock on worker lease
2025-05-20T16:04:53.303+0000 [DEBUG] [org.gradle.internal.resources.AbstractTrackedResourceLock] Execution worker Thread 31: released lock on worker lease
2025-05-20T16:04:53.316+0000 [DEBUG] [org.gradle.internal.operations.DefaultBuildOperationRunner] Completing Build operation 'Compile Java for :compileJava'
2025-05-20T16:04:53.317+0000 [DEBUG] [org.gradle.internal.operations.DefaultBuildOperationRunner] Completing Build operation 'Execute compile for :compileJava'
2025-05-20T16:04:53.318+0000 [DEBUG] [org.gradle.internal.operations.DefaultBuildOperationRunner] Completing Build operation 'Executing task ':compileJava''
2025-05-20T16:04:53.320+0000 [DEBUG] [org.gradle.internal.operations.DefaultBuildOperationRunner] Build operation 'Snapshot outputs after executing task ':compileJava'' started
2025-05-20T16:04:53.442+0000 [DEBUG] [org.gradle.internal.operations.DefaultBuildOperationRunner] Completing Build operation 'Snapshot outputs after executing task ':compileJava''
2025-05-20T16:04:52.622+0000 [LIFECYCLE] [class org.gradle.internal.buildevents.TaskExecutionLogger] 
2025-05-20T16:04:52.622+0000 [LIFECYCLE] [class org.gradle.internal.buildevents.TaskExecutionLogger] > Task :compileJava
2025-05-20T16:04:53.087+0000 [INFO] [org.gradle.api.internal.tasks.compile.incremental.recomp.CurrentCompilationAccess] Class dependency analysis for incremental compilation took 0.096 secs.
2025-05-20T16:04:53.175+0000 [DEBUG] [org.gradle.internal.operations.DefaultBuildOperationRunner] Build operation 'Create incremental compile snapshot for /root/.gradle/caches/modules-2/files-2.1/org.xerial/sqlite-jdbc/3.43.0.0/7a0b833081794081789af7b6d54a23ea0247f98f/sqlite-jdbc-3.43.0.0.jar' completed
2025-05-20T16:04:53.175+0000 [DEBUG] [org.gradle.internal.resources.AbstractTrackedResourceLock] Execution worker: released lock on state of build :
2025-05-20T16:04:53.175+0000 [DEBUG] [org.gradle.internal.resources.AbstractTrackedResourceLock] Execution worker: released lock on worker lease
2025-05-20T16:04:53.300+0000 [DEBUG] [org.gradle.internal.resources.AbstractTrackedResourceLock] Execution worker: acquired lock on state of build :
2025-05-20T16:04:53.300+0000 [DEBUG] [org.gradle.internal.resources.AbstractTrackedResourceLock] Execution worker: acquired lock on worker lease
2025-05-20T16:04:53.303+0000 [INFO] [org.gradle.api.internal.tasks.compile.incremental.recomp.CurrentCompilationAccess] Created classpath snapshot for incremental compilation in 0.216 secs.
2025-05-20T16:04:53.316+0000 [DEBUG] [org.gradle.internal.operations.DefaultBuildOperationRunner] Build operation 'Compile Java for :compileJava' completed
2025-05-20T16:04:53.317+0000 [DEBUG] [org.gradle.internal.operations.DefaultBuildOperationRunner] Build operation 'Execute compile for :compileJava' completed
2025-05-20T16:04:53.318+0000 [DEBUG] [org.gradle.internal.operations.DefaultBuildOperationRunner] Build operation 'Executing task ':compileJava'' completed
2025-05-20T16:04:53.318+0000 [DEBUG] [org.gradle.internal.vfs.impl.AbstractVirtualFileSystem] Invalidating VFS paths: [/ws-code/build/classes/java/main, /ws-code/build/generated/sources/annotationProcessor/java/main, /ws-code/build/generated/sources/headers/java/main, /ws-code/build/tmp/compileJava/previous-compilation-data.bin]
2025-05-20T16:04:53.442+0000 [DEBUG] [org.gradle.internal.operations.DefaultBuildOperationRunner] Build operation 'Snapshot outputs after executing task ':compileJava'' completed
2025-05-20T16:04:53.446+0000 [DEBUG] [org.gradle.api.internal.tasks.execution.ResolveTaskExecutionModeExecuter] Removed task artifact state for task ':compileJava' from context.
2025-05-20T16:04:53.447+0000 [DEBUG] [org.gradle.internal.operations.DefaultBuildOperationRunner] Completing Build operation 'Task :compileJava'
2025-05-20T16:04:53.447+0000 [DEBUG] [org.gradle.internal.operations.DefaultBuildOperationRunner] Build operation 'Task :compileJava' completed
2025-05-20T16:04:53.447+0000 [DEBUG] [org.gradle.execution.plan.DefaultFinalizedExecutionPlan] Node :compileJava completed, executed: true
2025-05-20T16:04:53.447+0000 [DEBUG] [org.gradle.execution.plan.DefaultFinalizedExecutionPlan] Node :compileJava finished executing
2025-05-20T16:04:53.447+0000 [DEBUG] [org.gradle.internal.resources.AbstractTrackedResourceLock] Execution worker: released lock on state of build :
2025-05-20T16:04:53.447+0000 [DEBUG] [org.gradle.internal.resources.AbstractTrackedResourceLock] Execution worker: released lock on task execution for build :
2025-05-20T16:04:53.447+0000 [DEBUG] [org.gradle.internal.resources.AbstractTrackedResourceLock] Execution worker: acquired lock on state of build :
2025-05-20T16:04:53.447+0000 [DEBUG] [org.gradle.internal.resources.AbstractTrackedResourceLock] Execution worker: acquired lock on task execution for build :
2025-05-20T16:04:53.447+0000 [INFO] [org.gradle.execution.plan.DefaultPlanExecutor] Resolve mutations for :processResources (Thread[Execution worker,5,main]) started.
2025-05-20T16:04:53.447+0000 [DEBUG] [org.gradle.internal.resources.AbstractTrackedResourceLock] included builds: acquired lock on worker lease
2025-05-20T16:04:53.447+0000 [DEBUG] [org.gradle.internal.operations.DefaultBuildOperationRunner] Build operation 'Resolve mutations for task :processResources' started
2025-05-20T16:04:53.447+0000 [DEBUG] [org.gradle.execution.plan.DefaultFinalizedExecutionPlan] Cannot acquire project lock for node Resolve mutations for :processTestResources
2025-05-20T16:04:53.447+0000 [DEBUG] [org.gradle.internal.resources.AbstractTrackedResourceLock] included builds: released lock on worker lease
2025-05-20T16:04:53.447+0000 [DEBUG] [org.gradle.internal.resources.AbstractTrackedResourceLock] Execution worker Thread 31: acquired lock on worker lease
2025-05-20T16:04:53.447+0000 [DEBUG] [org.gradle.internal.resources.AbstractTrackedResourceLock] Execution worker Thread 31: released lock on worker lease
2025-05-20T16:04:53.447+0000 [DEBUG] [org.gradle.internal.resources.AbstractTrackedResourceLock] Execution worker Thread 27: acquired lock on worker lease
2025-05-20T16:04:53.447+0000 [DEBUG] [org.gradle.internal.resources.AbstractTrackedResourceLock] Execution worker Thread 27: released lock on worker lease
2025-05-20T16:04:53.447+0000 [DEBUG] [org.gradle.internal.resources.AbstractTrackedResourceLock] Execution worker Thread 28: acquired lock on worker lease
2025-05-20T16:04:53.447+0000 [DEBUG] [org.gradle.internal.resources.AbstractTrackedResourceLock] Execution worker Thread 28: released lock on worker lease
2025-05-20T16:04:53.447+0000 [DEBUG] [org.gradle.internal.operations.DefaultBuildOperationRunner] Completing Build operation 'Resolve mutations for task :processResources'
2025-05-20T16:04:53.447+0000 [DEBUG] [org.gradle.internal.operations.DefaultBuildOperationRunner] Build operation 'Resolve mutations for task :processResources' completed
2025-05-20T16:04:53.447+0000 [DEBUG] [org.gradle.execution.plan.DefaultFinalizedExecutionPlan] Node Resolve mutations for :processResources completed, executed: true
2025-05-20T16:04:53.447+0000 [DEBUG] [org.gradle.execution.plan.DefaultFinalizedExecutionPlan] Node Resolve mutations for :processResources finished executing
2025-05-20T16:04:53.447+0000 [DEBUG] [org.gradle.internal.resources.AbstractTrackedResourceLock] Execution worker: released lock on state of build :
2025-05-20T16:04:53.447+0000 [DEBUG] [org.gradle.internal.resources.AbstractTrackedResourceLock] Execution worker: released lock on task execution for build :
2025-05-20T16:04:53.448+0000 [DEBUG] [org.gradle.internal.resources.AbstractTrackedResourceLock] Execution worker: acquired lock on state of build :
2025-05-20T16:04:53.448+0000 [DEBUG] [org.gradle.internal.resources.AbstractTrackedResourceLock] Execution worker: acquired lock on task execution for build :
2025-05-20T16:04:53.448+0000 [INFO] [org.gradle.execution.plan.DefaultPlanExecutor] :processResources (Thread[Execution worker,5,main]) started.
2025-05-20T16:04:53.448+0000 [DEBUG] [org.gradle.internal.resources.AbstractTrackedResourceLock] Execution worker Thread 29: acquired lock on worker lease
2025-05-20T16:04:53.448+0000 [DEBUG] [org.gradle.internal.operations.DefaultBuildOperationRunner] Build operation 'Task :processResources' started
2025-05-20T16:04:53.448+0000 [DEBUG] [org.gradle.execution.plan.DefaultFinalizedExecutionPlan] Cannot acquire project lock for node Resolve mutations for :processTestResources
2025-05-20T16:04:53.448+0000 [DEBUG] [org.gradle.internal.resources.AbstractTrackedResourceLock] Execution worker Thread 29: released lock on worker lease
2025-05-20T16:04:53.448+0000 [DEBUG] [org.gradle.internal.resources.AbstractTrackedResourceLock] Execution worker Thread 21: acquired lock on worker lease
2025-05-20T16:04:53.448+0000 [DEBUG] [org.gradle.internal.resources.AbstractTrackedResourceLock] Execution worker Thread 21: released lock on worker lease
2025-05-20T16:04:53.448+0000 [DEBUG] [org.gradle.internal.operations.DefaultBuildOperationRunner] Build operation 'Identifying work' started
2025-05-20T16:04:53.448+0000 [DEBUG] [org.gradle.internal.resources.AbstractTrackedResourceLock] Execution worker Thread 23: acquired lock on worker lease
2025-05-20T16:04:53.448+0000 [DEBUG] [org.gradle.internal.operations.DefaultBuildOperationRunner] Completing Build operation 'Identifying work'
2025-05-20T16:04:53.448+0000 [DEBUG] [org.gradle.internal.resources.AbstractTrackedResourceLock] Execution worker Thread 23: released lock on worker lease
2025-05-20T16:04:53.448+0000 [DEBUG] [org.gradle.internal.resources.AbstractTrackedResourceLock] Execution worker Thread 24: acquired lock on worker lease
2025-05-20T16:04:53.448+0000 [DEBUG] [org.gradle.internal.resources.AbstractTrackedResourceLock] Execution worker Thread 24: released lock on worker lease
2025-05-20T16:04:53.448+0000 [DEBUG] [org.gradle.internal.resources.AbstractTrackedResourceLock] Execution worker Thread 25: acquired lock on worker lease
2025-05-20T16:04:53.448+0000 [DEBUG] [org.gradle.internal.resources.AbstractTrackedResourceLock] Execution worker Thread 25: released lock on worker lease
2025-05-20T16:04:53.448+0000 [DEBUG] [org.gradle.internal.resources.AbstractTrackedResourceLock] Execution worker Thread 26: acquired lock on worker lease
2025-05-20T16:04:53.448+0000 [DEBUG] [org.gradle.internal.resources.AbstractTrackedResourceLock] Execution worker Thread 26: released lock on worker lease
2025-05-20T16:04:53.448+0000 [DEBUG] [org.gradle.internal.resources.AbstractTrackedResourceLock] Execution worker Thread 10: acquired lock on worker lease
2025-05-20T16:04:53.448+0000 [DEBUG] [org.gradle.internal.resources.AbstractTrackedResourceLock] Execution worker Thread 10: released lock on worker lease
2025-05-20T16:04:53.448+0000 [DEBUG] [org.gradle.internal.resources.AbstractTrackedResourceLock] Execution worker Thread 11: acquired lock on worker lease
2025-05-20T16:04:53.448+0000 [DEBUG] [org.gradle.internal.resources.AbstractTrackedResourceLock] Execution worker Thread 11: released lock on worker lease
2025-05-20T16:04:53.448+0000 [DEBUG] [org.gradle.internal.resources.AbstractTrackedResourceLock] Execution worker Thread 12: acquired lock on worker lease
2025-05-20T16:04:53.448+0000 [DEBUG] [org.gradle.internal.resources.AbstractTrackedResourceLock] Execution worker Thread 12: released lock on worker lease
2025-05-20T16:04:53.448+0000 [DEBUG] [org.gradle.internal.resources.AbstractTrackedResourceLock] Execution worker Thread 13: acquired lock on worker lease
2025-05-20T16:04:53.448+0000 [DEBUG] [org.gradle.internal.resources.AbstractTrackedResourceLock] Execution worker Thread 13: released lock on worker lease
2025-05-20T16:04:53.448+0000 [DEBUG] [org.gradle.internal.resources.AbstractTrackedResourceLock] Execution worker Thread 22: acquired lock on worker lease
2025-05-20T16:04:53.448+0000 [DEBUG] [org.gradle.internal.resources.AbstractTrackedResourceLock] Execution worker Thread 22: released lock on worker lease
2025-05-20T16:04:53.448+0000 [DEBUG] [org.gradle.internal.resources.AbstractTrackedResourceLock] Execution worker Thread 18: acquired lock on worker lease
2025-05-20T16:04:53.448+0000 [DEBUG] [org.gradle.internal.resources.AbstractTrackedResourceLock] Execution worker Thread 18: released lock on worker lease
2025-05-20T16:04:53.448+0000 [DEBUG] [org.gradle.internal.resources.AbstractTrackedResourceLock] Execution worker Thread 20: acquired lock on worker lease
2025-05-20T16:04:53.448+0000 [DEBUG] [org.gradle.internal.resources.AbstractTrackedResourceLock] Execution worker Thread 20: released lock on worker lease
2025-05-20T16:04:53.448+0000 [DEBUG] [org.gradle.internal.resources.AbstractTrackedResourceLock] Execution worker Thread 19: acquired lock on worker lease
2025-05-20T16:04:53.448+0000 [DEBUG] [org.gradle.internal.resources.AbstractTrackedResourceLock] Execution worker Thread 19: released lock on worker lease
2025-05-20T16:04:53.448+0000 [DEBUG] [org.gradle.internal.resources.AbstractTrackedResourceLock] Execution worker Thread 3: acquired lock on worker lease
2025-05-20T16:04:53.448+0000 [DEBUG] [org.gradle.internal.resources.AbstractTrackedResourceLock] Execution worker Thread 3: released lock on worker lease
2025-05-20T16:04:53.448+0000 [DEBUG] [org.gradle.internal.resources.AbstractTrackedResourceLock] Execution worker Thread 17: acquired lock on worker lease
2025-05-20T16:04:53.448+0000 [DEBUG] [org.gradle.internal.resources.AbstractTrackedResourceLock] Execution worker Thread 17: released lock on worker lease
2025-05-20T16:04:53.449+0000 [DEBUG] [org.gradle.internal.resources.AbstractTrackedResourceLock] Execution worker Thread 16: acquired lock on worker lease
2025-05-20T16:04:53.449+0000 [DEBUG] [org.gradle.internal.resources.AbstractTrackedResourceLock] Execution worker Thread 16: released lock on worker lease
2025-05-20T16:04:53.449+0000 [DEBUG] [org.gradle.internal.resources.AbstractTrackedResourceLock] Execution worker Thread 15: acquired lock on worker lease
2025-05-20T16:04:53.449+0000 [DEBUG] [org.gradle.internal.resources.AbstractTrackedResourceLock] Execution worker Thread 15: released lock on worker lease
2025-05-20T16:04:53.449+0000 [DEBUG] [org.gradle.internal.resources.AbstractTrackedResourceLock] Execution worker Thread 14: acquired lock on worker lease
2025-05-20T16:04:53.449+0000 [DEBUG] [org.gradle.internal.resources.AbstractTrackedResourceLock] Execution worker Thread 14: released lock on worker lease
2025-05-20T16:04:53.449+0000 [DEBUG] [org.gradle.internal.resources.AbstractTrackedResourceLock] Execution worker Thread 2: acquired lock on worker lease
2025-05-20T16:04:53.449+0000 [DEBUG] [org.gradle.internal.resources.AbstractTrackedResourceLock] Execution worker Thread 2: released lock on worker lease
2025-05-20T16:04:53.449+0000 [DEBUG] [org.gradle.internal.resources.AbstractTrackedResourceLock] Execution worker Thread 4: acquired lock on worker lease
2025-05-20T16:04:53.449+0000 [DEBUG] [org.gradle.internal.resources.AbstractTrackedResourceLock] Execution worker Thread 4: released lock on worker lease
2025-05-20T16:04:53.449+0000 [DEBUG] [org.gradle.internal.resources.AbstractTrackedResourceLock] Execution worker Thread 5: acquired lock on worker lease
2025-05-20T16:04:53.449+0000 [DEBUG] [org.gradle.internal.resources.AbstractTrackedResourceLock] Execution worker Thread 5: released lock on worker lease
2025-05-20T16:04:53.449+0000 [DEBUG] [org.gradle.internal.resources.AbstractTrackedResourceLock] Execution worker Thread 6: acquired lock on worker lease
2025-05-20T16:04:53.449+0000 [DEBUG] [org.gradle.internal.resources.AbstractTrackedResourceLock] Execution worker Thread 6: released lock on worker lease
2025-05-20T16:04:53.449+0000 [DEBUG] [org.gradle.internal.resources.AbstractTrackedResourceLock] Execution worker Thread 7: acquired lock on worker lease
2025-05-20T16:04:53.449+0000 [DEBUG] [org.gradle.internal.resources.AbstractTrackedResourceLock] Execution worker Thread 7: released lock on worker lease
2025-05-20T16:04:53.449+0000 [DEBUG] [org.gradle.internal.resources.AbstractTrackedResourceLock] Execution worker Thread 8: acquired lock on worker lease
2025-05-20T16:04:53.449+0000 [DEBUG] [org.gradle.internal.resources.AbstractTrackedResourceLock] Execution worker Thread 8: released lock on worker lease
2025-05-20T16:04:53.449+0000 [DEBUG] [org.gradle.internal.resources.AbstractTrackedResourceLock] Execution worker Thread 9: acquired lock on worker lease
2025-05-20T16:04:53.449+0000 [DEBUG] [org.gradle.internal.resources.AbstractTrackedResourceLock] Execution worker Thread 9: released lock on worker lease
2025-05-20T16:04:53.449+0000 [DEBUG] [org.gradle.internal.resources.AbstractTrackedResourceLock] Execution worker Thread 30: acquired lock on worker lease
2025-05-20T16:04:53.449+0000 [DEBUG] [org.gradle.internal.resources.AbstractTrackedResourceLock] Execution worker Thread 30: released lock on worker lease
2025-05-20T16:04:53.449+0000 [DEBUG] [org.gradle.internal.resources.AbstractTrackedResourceLock] Execution worker Thread 28: acquired lock on worker lease
2025-05-20T16:04:53.449+0000 [DEBUG] [org.gradle.internal.resources.AbstractTrackedResourceLock] Execution worker Thread 28: released lock on worker lease
2025-05-20T16:04:53.449+0000 [DEBUG] [org.gradle.internal.resources.AbstractTrackedResourceLock] Execution worker Thread 27: acquired lock on worker lease
2025-05-20T16:04:53.449+0000 [DEBUG] [org.gradle.internal.resources.AbstractTrackedResourceLock] Execution worker Thread 27: released lock on worker lease
2025-05-20T16:04:53.449+0000 [DEBUG] [org.gradle.internal.resources.AbstractTrackedResourceLock] Execution worker Thread 31: acquired lock on worker lease
2025-05-20T16:04:53.449+0000 [DEBUG] [org.gradle.internal.resources.AbstractTrackedResourceLock] Execution worker Thread 31: released lock on worker lease
2025-05-20T16:04:53.449+0000 [DEBUG] [org.gradle.internal.resources.AbstractTrackedResourceLock] included builds: acquired lock on worker lease
2025-05-20T16:04:53.449+0000 [DEBUG] [org.gradle.internal.resources.AbstractTrackedResourceLock] included builds: released lock on worker lease
2025-05-20T16:04:53.448+0000 [LIFECYCLE] [class org.gradle.internal.buildevents.TaskExecutionLogger] 
2025-05-20T16:04:53.448+0000 [LIFECYCLE] [class org.gradle.internal.buildevents.TaskExecutionLogger] > Task :processResources NO-SOURCE
2025-05-20T16:04:53.448+0000 [DEBUG] [org.gradle.api.internal.tasks.execution.ResolveTaskExecutionModeExecuter] Putting task artifact state for task ':processResources' into context took 0.0 secs.
2025-05-20T16:04:53.448+0000 [DEBUG] [org.gradle.internal.operations.DefaultBuildOperationRunner] Build operation 'Identifying work' completed
2025-05-20T16:04:53.481+0000 [INFO] [org.gradle.internal.execution.steps.SkipEmptyWorkStep] Skipping task ':processResources' as it has no source files and no previous output files.
2025-05-20T16:04:53.481+0000 [DEBUG] [org.gradle.api.internal.tasks.execution.ResolveTaskExecutionModeExecuter] Removed task artifact state for task ':processResources' from context.
2025-05-20T16:04:53.482+0000 [DEBUG] [org.gradle.internal.operations.DefaultBuildOperationRunner] Completing Build operation 'Task :processResources'
2025-05-20T16:04:53.482+0000 [DEBUG] [org.gradle.internal.operations.DefaultBuildOperationRunner] Build operation 'Task :processResources' completed
2025-05-20T16:04:53.482+0000 [DEBUG] [org.gradle.execution.plan.DefaultFinalizedExecutionPlan] Node :processResources completed, executed: true
2025-05-20T16:04:53.482+0000 [DEBUG] [org.gradle.execution.plan.DefaultFinalizedExecutionPlan] Node :processResources finished executing
2025-05-20T16:04:53.482+0000 [DEBUG] [org.gradle.internal.resources.AbstractTrackedResourceLock] Execution worker: released lock on state of build :
2025-05-20T16:04:53.482+0000 [DEBUG] [org.gradle.internal.resources.AbstractTrackedResourceLock] Execution worker: released lock on task execution for build :
2025-05-20T16:04:53.482+0000 [DEBUG] [org.gradle.internal.resources.AbstractTrackedResourceLock] Execution worker: acquired lock on state of build :
2025-05-20T16:04:53.482+0000 [DEBUG] [org.gradle.internal.resources.AbstractTrackedResourceLock] Execution worker: acquired lock on task execution for build :
2025-05-20T16:04:53.482+0000 [INFO] [org.gradle.execution.plan.DefaultPlanExecutor] Resolve mutations for :classes (Thread[Execution worker,5,main]) started.
2025-05-20T16:04:53.482+0000 [DEBUG] [org.gradle.internal.resources.AbstractTrackedResourceLock] Execution worker Thread 29: acquired lock on worker lease
2025-05-20T16:04:53.482+0000 [DEBUG] [org.gradle.internal.operations.DefaultBuildOperationRunner] Build operation 'Resolve mutations for task :classes' started
2025-05-20T16:04:53.482+0000 [DEBUG] [org.gradle.execution.plan.DefaultFinalizedExecutionPlan] Cannot acquire project lock for node Resolve mutations for :processTestResources
2025-05-20T16:04:53.482+0000 [DEBUG] [org.gradle.internal.resources.AbstractTrackedResourceLock] Execution worker Thread 29: released lock on worker lease
2025-05-20T16:04:53.482+0000 [DEBUG] [org.gradle.internal.resources.AbstractTrackedResourceLock] included builds: acquired lock on worker lease
2025-05-20T16:04:53.482+0000 [DEBUG] [org.gradle.internal.resources.AbstractTrackedResourceLock] included builds: released lock on worker lease
2025-05-20T16:04:53.482+0000 [DEBUG] [org.gradle.internal.operations.DefaultBuildOperationRunner] Completing Build operation 'Resolve mutations for task :classes'
2025-05-20T16:04:53.482+0000 [DEBUG] [org.gradle.internal.operations.DefaultBuildOperationRunner] Build operation 'Resolve mutations for task :classes' completed
2025-05-20T16:04:53.482+0000 [DEBUG] [org.gradle.internal.resources.AbstractTrackedResourceLock] Execution worker Thread 31: acquired lock on worker lease
2025-05-20T16:04:53.482+0000 [DEBUG] [org.gradle.internal.resources.AbstractTrackedResourceLock] Execution worker Thread 31: released lock on worker lease
2025-05-20T16:04:53.482+0000 [DEBUG] [org.gradle.internal.resources.AbstractTrackedResourceLock] Execution worker Thread 27: acquired lock on worker lease
2025-05-20T16:04:53.482+0000 [DEBUG] [org.gradle.internal.resources.AbstractTrackedResourceLock] Execution worker Thread 27: released lock on worker lease
2025-05-20T16:04:53.482+0000 [DEBUG] [org.gradle.internal.resources.AbstractTrackedResourceLock] Execution worker Thread 28: acquired lock on worker lease
2025-05-20T16:04:53.482+0000 [DEBUG] [org.gradle.internal.resources.AbstractTrackedResourceLock] Execution worker Thread 28: released lock on worker lease
2025-05-20T16:04:53.482+0000 [DEBUG] [org.gradle.internal.resources.AbstractTrackedResourceLock] Execution worker Thread 30: acquired lock on worker lease
2025-05-20T16:04:53.482+0000 [DEBUG] [org.gradle.internal.resources.AbstractTrackedResourceLock] Execution worker Thread 30: released lock on worker lease
2025-05-20T16:04:53.482+0000 [DEBUG] [org.gradle.internal.resources.AbstractTrackedResourceLock] Execution worker Thread 9: acquired lock on worker lease
2025-05-20T16:04:53.482+0000 [DEBUG] [org.gradle.internal.resources.AbstractTrackedResourceLock] Execution worker Thread 9: released lock on worker lease
2025-05-20T16:04:53.482+0000 [DEBUG] [org.gradle.internal.resources.AbstractTrackedResourceLock] Execution worker Thread 8: acquired lock on worker lease
2025-05-20T16:04:53.482+0000 [DEBUG] [org.gradle.internal.resources.AbstractTrackedResourceLock] Execution worker Thread 8: released lock on worker lease
2025-05-20T16:04:53.482+0000 [DEBUG] [org.gradle.internal.resources.AbstractTrackedResourceLock] Execution worker Thread 7: acquired lock on worker lease
2025-05-20T16:04:53.482+0000 [DEBUG] [org.gradle.internal.resources.AbstractTrackedResourceLock] Execution worker Thread 7: released lock on worker lease
2025-05-20T16:04:53.482+0000 [DEBUG] [org.gradle.internal.resources.AbstractTrackedResourceLock] Execution worker Thread 6: acquired lock on worker lease
2025-05-20T16:04:53.482+0000 [DEBUG] [org.gradle.internal.resources.AbstractTrackedResourceLock] Execution worker Thread 6: released lock on worker lease
2025-05-20T16:04:53.482+0000 [DEBUG] [org.gradle.internal.resources.AbstractTrackedResourceLock] Execution worker Thread 5: acquired lock on worker lease
2025-05-20T16:04:53.482+0000 [DEBUG] [org.gradle.internal.resources.AbstractTrackedResourceLock] Execution worker Thread 5: released lock on worker lease
2025-05-20T16:04:53.483+0000 [DEBUG] [org.gradle.internal.resources.AbstractTrackedResourceLock] Execution worker Thread 4: acquired lock on worker lease
2025-05-20T16:04:53.483+0000 [DEBUG] [org.gradle.internal.resources.AbstractTrackedResourceLock] Execution worker Thread 4: released lock on worker lease
2025-05-20T16:04:53.483+0000 [DEBUG] [org.gradle.internal.resources.AbstractTrackedResourceLock] Execution worker Thread 2: acquired lock on worker lease
2025-05-20T16:04:53.483+0000 [DEBUG] [org.gradle.internal.resources.AbstractTrackedResourceLock] Execution worker Thread 2: released lock on worker lease
2025-05-20T16:04:53.483+0000 [DEBUG] [org.gradle.internal.resources.AbstractTrackedResourceLock] Execution worker Thread 14: acquired lock on worker lease
2025-05-20T16:04:53.483+0000 [DEBUG] [org.gradle.internal.resources.AbstractTrackedResourceLock] Execution worker Thread 14: released lock on worker lease
2025-05-20T16:04:53.483+0000 [DEBUG] [org.gradle.internal.resources.AbstractTrackedResourceLock] Execution worker Thread 15: acquired lock on worker lease
2025-05-20T16:04:53.483+0000 [DEBUG] [org.gradle.internal.resources.AbstractTrackedResourceLock] Execution worker Thread 15: released lock on worker lease
2025-05-20T16:04:53.483+0000 [DEBUG] [org.gradle.internal.resources.AbstractTrackedResourceLock] Execution worker Thread 16: acquired lock on worker lease
2025-05-20T16:04:53.483+0000 [DEBUG] [org.gradle.internal.resources.AbstractTrackedResourceLock] Execution worker Thread 16: released lock on worker lease
2025-05-20T16:04:53.483+0000 [DEBUG] [org.gradle.internal.resources.AbstractTrackedResourceLock] Execution worker Thread 17: acquired lock on worker lease
2025-05-20T16:04:53.483+0000 [DEBUG] [org.gradle.internal.resources.AbstractTrackedResourceLock] Execution worker Thread 17: released lock on worker lease
2025-05-20T16:04:53.483+0000 [DEBUG] [org.gradle.internal.resources.AbstractTrackedResourceLock] Execution worker Thread 3: acquired lock on worker lease
2025-05-20T16:04:53.483+0000 [DEBUG] [org.gradle.internal.resources.AbstractTrackedResourceLock] Execution worker Thread 3: released lock on worker lease
2025-05-20T16:04:53.483+0000 [DEBUG] [org.gradle.internal.resources.AbstractTrackedResourceLock] Execution worker Thread 19: acquired lock on worker lease
2025-05-20T16:04:53.483+0000 [DEBUG] [org.gradle.internal.resources.AbstractTrackedResourceLock] Execution worker Thread 19: released lock on worker lease
2025-05-20T16:04:53.483+0000 [DEBUG] [org.gradle.internal.resources.AbstractTrackedResourceLock] Execution worker Thread 20: acquired lock on worker lease
2025-05-20T16:04:53.483+0000 [DEBUG] [org.gradle.internal.resources.AbstractTrackedResourceLock] Execution worker Thread 20: released lock on worker lease
2025-05-20T16:04:53.483+0000 [DEBUG] [org.gradle.internal.resources.AbstractTrackedResourceLock] Execution worker Thread 18: acquired lock on worker lease
2025-05-20T16:04:53.483+0000 [DEBUG] [org.gradle.internal.resources.AbstractTrackedResourceLock] Execution worker Thread 18: released lock on worker lease
2025-05-20T16:04:53.483+0000 [DEBUG] [org.gradle.internal.resources.AbstractTrackedResourceLock] Execution worker Thread 22: acquired lock on worker lease
2025-05-20T16:04:53.483+0000 [DEBUG] [org.gradle.internal.resources.AbstractTrackedResourceLock] Execution worker Thread 22: released lock on worker lease
2025-05-20T16:04:53.483+0000 [DEBUG] [org.gradle.internal.resources.AbstractTrackedResourceLock] Execution worker Thread 13: acquired lock on worker lease
2025-05-20T16:04:53.483+0000 [DEBUG] [org.gradle.internal.resources.AbstractTrackedResourceLock] Execution worker Thread 13: released lock on worker lease
2025-05-20T16:04:53.483+0000 [DEBUG] [org.gradle.internal.resources.AbstractTrackedResourceLock] Execution worker Thread 12: acquired lock on worker lease
2025-05-20T16:04:53.483+0000 [DEBUG] [org.gradle.internal.resources.AbstractTrackedResourceLock] Execution worker Thread 12: released lock on worker lease
2025-05-20T16:04:53.483+0000 [DEBUG] [org.gradle.internal.resources.AbstractTrackedResourceLock] Execution worker Thread 11: acquired lock on worker lease
2025-05-20T16:04:53.483+0000 [DEBUG] [org.gradle.internal.resources.AbstractTrackedResourceLock] Execution worker Thread 11: released lock on worker lease
2025-05-20T16:04:53.483+0000 [DEBUG] [org.gradle.internal.resources.AbstractTrackedResourceLock] Execution worker Thread 10: acquired lock on worker lease
2025-05-20T16:04:53.483+0000 [DEBUG] [org.gradle.internal.resources.AbstractTrackedResourceLock] Execution worker Thread 10: released lock on worker lease
2025-05-20T16:04:53.483+0000 [DEBUG] [org.gradle.internal.resources.AbstractTrackedResourceLock] Execution worker Thread 26: acquired lock on worker lease
2025-05-20T16:04:53.483+0000 [DEBUG] [org.gradle.internal.resources.AbstractTrackedResourceLock] Execution worker Thread 26: released lock on worker lease
2025-05-20T16:04:53.483+0000 [DEBUG] [org.gradle.internal.resources.AbstractTrackedResourceLock] Execution worker Thread 25: acquired lock on worker lease
2025-05-20T16:04:53.483+0000 [DEBUG] [org.gradle.internal.resources.AbstractTrackedResourceLock] Execution worker Thread 25: released lock on worker lease
2025-05-20T16:04:53.483+0000 [DEBUG] [org.gradle.internal.resources.AbstractTrackedResourceLock] Execution worker Thread 24: acquired lock on worker lease
2025-05-20T16:04:53.483+0000 [DEBUG] [org.gradle.internal.resources.AbstractTrackedResourceLock] Execution worker Thread 24: released lock on worker lease
2025-05-20T16:04:53.483+0000 [DEBUG] [org.gradle.internal.resources.AbstractTrackedResourceLock] Execution worker Thread 23: acquired lock on worker lease
2025-05-20T16:04:53.483+0000 [DEBUG] [org.gradle.internal.resources.AbstractTrackedResourceLock] Execution worker Thread 23: released lock on worker lease
2025-05-20T16:04:53.483+0000 [DEBUG] [org.gradle.internal.resources.AbstractTrackedResourceLock] Execution worker Thread 21: acquired lock on worker lease
2025-05-20T16:04:53.483+0000 [DEBUG] [org.gradle.internal.resources.AbstractTrackedResourceLock] Execution worker Thread 21: released lock on worker lease
2025-05-20T16:04:53.483+0000 [DEBUG] [org.gradle.execution.plan.DefaultFinalizedExecutionPlan] Node Resolve mutations for :classes completed, executed: true
2025-05-20T16:04:53.483+0000 [DEBUG] [org.gradle.execution.plan.DefaultFinalizedExecutionPlan] Node Resolve mutations for :classes finished executing
2025-05-20T16:04:53.483+0000 [DEBUG] [org.gradle.internal.resources.AbstractTrackedResourceLock] Execution worker: released lock on state of build :
2025-05-20T16:04:53.483+0000 [DEBUG] [org.gradle.internal.resources.AbstractTrackedResourceLock] Execution worker: released lock on task execution for build :
2025-05-20T16:04:53.483+0000 [DEBUG] [org.gradle.internal.resources.AbstractTrackedResourceLock] Execution worker: acquired lock on state of build :
2025-05-20T16:04:53.483+0000 [DEBUG] [org.gradle.internal.resources.AbstractTrackedResourceLock] Execution worker: acquired lock on task execution for build :
2025-05-20T16:04:53.484+0000 [INFO] [org.gradle.execution.plan.DefaultPlanExecutor] :classes (Thread[Execution worker,5,main]) started.
2025-05-20T16:04:53.484+0000 [DEBUG] [org.gradle.internal.resources.AbstractTrackedResourceLock] Execution worker Thread 29: acquired lock on worker lease
2025-05-20T16:04:53.484+0000 [DEBUG] [org.gradle.internal.operations.DefaultBuildOperationRunner] Build operation 'Task :classes' started
2025-05-20T16:04:53.484+0000 [DEBUG] [org.gradle.execution.plan.DefaultFinalizedExecutionPlan] Cannot acquire project lock for node Resolve mutations for :processTestResources
2025-05-20T16:04:53.484+0000 [DEBUG] [org.gradle.internal.resources.AbstractTrackedResourceLock] Execution worker Thread 29: released lock on worker lease
2025-05-20T16:04:53.484+0000 [DEBUG] [org.gradle.internal.resources.AbstractTrackedResourceLock] Execution worker Thread 21: acquired lock on worker lease
2025-05-20T16:04:53.484+0000 [DEBUG] [org.gradle.internal.resources.AbstractTrackedResourceLock] Execution worker Thread 21: released lock on worker lease
2025-05-20T16:04:53.484+0000 [DEBUG] [org.gradle.internal.resources.AbstractTrackedResourceLock] Execution worker Thread 23: acquired lock on worker lease
2025-05-20T16:04:53.484+0000 [DEBUG] [org.gradle.internal.resources.AbstractTrackedResourceLock] Execution worker Thread 23: released lock on worker lease
2025-05-20T16:04:53.484+0000 [DEBUG] [org.gradle.internal.resources.AbstractTrackedResourceLock] Execution worker Thread 24: acquired lock on worker lease
2025-05-20T16:04:53.484+0000 [DEBUG] [org.gradle.internal.resources.AbstractTrackedResourceLock] Execution worker Thread 24: released lock on worker lease
2025-05-20T16:04:53.484+0000 [DEBUG] [org.gradle.internal.resources.AbstractTrackedResourceLock] Execution worker Thread 25: acquired lock on worker lease
2025-05-20T16:04:53.484+0000 [DEBUG] [org.gradle.internal.resources.AbstractTrackedResourceLock] Execution worker Thread 25: released lock on worker lease
2025-05-20T16:04:53.484+0000 [LIFECYCLE] [class org.gradle.internal.buildevents.TaskExecutionLogger] 
2025-05-20T16:04:53.484+0000 [LIFECYCLE] [class org.gradle.internal.buildevents.TaskExecutionLogger] > Task :classes
2025-05-20T16:04:53.484+0000 [INFO] [org.gradle.api.internal.tasks.execution.SkipTaskWithNoActionsExecuter] Skipping task ':classes' as it has no actions.
2025-05-20T16:04:53.484+0000 [DEBUG] [org.gradle.internal.operations.DefaultBuildOperationRunner] Completing Build operation 'Task :classes'
2025-05-20T16:04:53.484+0000 [DEBUG] [org.gradle.internal.operations.DefaultBuildOperationRunner] Build operation 'Task :classes' completed
2025-05-20T16:04:53.484+0000 [DEBUG] [org.gradle.internal.resources.AbstractTrackedResourceLock] Execution worker Thread 26: acquired lock on worker lease
2025-05-20T16:04:53.484+0000 [DEBUG] [org.gradle.internal.resources.AbstractTrackedResourceLock] Execution worker Thread 26: released lock on worker lease
2025-05-20T16:04:53.484+0000 [DEBUG] [org.gradle.internal.resources.AbstractTrackedResourceLock] Execution worker Thread 10: acquired lock on worker lease
2025-05-20T16:04:53.484+0000 [DEBUG] [org.gradle.internal.resources.AbstractTrackedResourceLock] Execution worker Thread 10: released lock on worker lease
2025-05-20T16:04:53.484+0000 [DEBUG] [org.gradle.internal.resources.AbstractTrackedResourceLock] Execution worker Thread 11: acquired lock on worker lease
2025-05-20T16:04:53.484+0000 [DEBUG] [org.gradle.internal.resources.AbstractTrackedResourceLock] Execution worker Thread 11: released lock on worker lease
2025-05-20T16:04:53.484+0000 [DEBUG] [org.gradle.internal.resources.AbstractTrackedResourceLock] Execution worker Thread 12: acquired lock on worker lease
2025-05-20T16:04:53.484+0000 [DEBUG] [org.gradle.internal.resources.AbstractTrackedResourceLock] Execution worker Thread 12: released lock on worker lease
2025-05-20T16:04:53.484+0000 [DEBUG] [org.gradle.internal.resources.AbstractTrackedResourceLock] Execution worker Thread 13: acquired lock on worker lease
2025-05-20T16:04:53.484+0000 [DEBUG] [org.gradle.internal.resources.AbstractTrackedResourceLock] Execution worker Thread 13: released lock on worker lease
2025-05-20T16:04:53.484+0000 [DEBUG] [org.gradle.internal.resources.AbstractTrackedResourceLock] Execution worker Thread 22: acquired lock on worker lease
2025-05-20T16:04:53.484+0000 [DEBUG] [org.gradle.internal.resources.AbstractTrackedResourceLock] Execution worker Thread 22: released lock on worker lease
2025-05-20T16:04:53.484+0000 [DEBUG] [org.gradle.internal.resources.AbstractTrackedResourceLock] Execution worker Thread 18: acquired lock on worker lease
2025-05-20T16:04:53.484+0000 [DEBUG] [org.gradle.internal.resources.AbstractTrackedResourceLock] Execution worker Thread 18: released lock on worker lease
2025-05-20T16:04:53.484+0000 [DEBUG] [org.gradle.internal.resources.AbstractTrackedResourceLock] Execution worker Thread 20: acquired lock on worker lease
2025-05-20T16:04:53.484+0000 [DEBUG] [org.gradle.internal.resources.AbstractTrackedResourceLock] Execution worker Thread 20: released lock on worker lease
2025-05-20T16:04:53.484+0000 [DEBUG] [org.gradle.internal.resources.AbstractTrackedResourceLock] Execution worker Thread 19: acquired lock on worker lease
2025-05-20T16:04:53.484+0000 [DEBUG] [org.gradle.internal.resources.AbstractTrackedResourceLock] Execution worker Thread 19: released lock on worker lease
2025-05-20T16:04:53.484+0000 [DEBUG] [org.gradle.internal.resources.AbstractTrackedResourceLock] Execution worker Thread 3: acquired lock on worker lease
2025-05-20T16:04:53.484+0000 [DEBUG] [org.gradle.internal.resources.AbstractTrackedResourceLock] Execution worker Thread 3: released lock on worker lease
2025-05-20T16:04:53.484+0000 [DEBUG] [org.gradle.internal.resources.AbstractTrackedResourceLock] Execution worker Thread 17: acquired lock on worker lease
2025-05-20T16:04:53.484+0000 [DEBUG] [org.gradle.internal.resources.AbstractTrackedResourceLock] Execution worker Thread 17: released lock on worker lease
2025-05-20T16:04:53.485+0000 [DEBUG] [org.gradle.internal.resources.AbstractTrackedResourceLock] Execution worker Thread 16: acquired lock on worker lease
2025-05-20T16:04:53.485+0000 [DEBUG] [org.gradle.internal.resources.AbstractTrackedResourceLock] Execution worker Thread 16: released lock on worker lease
2025-05-20T16:04:53.485+0000 [DEBUG] [org.gradle.internal.resources.AbstractTrackedResourceLock] Execution worker Thread 15: acquired lock on worker lease
2025-05-20T16:04:53.485+0000 [DEBUG] [org.gradle.internal.resources.AbstractTrackedResourceLock] Execution worker Thread 15: released lock on worker lease
2025-05-20T16:04:53.485+0000 [DEBUG] [org.gradle.internal.resources.AbstractTrackedResourceLock] Execution worker Thread 14: acquired lock on worker lease
2025-05-20T16:04:53.485+0000 [DEBUG] [org.gradle.internal.resources.AbstractTrackedResourceLock] Execution worker Thread 14: released lock on worker lease
2025-05-20T16:04:53.485+0000 [DEBUG] [org.gradle.internal.resources.AbstractTrackedResourceLock] Execution worker Thread 2: acquired lock on worker lease
2025-05-20T16:04:53.485+0000 [DEBUG] [org.gradle.internal.resources.AbstractTrackedResourceLock] Execution worker Thread 2: released lock on worker lease
2025-05-20T16:04:53.485+0000 [DEBUG] [org.gradle.internal.resources.AbstractTrackedResourceLock] Execution worker Thread 4: acquired lock on worker lease
2025-05-20T16:04:53.485+0000 [DEBUG] [org.gradle.internal.resources.AbstractTrackedResourceLock] Execution worker Thread 4: released lock on worker lease
2025-05-20T16:04:53.485+0000 [DEBUG] [org.gradle.internal.resources.AbstractTrackedResourceLock] Execution worker Thread 5: acquired lock on worker lease
2025-05-20T16:04:53.485+0000 [DEBUG] [org.gradle.internal.resources.AbstractTrackedResourceLock] Execution worker Thread 5: released lock on worker lease
2025-05-20T16:04:53.485+0000 [DEBUG] [org.gradle.internal.resources.AbstractTrackedResourceLock] Execution worker Thread 6: acquired lock on worker lease
2025-05-20T16:04:53.485+0000 [DEBUG] [org.gradle.internal.resources.AbstractTrackedResourceLock] Execution worker Thread 6: released lock on worker lease
2025-05-20T16:04:53.485+0000 [DEBUG] [org.gradle.internal.resources.AbstractTrackedResourceLock] Execution worker Thread 7: acquired lock on worker lease
2025-05-20T16:04:53.485+0000 [DEBUG] [org.gradle.internal.resources.AbstractTrackedResourceLock] Execution worker Thread 7: released lock on worker lease
2025-05-20T16:04:53.485+0000 [DEBUG] [org.gradle.internal.resources.AbstractTrackedResourceLock] Execution worker Thread 8: acquired lock on worker lease
2025-05-20T16:04:53.485+0000 [DEBUG] [org.gradle.internal.resources.AbstractTrackedResourceLock] Execution worker Thread 8: released lock on worker lease
2025-05-20T16:04:53.485+0000 [DEBUG] [org.gradle.internal.resources.AbstractTrackedResourceLock] Execution worker Thread 9: acquired lock on worker lease
2025-05-20T16:04:53.485+0000 [DEBUG] [org.gradle.internal.resources.AbstractTrackedResourceLock] Execution worker Thread 9: released lock on worker lease
2025-05-20T16:04:53.485+0000 [DEBUG] [org.gradle.internal.resources.AbstractTrackedResourceLock] Execution worker Thread 30: acquired lock on worker lease
2025-05-20T16:04:53.485+0000 [DEBUG] [org.gradle.internal.resources.AbstractTrackedResourceLock] Execution worker Thread 30: released lock on worker lease
2025-05-20T16:04:53.485+0000 [DEBUG] [org.gradle.internal.resources.AbstractTrackedResourceLock] Execution worker Thread 28: acquired lock on worker lease
2025-05-20T16:04:53.485+0000 [DEBUG] [org.gradle.internal.resources.AbstractTrackedResourceLock] Execution worker Thread 28: released lock on worker lease
2025-05-20T16:04:53.485+0000 [DEBUG] [org.gradle.internal.resources.AbstractTrackedResourceLock] Execution worker Thread 27: acquired lock on worker lease
2025-05-20T16:04:53.485+0000 [DEBUG] [org.gradle.internal.resources.AbstractTrackedResourceLock] Execution worker Thread 27: released lock on worker lease
2025-05-20T16:04:53.485+0000 [DEBUG] [org.gradle.internal.resources.AbstractTrackedResourceLock] Execution worker Thread 31: acquired lock on worker lease
2025-05-20T16:04:53.485+0000 [DEBUG] [org.gradle.internal.resources.AbstractTrackedResourceLock] Execution worker Thread 31: released lock on worker lease
2025-05-20T16:04:53.485+0000 [DEBUG] [org.gradle.internal.resources.AbstractTrackedResourceLock] included builds: acquired lock on worker lease
2025-05-20T16:04:53.485+0000 [DEBUG] [org.gradle.internal.resources.AbstractTrackedResourceLock] included builds: released lock on worker lease
2025-05-20T16:04:53.485+0000 [DEBUG] [org.gradle.execution.plan.DefaultFinalizedExecutionPlan] Node :classes completed, executed: true
2025-05-20T16:04:53.485+0000 [DEBUG] [org.gradle.execution.plan.DefaultFinalizedExecutionPlan] Node :classes finished executing
2025-05-20T16:04:53.485+0000 [DEBUG] [org.gradle.internal.resources.AbstractTrackedResourceLock] Execution worker: released lock on state of build :
2025-05-20T16:04:53.485+0000 [DEBUG] [org.gradle.internal.resources.AbstractTrackedResourceLock] Execution worker: released lock on task execution for build :
2025-05-20T16:04:53.485+0000 [DEBUG] [org.gradle.internal.resources.AbstractTrackedResourceLock] Execution worker: acquired lock on state of build :
2025-05-20T16:04:53.485+0000 [DEBUG] [org.gradle.internal.resources.AbstractTrackedResourceLock] Execution worker: acquired lock on task execution for build :
2025-05-20T16:04:53.485+0000 [INFO] [org.gradle.execution.plan.DefaultPlanExecutor] Resolve mutations for :jar (Thread[Execution worker,5,main]) started.
2025-05-20T16:04:53.485+0000 [DEBUG] [org.gradle.internal.resources.AbstractTrackedResourceLock] Execution worker Thread 29: acquired lock on worker lease
2025-05-20T16:04:53.485+0000 [DEBUG] [org.gradle.internal.operations.DefaultBuildOperationRunner] Build operation 'Resolve mutations for task :jar' started
2025-05-20T16:04:53.485+0000 [DEBUG] [org.gradle.execution.plan.DefaultFinalizedExecutionPlan] Cannot acquire project lock for node Resolve mutations for :compileTestJava
2025-05-20T16:04:53.485+0000 [DEBUG] [org.gradle.execution.plan.DefaultFinalizedExecutionPlan] Cannot acquire project lock for node Resolve mutations for :processTestResources
2025-05-20T16:04:53.485+0000 [DEBUG] [org.gradle.internal.resources.AbstractTrackedResourceLock] Execution worker Thread 29: released lock on worker lease
2025-05-20T16:04:53.486+0000 [DEBUG] [org.gradle.internal.resources.AbstractTrackedResourceLock] included builds: acquired lock on worker lease
2025-05-20T16:04:53.486+0000 [DEBUG] [org.gradle.internal.resources.AbstractTrackedResourceLock] included builds: released lock on worker lease
2025-05-20T16:04:53.486+0000 [DEBUG] [org.gradle.internal.resources.AbstractTrackedResourceLock] Execution worker Thread 31: acquired lock on worker lease
2025-05-20T16:04:53.486+0000 [DEBUG] [org.gradle.internal.resources.AbstractTrackedResourceLock] Execution worker Thread 31: released lock on worker lease
2025-05-20T16:04:53.486+0000 [DEBUG] [org.gradle.internal.resources.AbstractTrackedResourceLock] Execution worker Thread 27: acquired lock on worker lease
2025-05-20T16:04:53.486+0000 [DEBUG] [org.gradle.internal.resources.AbstractTrackedResourceLock] Execution worker Thread 27: released lock on worker lease
2025-05-20T16:04:53.486+0000 [DEBUG] [org.gradle.internal.resources.AbstractTrackedResourceLock] Execution worker Thread 28: acquired lock on worker lease
2025-05-20T16:04:53.486+0000 [DEBUG] [org.gradle.internal.resources.AbstractTrackedResourceLock] Execution worker Thread 28: released lock on worker lease
2025-05-20T16:04:53.486+0000 [DEBUG] [org.gradle.internal.operations.DefaultBuildOperationRunner] Completing Build operation 'Resolve mutations for task :jar'
2025-05-20T16:04:53.486+0000 [DEBUG] [org.gradle.internal.operations.DefaultBuildOperationRunner] Build operation 'Resolve mutations for task :jar' completed
2025-05-20T16:04:53.486+0000 [DEBUG] [org.gradle.internal.resources.AbstractTrackedResourceLock] Execution worker Thread 30: acquired lock on worker lease
2025-05-20T16:04:53.486+0000 [DEBUG] [org.gradle.internal.resources.AbstractTrackedResourceLock] Execution worker Thread 30: released lock on worker lease
2025-05-20T16:04:53.486+0000 [DEBUG] [org.gradle.internal.resources.AbstractTrackedResourceLock] Execution worker Thread 9: acquired lock on worker lease
2025-05-20T16:04:53.486+0000 [DEBUG] [org.gradle.internal.resources.AbstractTrackedResourceLock] Execution worker Thread 9: released lock on worker lease
2025-05-20T16:04:53.486+0000 [DEBUG] [org.gradle.internal.resources.AbstractTrackedResourceLock] Execution worker Thread 8: acquired lock on worker lease
2025-05-20T16:04:53.486+0000 [DEBUG] [org.gradle.internal.resources.AbstractTrackedResourceLock] Execution worker Thread 8: released lock on worker lease
2025-05-20T16:04:53.486+0000 [DEBUG] [org.gradle.internal.resources.AbstractTrackedResourceLock] Execution worker Thread 7: acquired lock on worker lease
2025-05-20T16:04:53.486+0000 [DEBUG] [org.gradle.internal.resources.AbstractTrackedResourceLock] Execution worker Thread 7: released lock on worker lease
2025-05-20T16:04:53.486+0000 [DEBUG] [org.gradle.internal.resources.AbstractTrackedResourceLock] Execution worker Thread 6: acquired lock on worker lease
2025-05-20T16:04:53.486+0000 [DEBUG] [org.gradle.internal.resources.AbstractTrackedResourceLock] Execution worker Thread 6: released lock on worker lease
2025-05-20T16:04:53.486+0000 [DEBUG] [org.gradle.internal.resources.AbstractTrackedResourceLock] Execution worker Thread 5: acquired lock on worker lease
2025-05-20T16:04:53.486+0000 [DEBUG] [org.gradle.internal.resources.AbstractTrackedResourceLock] Execution worker Thread 5: released lock on worker lease
2025-05-20T16:04:53.486+0000 [DEBUG] [org.gradle.internal.resources.AbstractTrackedResourceLock] Execution worker Thread 4: acquired lock on worker lease
2025-05-20T16:04:53.486+0000 [DEBUG] [org.gradle.internal.resources.AbstractTrackedResourceLock] Execution worker Thread 4: released lock on worker lease
2025-05-20T16:04:53.486+0000 [DEBUG] [org.gradle.internal.resources.AbstractTrackedResourceLock] Execution worker Thread 2: acquired lock on worker lease
2025-05-20T16:04:53.486+0000 [DEBUG] [org.gradle.internal.resources.AbstractTrackedResourceLock] Execution worker Thread 2: released lock on worker lease
2025-05-20T16:04:53.486+0000 [DEBUG] [org.gradle.internal.resources.AbstractTrackedResourceLock] Execution worker Thread 14: acquired lock on worker lease
2025-05-20T16:04:53.486+0000 [DEBUG] [org.gradle.internal.resources.AbstractTrackedResourceLock] Execution worker Thread 14: released lock on worker lease
2025-05-20T16:04:53.486+0000 [DEBUG] [org.gradle.internal.resources.AbstractTrackedResourceLock] Execution worker Thread 15: acquired lock on worker lease
2025-05-20T16:04:53.486+0000 [DEBUG] [org.gradle.internal.resources.AbstractTrackedResourceLock] Execution worker Thread 15: released lock on worker lease
2025-05-20T16:04:53.486+0000 [DEBUG] [org.gradle.internal.resources.AbstractTrackedResourceLock] Execution worker Thread 16: acquired lock on worker lease
2025-05-20T16:04:53.486+0000 [DEBUG] [org.gradle.internal.resources.AbstractTrackedResourceLock] Execution worker Thread 16: released lock on worker lease
2025-05-20T16:04:53.486+0000 [DEBUG] [org.gradle.internal.resources.AbstractTrackedResourceLock] Execution worker Thread 17: acquired lock on worker lease
2025-05-20T16:04:53.486+0000 [DEBUG] [org.gradle.internal.resources.AbstractTrackedResourceLock] Execution worker Thread 17: released lock on worker lease
2025-05-20T16:04:53.486+0000 [DEBUG] [org.gradle.internal.resources.AbstractTrackedResourceLock] Execution worker Thread 3: acquired lock on worker lease
2025-05-20T16:04:53.486+0000 [DEBUG] [org.gradle.internal.resources.AbstractTrackedResourceLock] Execution worker Thread 3: released lock on worker lease
2025-05-20T16:04:53.486+0000 [DEBUG] [org.gradle.internal.resources.AbstractTrackedResourceLock] Execution worker Thread 19: acquired lock on worker lease
2025-05-20T16:04:53.487+0000 [DEBUG] [org.gradle.internal.resources.AbstractTrackedResourceLock] Execution worker Thread 19: released lock on worker lease
2025-05-20T16:04:53.487+0000 [DEBUG] [org.gradle.internal.resources.AbstractTrackedResourceLock] Execution worker Thread 20: acquired lock on worker lease
2025-05-20T16:04:53.487+0000 [DEBUG] [org.gradle.internal.resources.AbstractTrackedResourceLock] Execution worker Thread 20: released lock on worker lease
2025-05-20T16:04:53.487+0000 [DEBUG] [org.gradle.internal.resources.AbstractTrackedResourceLock] Execution worker Thread 18: acquired lock on worker lease
2025-05-20T16:04:53.487+0000 [DEBUG] [org.gradle.internal.resources.AbstractTrackedResourceLock] Execution worker Thread 18: released lock on worker lease
2025-05-20T16:04:53.487+0000 [DEBUG] [org.gradle.internal.resources.AbstractTrackedResourceLock] Execution worker Thread 22: acquired lock on worker lease
2025-05-20T16:04:53.487+0000 [DEBUG] [org.gradle.internal.resources.AbstractTrackedResourceLock] Execution worker Thread 22: released lock on worker lease
2025-05-20T16:04:53.487+0000 [DEBUG] [org.gradle.internal.resources.AbstractTrackedResourceLock] Execution worker Thread 13: acquired lock on worker lease
2025-05-20T16:04:53.487+0000 [DEBUG] [org.gradle.internal.resources.AbstractTrackedResourceLock] Execution worker Thread 13: released lock on worker lease
2025-05-20T16:04:53.487+0000 [DEBUG] [org.gradle.internal.resources.AbstractTrackedResourceLock] Execution worker Thread 12: acquired lock on worker lease
2025-05-20T16:04:53.487+0000 [DEBUG] [org.gradle.internal.resources.AbstractTrackedResourceLock] Execution worker Thread 12: released lock on worker lease
2025-05-20T16:04:53.487+0000 [DEBUG] [org.gradle.internal.resources.AbstractTrackedResourceLock] Execution worker Thread 11: acquired lock on worker lease
2025-05-20T16:04:53.487+0000 [DEBUG] [org.gradle.internal.resources.AbstractTrackedResourceLock] Execution worker Thread 11: released lock on worker lease
2025-05-20T16:04:53.487+0000 [DEBUG] [org.gradle.internal.resources.AbstractTrackedResourceLock] Execution worker Thread 10: acquired lock on worker lease
2025-05-20T16:04:53.487+0000 [DEBUG] [org.gradle.internal.resources.AbstractTrackedResourceLock] Execution worker Thread 10: released lock on worker lease
2025-05-20T16:04:53.487+0000 [DEBUG] [org.gradle.internal.resources.AbstractTrackedResourceLock] Execution worker Thread 26: acquired lock on worker lease
2025-05-20T16:04:53.487+0000 [DEBUG] [org.gradle.internal.resources.AbstractTrackedResourceLock] Execution worker Thread 26: released lock on worker lease
2025-05-20T16:04:53.487+0000 [DEBUG] [org.gradle.internal.resources.AbstractTrackedResourceLock] Execution worker Thread 25: acquired lock on worker lease
2025-05-20T16:04:53.487+0000 [DEBUG] [org.gradle.internal.resources.AbstractTrackedResourceLock] Execution worker Thread 25: released lock on worker lease
2025-05-20T16:04:53.487+0000 [DEBUG] [org.gradle.internal.resources.AbstractTrackedResourceLock] Execution worker Thread 24: acquired lock on worker lease
2025-05-20T16:04:53.487+0000 [DEBUG] [org.gradle.internal.resources.AbstractTrackedResourceLock] Execution worker Thread 24: released lock on worker lease
2025-05-20T16:04:53.487+0000 [DEBUG] [org.gradle.internal.resources.AbstractTrackedResourceLock] Execution worker Thread 23: acquired lock on worker lease
2025-05-20T16:04:53.487+0000 [DEBUG] [org.gradle.internal.resources.AbstractTrackedResourceLock] Execution worker Thread 23: released lock on worker lease
2025-05-20T16:04:53.487+0000 [DEBUG] [org.gradle.internal.resources.AbstractTrackedResourceLock] Execution worker Thread 21: acquired lock on worker lease
2025-05-20T16:04:53.487+0000 [DEBUG] [org.gradle.internal.resources.AbstractTrackedResourceLock] Execution worker Thread 21: released lock on worker lease
2025-05-20T16:04:53.487+0000 [DEBUG] [org.gradle.execution.plan.DefaultFinalizedExecutionPlan] Node Resolve mutations for :jar completed, executed: true
2025-05-20T16:04:53.487+0000 [DEBUG] [org.gradle.execution.plan.DefaultFinalizedExecutionPlan] Node Resolve mutations for :jar finished executing
2025-05-20T16:04:53.487+0000 [DEBUG] [org.gradle.internal.resources.AbstractTrackedResourceLock] Execution worker: released lock on state of build :
2025-05-20T16:04:53.487+0000 [DEBUG] [org.gradle.internal.resources.AbstractTrackedResourceLock] Execution worker: released lock on task execution for build :
2025-05-20T16:04:53.487+0000 [DEBUG] [org.gradle.internal.resources.AbstractTrackedResourceLock] Execution worker: acquired lock on state of build :
2025-05-20T16:04:53.487+0000 [DEBUG] [org.gradle.internal.resources.AbstractTrackedResourceLock] Execution worker: acquired lock on task execution for build :
2025-05-20T16:04:53.487+0000 [INFO] [org.gradle.execution.plan.DefaultPlanExecutor] :jar (Thread[Execution worker,5,main]) started.
2025-05-20T16:04:53.487+0000 [DEBUG] [org.gradle.internal.operations.DefaultBuildOperationRunner] Build operation 'Task :jar' started
2025-05-20T16:04:53.487+0000 [DEBUG] [org.gradle.internal.resources.AbstractTrackedResourceLock] Execution worker Thread 29: acquired lock on worker lease
2025-05-20T16:04:53.487+0000 [DEBUG] [org.gradle.execution.plan.DefaultFinalizedExecutionPlan] Cannot acquire project lock for node Resolve mutations for :compileTestJava
2025-05-20T16:04:53.488+0000 [DEBUG] [org.gradle.internal.operations.DefaultBuildOperationRunner] Build operation 'Identifying work' started
2025-05-20T16:04:53.488+0000 [DEBUG] [org.gradle.execution.plan.DefaultFinalizedExecutionPlan] Cannot acquire project lock for node Resolve mutations for :processTestResources
2025-05-20T16:04:53.488+0000 [DEBUG] [org.gradle.internal.resources.AbstractTrackedResourceLock] Execution worker Thread 29: released lock on worker lease
2025-05-20T16:04:53.488+0000 [DEBUG] [org.gradle.internal.operations.DefaultBuildOperationRunner] Completing Build operation 'Identifying work'
2025-05-20T16:04:53.488+0000 [DEBUG] [org.gradle.internal.resources.AbstractTrackedResourceLock] Execution worker Thread 21: acquired lock on worker lease
2025-05-20T16:04:53.488+0000 [DEBUG] [org.gradle.internal.resources.AbstractTrackedResourceLock] Execution worker Thread 21: released lock on worker lease
2025-05-20T16:04:53.488+0000 [DEBUG] [org.gradle.internal.resources.AbstractTrackedResourceLock] Execution worker Thread 23: acquired lock on worker lease
2025-05-20T16:04:53.488+0000 [DEBUG] [org.gradle.internal.resources.AbstractTrackedResourceLock] Execution worker Thread 23: released lock on worker lease
2025-05-20T16:04:53.488+0000 [DEBUG] [org.gradle.internal.resources.AbstractTrackedResourceLock] Execution worker Thread 24: acquired lock on worker lease
2025-05-20T16:04:53.488+0000 [DEBUG] [org.gradle.internal.resources.AbstractTrackedResourceLock] Execution worker Thread 24: released lock on worker lease
2025-05-20T16:04:53.488+0000 [DEBUG] [org.gradle.internal.resources.AbstractTrackedResourceLock] Execution worker Thread 25: acquired lock on worker lease
2025-05-20T16:04:53.488+0000 [DEBUG] [org.gradle.internal.resources.AbstractTrackedResourceLock] Execution worker Thread 25: released lock on worker lease
2025-05-20T16:04:53.488+0000 [DEBUG] [org.gradle.internal.resources.AbstractTrackedResourceLock] Execution worker Thread 26: acquired lock on worker lease
2025-05-20T16:04:53.488+0000 [DEBUG] [org.gradle.internal.resources.AbstractTrackedResourceLock] Execution worker Thread 26: released lock on worker lease
2025-05-20T16:04:53.488+0000 [DEBUG] [org.gradle.internal.resources.AbstractTrackedResourceLock] Execution worker Thread 10: acquired lock on worker lease
2025-05-20T16:04:53.488+0000 [DEBUG] [org.gradle.internal.resources.AbstractTrackedResourceLock] Execution worker Thread 10: released lock on worker lease
2025-05-20T16:04:53.488+0000 [DEBUG] [org.gradle.internal.resources.AbstractTrackedResourceLock] Execution worker Thread 11: acquired lock on worker lease
2025-05-20T16:04:53.488+0000 [DEBUG] [org.gradle.internal.resources.AbstractTrackedResourceLock] Execution worker Thread 11: released lock on worker lease
2025-05-20T16:04:53.488+0000 [DEBUG] [org.gradle.internal.resources.AbstractTrackedResourceLock] Execution worker Thread 12: acquired lock on worker lease
2025-05-20T16:04:53.488+0000 [DEBUG] [org.gradle.internal.resources.AbstractTrackedResourceLock] Execution worker Thread 12: released lock on worker lease
2025-05-20T16:04:53.488+0000 [DEBUG] [org.gradle.internal.resources.AbstractTrackedResourceLock] Execution worker Thread 13: acquired lock on worker lease
2025-05-20T16:04:53.488+0000 [DEBUG] [org.gradle.internal.resources.AbstractTrackedResourceLock] Execution worker Thread 13: released lock on worker lease
2025-05-20T16:04:53.488+0000 [DEBUG] [org.gradle.internal.resources.AbstractTrackedResourceLock] Execution worker Thread 22: acquired lock on worker lease
2025-05-20T16:04:53.488+0000 [DEBUG] [org.gradle.internal.resources.AbstractTrackedResourceLock] Execution worker Thread 22: released lock on worker lease
2025-05-20T16:04:53.488+0000 [DEBUG] [org.gradle.internal.resources.AbstractTrackedResourceLock] Execution worker Thread 18: acquired lock on worker lease
2025-05-20T16:04:53.488+0000 [DEBUG] [org.gradle.internal.resources.AbstractTrackedResourceLock] Execution worker Thread 18: released lock on worker lease
2025-05-20T16:04:53.488+0000 [DEBUG] [org.gradle.internal.resources.AbstractTrackedResourceLock] Execution worker Thread 20: acquired lock on worker lease
2025-05-20T16:04:53.488+0000 [DEBUG] [org.gradle.internal.resources.AbstractTrackedResourceLock] Execution worker Thread 20: released lock on worker lease
2025-05-20T16:04:53.488+0000 [DEBUG] [org.gradle.internal.resources.AbstractTrackedResourceLock] Execution worker Thread 19: acquired lock on worker lease
2025-05-20T16:04:53.488+0000 [DEBUG] [org.gradle.internal.resources.AbstractTrackedResourceLock] Execution worker Thread 19: released lock on worker lease
2025-05-20T16:04:53.488+0000 [DEBUG] [org.gradle.internal.resources.AbstractTrackedResourceLock] Execution worker Thread 3: acquired lock on worker lease
2025-05-20T16:04:53.488+0000 [DEBUG] [org.gradle.internal.resources.AbstractTrackedResourceLock] Execution worker Thread 3: released lock on worker lease
2025-05-20T16:04:53.488+0000 [DEBUG] [org.gradle.internal.resources.AbstractTrackedResourceLock] Execution worker Thread 17: acquired lock on worker lease
2025-05-20T16:04:53.488+0000 [DEBUG] [org.gradle.internal.resources.AbstractTrackedResourceLock] Execution worker Thread 17: released lock on worker lease
2025-05-20T16:04:53.488+0000 [DEBUG] [org.gradle.internal.resources.AbstractTrackedResourceLock] Execution worker Thread 16: acquired lock on worker lease
2025-05-20T16:04:53.488+0000 [DEBUG] [org.gradle.internal.resources.AbstractTrackedResourceLock] Execution worker Thread 16: released lock on worker lease
2025-05-20T16:04:53.488+0000 [DEBUG] [org.gradle.internal.resources.AbstractTrackedResourceLock] Execution worker Thread 15: acquired lock on worker lease
2025-05-20T16:04:53.488+0000 [DEBUG] [org.gradle.internal.resources.AbstractTrackedResourceLock] Execution worker Thread 15: released lock on worker lease
2025-05-20T16:04:53.488+0000 [DEBUG] [org.gradle.internal.resources.AbstractTrackedResourceLock] Execution worker Thread 14: acquired lock on worker lease
2025-05-20T16:04:53.488+0000 [DEBUG] [org.gradle.internal.resources.AbstractTrackedResourceLock] Execution worker Thread 14: released lock on worker lease
2025-05-20T16:04:53.489+0000 [DEBUG] [org.gradle.internal.resources.AbstractTrackedResourceLock] Execution worker Thread 2: acquired lock on worker lease
2025-05-20T16:04:53.489+0000 [DEBUG] [org.gradle.internal.resources.AbstractTrackedResourceLock] Execution worker Thread 2: released lock on worker lease
2025-05-20T16:04:53.489+0000 [DEBUG] [org.gradle.internal.resources.AbstractTrackedResourceLock] Execution worker Thread 4: acquired lock on worker lease
2025-05-20T16:04:53.489+0000 [DEBUG] [org.gradle.internal.resources.AbstractTrackedResourceLock] Execution worker Thread 4: released lock on worker lease
2025-05-20T16:04:53.489+0000 [DEBUG] [org.gradle.internal.resources.AbstractTrackedResourceLock] Execution worker Thread 5: acquired lock on worker lease
2025-05-20T16:04:53.489+0000 [DEBUG] [org.gradle.internal.resources.AbstractTrackedResourceLock] Execution worker Thread 5: released lock on worker lease
2025-05-20T16:04:53.489+0000 [DEBUG] [org.gradle.internal.resources.AbstractTrackedResourceLock] Execution worker Thread 6: acquired lock on worker lease
2025-05-20T16:04:53.489+0000 [DEBUG] [org.gradle.internal.resources.AbstractTrackedResourceLock] Execution worker Thread 6: released lock on worker lease
2025-05-20T16:04:53.489+0000 [DEBUG] [org.gradle.internal.resources.AbstractTrackedResourceLock] Execution worker Thread 7: acquired lock on worker lease
2025-05-20T16:04:53.489+0000 [DEBUG] [org.gradle.internal.resources.AbstractTrackedResourceLock] Execution worker Thread 7: released lock on worker lease
2025-05-20T16:04:53.489+0000 [DEBUG] [org.gradle.internal.resources.AbstractTrackedResourceLock] Execution worker Thread 8: acquired lock on worker lease
2025-05-20T16:04:53.489+0000 [DEBUG] [org.gradle.internal.resources.AbstractTrackedResourceLock] Execution worker Thread 8: released lock on worker lease
2025-05-20T16:04:53.489+0000 [DEBUG] [org.gradle.internal.resources.AbstractTrackedResourceLock] Execution worker Thread 9: acquired lock on worker lease
2025-05-20T16:04:53.489+0000 [DEBUG] [org.gradle.internal.resources.AbstractTrackedResourceLock] Execution worker Thread 9: released lock on worker lease
2025-05-20T16:04:53.489+0000 [DEBUG] [org.gradle.internal.resources.AbstractTrackedResourceLock] Execution worker Thread 30: acquired lock on worker lease
2025-05-20T16:04:53.489+0000 [DEBUG] [org.gradle.internal.resources.AbstractTrackedResourceLock] Execution worker Thread 30: released lock on worker lease
2025-05-20T16:04:53.489+0000 [DEBUG] [org.gradle.internal.resources.AbstractTrackedResourceLock] Execution worker Thread 28: acquired lock on worker lease
2025-05-20T16:04:53.489+0000 [DEBUG] [org.gradle.internal.resources.AbstractTrackedResourceLock] Execution worker Thread 28: released lock on worker lease
2025-05-20T16:04:53.489+0000 [DEBUG] [org.gradle.internal.resources.AbstractTrackedResourceLock] Execution worker Thread 27: acquired lock on worker lease
2025-05-20T16:04:53.489+0000 [DEBUG] [org.gradle.internal.resources.AbstractTrackedResourceLock] Execution worker Thread 27: released lock on worker lease
2025-05-20T16:04:53.489+0000 [DEBUG] [org.gradle.internal.resources.AbstractTrackedResourceLock] Execution worker Thread 31: acquired lock on worker lease
2025-05-20T16:04:53.489+0000 [DEBUG] [org.gradle.internal.resources.AbstractTrackedResourceLock] Execution worker Thread 31: released lock on worker lease
2025-05-20T16:04:53.489+0000 [DEBUG] [org.gradle.internal.resources.AbstractTrackedResourceLock] included builds: acquired lock on worker lease
2025-05-20T16:04:53.489+0000 [DEBUG] [org.gradle.internal.resources.AbstractTrackedResourceLock] included builds: released lock on worker lease
2025-05-20T16:04:53.572+0000 [DEBUG] [org.gradle.internal.operations.DefaultBuildOperationRunner] Build operation 'Snapshot inputs and outputs before executing task ':jar'' started
2025-05-20T16:04:53.574+0000 [DEBUG] [org.gradle.internal.operations.DefaultBuildOperationRunner] Completing Build operation 'Snapshot inputs and outputs before executing task ':jar''
2025-05-20T16:04:53.625+0000 [DEBUG] [org.gradle.internal.operations.DefaultBuildOperationRunner] Build operation 'Executing task ':jar'' started
2025-05-20T16:04:53.625+0000 [DEBUG] [org.gradle.internal.operations.DefaultBuildOperationRunner] Build operation 'Execute copy for :jar' started
2025-05-20T16:04:53.742+0000 [DEBUG] [org.gradle.internal.operations.DefaultBuildOperationRunner] Completing Build operation 'Execute copy for :jar'
2025-05-20T16:04:53.743+0000 [DEBUG] [org.gradle.internal.operations.DefaultBuildOperationRunner] Completing Build operation 'Executing task ':jar''
2025-05-20T16:04:53.743+0000 [DEBUG] [org.gradle.internal.operations.DefaultBuildOperationRunner] Build operation 'Snapshot outputs after executing task ':jar'' started
2025-05-20T16:04:53.764+0000 [DEBUG] [org.gradle.internal.operations.DefaultBuildOperationRunner] Completing Build operation 'Snapshot outputs after executing task ':jar''
2025-05-20T16:04:53.487+0000 [LIFECYCLE] [class org.gradle.internal.buildevents.TaskExecutionLogger] 
2025-05-20T16:04:53.487+0000 [LIFECYCLE] [class org.gradle.internal.buildevents.TaskExecutionLogger] > Task :jar
2025-05-20T16:04:53.487+0000 [DEBUG] [org.gradle.api.internal.tasks.execution.ResolveTaskExecutionModeExecuter] Putting task artifact state for task ':jar' into context took 0.0 secs.
2025-05-20T16:04:53.488+0000 [DEBUG] [org.gradle.internal.operations.DefaultBuildOperationRunner] Build operation 'Identifying work' completed
2025-05-20T16:04:53.503+0000 [DEBUG] [org.gradle.internal.vfs.impl.AbstractVirtualFileSystem] Invalidating VFS paths: [/ws-code/build/tmp/jar/MANIFEST.MF]
2025-05-20T16:04:53.573+0000 [DEBUG] [org.gradle.internal.execution.steps.CaptureStateBeforeExecutionStep] Implementation for task ':jar': org.gradle.api.tasks.bundling.Jar_Decorated@1b439178cae1a95b798d173645857263
2025-05-20T16:04:53.573+0000 [DEBUG] [org.gradle.internal.execution.steps.CaptureStateBeforeExecutionStep] Additional implementations for task ':jar': [org.gradle.api.tasks.bundling.Jar_Decorated@a7d27d8a87836f8d91e34008f498b076]
2025-05-20T16:04:53.574+0000 [DEBUG] [org.gradle.internal.operations.DefaultBuildOperationRunner] Build operation 'Snapshot inputs and outputs before executing task ':jar'' completed
2025-05-20T16:04:53.618+0000 [INFO] [org.gradle.internal.execution.steps.ResolveCachingStateStep] Caching disabled for task ':jar' because:
  Build cache is disabled
2025-05-20T16:04:53.618+0000 [DEBUG] [org.gradle.internal.execution.steps.SkipUpToDateStep] Determining if task ':jar' is up-to-date
2025-05-20T16:04:53.618+0000 [INFO] [org.gradle.internal.execution.steps.SkipUpToDateStep] Task ':jar' is not up-to-date because:
  No history is available.
2025-05-20T16:04:53.618+0000 [DEBUG] [org.gradle.internal.vfs.impl.AbstractVirtualFileSystem] Invalidating VFS paths: [/ws-code/build/libs/WS_RaceCondition-1.0-SNAPSHOT.jar]
2025-05-20T16:04:53.619+0000 [DEBUG] [org.gradle.internal.execution.steps.CreateOutputsStep] Ensuring parent directory exists for property archiveFile at /ws-code/build/libs/WS_RaceCondition-1.0-SNAPSHOT.jar
2025-05-20T16:04:53.625+0000 [DEBUG] [org.gradle.api.internal.tasks.execution.TaskExecution] Executing actions for task ':jar'.
2025-05-20T16:04:53.725+0000 [INFO] [org.gradle.api.internal.file.collections.DirectoryFileTree] file or directory '/ws-code/build/resources/main', not found
2025-05-20T16:04:53.743+0000 [DEBUG] [org.gradle.internal.operations.DefaultBuildOperationRunner] Build operation 'Execute copy for :jar' completed
2025-05-20T16:04:53.743+0000 [DEBUG] [org.gradle.internal.operations.DefaultBuildOperationRunner] Build operation 'Executing task ':jar'' completed
2025-05-20T16:04:53.743+0000 [DEBUG] [org.gradle.internal.vfs.impl.AbstractVirtualFileSystem] Invalidating VFS paths: [/ws-code/build/libs/WS_RaceCondition-1.0-SNAPSHOT.jar]
2025-05-20T16:04:53.764+0000 [DEBUG] [org.gradle.internal.operations.DefaultBuildOperationRunner] Build operation 'Snapshot outputs after executing task ':jar'' completed
2025-05-20T16:04:53.765+0000 [DEBUG] [org.gradle.api.internal.tasks.execution.ResolveTaskExecutionModeExecuter] Removed task artifact state for task ':jar' from context.
2025-05-20T16:04:53.765+0000 [DEBUG] [org.gradle.internal.operations.DefaultBuildOperationRunner] Completing Build operation 'Task :jar'
2025-05-20T16:04:53.765+0000 [DEBUG] [org.gradle.internal.operations.DefaultBuildOperationRunner] Build operation 'Task :jar' completed
2025-05-20T16:04:53.765+0000 [DEBUG] [org.gradle.execution.plan.DefaultFinalizedExecutionPlan] Node :jar completed, executed: true
2025-05-20T16:04:53.765+0000 [DEBUG] [org.gradle.execution.plan.DefaultFinalizedExecutionPlan] Node :jar finished executing
2025-05-20T16:04:53.765+0000 [DEBUG] [org.gradle.internal.resources.AbstractTrackedResourceLock] Execution worker: released lock on state of build :
2025-05-20T16:04:53.765+0000 [DEBUG] [org.gradle.internal.resources.AbstractTrackedResourceLock] Execution worker: released lock on task execution for build :
2025-05-20T16:04:53.765+0000 [DEBUG] [org.gradle.internal.resources.AbstractTrackedResourceLock] Execution worker: acquired lock on state of build :
2025-05-20T16:04:53.765+0000 [DEBUG] [org.gradle.internal.resources.AbstractTrackedResourceLock] Execution worker: acquired lock on task execution for build :
2025-05-20T16:04:53.765+0000 [INFO] [org.gradle.execution.plan.DefaultPlanExecutor] Resolve mutations for :assemble (Thread[Execution worker,5,main]) started.
2025-05-20T16:04:53.765+0000 [DEBUG] [org.gradle.internal.operations.DefaultBuildOperationRunner] Build operation 'Resolve mutations for task :assemble' started
2025-05-20T16:04:53.765+0000 [DEBUG] [org.gradle.internal.resources.AbstractTrackedResourceLock] Execution worker Thread 29: acquired lock on worker lease
2025-05-20T16:04:53.765+0000 [DEBUG] [org.gradle.execution.plan.DefaultFinalizedExecutionPlan] Cannot acquire project lock for node Resolve mutations for :compileTestJava
2025-05-20T16:04:53.765+0000 [DEBUG] [org.gradle.execution.plan.DefaultFinalizedExecutionPlan] Cannot acquire project lock for node Resolve mutations for :processTestResources
2025-05-20T16:04:53.765+0000 [DEBUG] [org.gradle.internal.resources.AbstractTrackedResourceLock] Execution worker Thread 29: released lock on worker lease
2025-05-20T16:04:53.765+0000 [DEBUG] [org.gradle.internal.operations.DefaultBuildOperationRunner] Completing Build operation 'Resolve mutations for task :assemble'
2025-05-20T16:04:53.765+0000 [DEBUG] [org.gradle.internal.operations.DefaultBuildOperationRunner] Build operation 'Resolve mutations for task :assemble' completed
2025-05-20T16:04:53.765+0000 [DEBUG] [org.gradle.internal.resources.AbstractTrackedResourceLock] included builds: acquired lock on worker lease
2025-05-20T16:04:53.765+0000 [DEBUG] [org.gradle.internal.resources.AbstractTrackedResourceLock] included builds: released lock on worker lease
2025-05-20T16:04:53.765+0000 [DEBUG] [org.gradle.internal.resources.AbstractTrackedResourceLock] Execution worker Thread 31: acquired lock on worker lease
2025-05-20T16:04:53.765+0000 [DEBUG] [org.gradle.internal.resources.AbstractTrackedResourceLock] Execution worker Thread 31: released lock on worker lease
2025-05-20T16:04:53.765+0000 [DEBUG] [org.gradle.internal.resources.AbstractTrackedResourceLock] Execution worker Thread 27: acquired lock on worker lease
2025-05-20T16:04:53.765+0000 [DEBUG] [org.gradle.internal.resources.AbstractTrackedResourceLock] Execution worker Thread 27: released lock on worker lease
2025-05-20T16:04:53.765+0000 [DEBUG] [org.gradle.internal.resources.AbstractTrackedResourceLock] Execution worker Thread 28: acquired lock on worker lease
2025-05-20T16:04:53.765+0000 [DEBUG] [org.gradle.internal.resources.AbstractTrackedResourceLock] Execution worker Thread 28: released lock on worker lease
2025-05-20T16:04:53.765+0000 [DEBUG] [org.gradle.internal.resources.AbstractTrackedResourceLock] Execution worker Thread 30: acquired lock on worker lease
2025-05-20T16:04:53.765+0000 [DEBUG] [org.gradle.internal.resources.AbstractTrackedResourceLock] Execution worker Thread 30: released lock on worker lease
2025-05-20T16:04:53.765+0000 [DEBUG] [org.gradle.internal.resources.AbstractTrackedResourceLock] Execution worker Thread 9: acquired lock on worker lease
2025-05-20T16:04:53.765+0000 [DEBUG] [org.gradle.internal.resources.AbstractTrackedResourceLock] Execution worker Thread 9: released lock on worker lease
2025-05-20T16:04:53.766+0000 [DEBUG] [org.gradle.internal.resources.AbstractTrackedResourceLock] Execution worker Thread 8: acquired lock on worker lease
2025-05-20T16:04:53.766+0000 [DEBUG] [org.gradle.internal.resources.AbstractTrackedResourceLock] Execution worker Thread 8: released lock on worker lease
2025-05-20T16:04:53.766+0000 [DEBUG] [org.gradle.internal.resources.AbstractTrackedResourceLock] Execution worker Thread 7: acquired lock on worker lease
2025-05-20T16:04:53.766+0000 [DEBUG] [org.gradle.internal.resources.AbstractTrackedResourceLock] Execution worker Thread 7: released lock on worker lease
2025-05-20T16:04:53.766+0000 [DEBUG] [org.gradle.internal.resources.AbstractTrackedResourceLock] Execution worker Thread 6: acquired lock on worker lease
2025-05-20T16:04:53.766+0000 [DEBUG] [org.gradle.internal.resources.AbstractTrackedResourceLock] Execution worker Thread 6: released lock on worker lease
2025-05-20T16:04:53.766+0000 [DEBUG] [org.gradle.internal.resources.AbstractTrackedResourceLock] Execution worker Thread 5: acquired lock on worker lease
2025-05-20T16:04:53.766+0000 [DEBUG] [org.gradle.internal.resources.AbstractTrackedResourceLock] Execution worker Thread 5: released lock on worker lease
2025-05-20T16:04:53.766+0000 [DEBUG] [org.gradle.internal.resources.AbstractTrackedResourceLock] Execution worker Thread 4: acquired lock on worker lease
2025-05-20T16:04:53.766+0000 [DEBUG] [org.gradle.internal.resources.AbstractTrackedResourceLock] Execution worker Thread 4: released lock on worker lease
2025-05-20T16:04:53.766+0000 [DEBUG] [org.gradle.internal.resources.AbstractTrackedResourceLock] Execution worker Thread 2: acquired lock on worker lease
2025-05-20T16:04:53.766+0000 [DEBUG] [org.gradle.internal.resources.AbstractTrackedResourceLock] Execution worker Thread 2: released lock on worker lease
2025-05-20T16:04:53.766+0000 [DEBUG] [org.gradle.internal.resources.AbstractTrackedResourceLock] Execution worker Thread 14: acquired lock on worker lease
2025-05-20T16:04:53.766+0000 [DEBUG] [org.gradle.internal.resources.AbstractTrackedResourceLock] Execution worker Thread 14: released lock on worker lease
2025-05-20T16:04:53.766+0000 [DEBUG] [org.gradle.internal.resources.AbstractTrackedResourceLock] Execution worker Thread 15: acquired lock on worker lease
2025-05-20T16:04:53.766+0000 [DEBUG] [org.gradle.internal.resources.AbstractTrackedResourceLock] Execution worker Thread 15: released lock on worker lease
2025-05-20T16:04:53.766+0000 [DEBUG] [org.gradle.internal.resources.AbstractTrackedResourceLock] Execution worker Thread 16: acquired lock on worker lease
2025-05-20T16:04:53.766+0000 [DEBUG] [org.gradle.internal.resources.AbstractTrackedResourceLock] Execution worker Thread 16: released lock on worker lease
2025-05-20T16:04:53.766+0000 [DEBUG] [org.gradle.internal.resources.AbstractTrackedResourceLock] Execution worker Thread 17: acquired lock on worker lease
2025-05-20T16:04:53.766+0000 [DEBUG] [org.gradle.internal.resources.AbstractTrackedResourceLock] Execution worker Thread 17: released lock on worker lease
2025-05-20T16:04:53.766+0000 [DEBUG] [org.gradle.internal.resources.AbstractTrackedResourceLock] Execution worker Thread 3: acquired lock on worker lease
2025-05-20T16:04:53.766+0000 [DEBUG] [org.gradle.internal.resources.AbstractTrackedResourceLock] Execution worker Thread 3: released lock on worker lease
2025-05-20T16:04:53.766+0000 [DEBUG] [org.gradle.internal.resources.AbstractTrackedResourceLock] Execution worker Thread 19: acquired lock on worker lease
2025-05-20T16:04:53.766+0000 [DEBUG] [org.gradle.internal.resources.AbstractTrackedResourceLock] Execution worker Thread 19: released lock on worker lease
2025-05-20T16:04:53.766+0000 [DEBUG] [org.gradle.internal.resources.AbstractTrackedResourceLock] Execution worker Thread 20: acquired lock on worker lease
2025-05-20T16:04:53.766+0000 [DEBUG] [org.gradle.internal.resources.AbstractTrackedResourceLock] Execution worker Thread 20: released lock on worker lease
2025-05-20T16:04:53.767+0000 [DEBUG] [org.gradle.internal.resources.AbstractTrackedResourceLock] Execution worker Thread 18: acquired lock on worker lease
2025-05-20T16:04:53.767+0000 [DEBUG] [org.gradle.internal.resources.AbstractTrackedResourceLock] Execution worker Thread 18: released lock on worker lease
2025-05-20T16:04:53.767+0000 [DEBUG] [org.gradle.internal.resources.AbstractTrackedResourceLock] Execution worker Thread 22: acquired lock on worker lease
2025-05-20T16:04:53.767+0000 [DEBUG] [org.gradle.internal.resources.AbstractTrackedResourceLock] Execution worker Thread 22: released lock on worker lease
2025-05-20T16:04:53.767+0000 [DEBUG] [org.gradle.internal.resources.AbstractTrackedResourceLock] Execution worker Thread 13: acquired lock on worker lease
2025-05-20T16:04:53.767+0000 [DEBUG] [org.gradle.internal.resources.AbstractTrackedResourceLock] Execution worker Thread 13: released lock on worker lease
2025-05-20T16:04:53.767+0000 [DEBUG] [org.gradle.internal.resources.AbstractTrackedResourceLock] Execution worker Thread 12: acquired lock on worker lease
2025-05-20T16:04:53.767+0000 [DEBUG] [org.gradle.internal.resources.AbstractTrackedResourceLock] Execution worker Thread 12: released lock on worker lease
2025-05-20T16:04:53.767+0000 [DEBUG] [org.gradle.internal.resources.AbstractTrackedResourceLock] Execution worker Thread 11: acquired lock on worker lease
2025-05-20T16:04:53.767+0000 [DEBUG] [org.gradle.internal.resources.AbstractTrackedResourceLock] Execution worker Thread 11: released lock on worker lease
2025-05-20T16:04:53.767+0000 [DEBUG] [org.gradle.internal.resources.AbstractTrackedResourceLock] Execution worker Thread 10: acquired lock on worker lease
2025-05-20T16:04:53.767+0000 [DEBUG] [org.gradle.internal.resources.AbstractTrackedResourceLock] Execution worker Thread 10: released lock on worker lease
2025-05-20T16:04:53.767+0000 [DEBUG] [org.gradle.internal.resources.AbstractTrackedResourceLock] Execution worker Thread 26: acquired lock on worker lease
2025-05-20T16:04:53.767+0000 [DEBUG] [org.gradle.internal.resources.AbstractTrackedResourceLock] Execution worker Thread 26: released lock on worker lease
2025-05-20T16:04:53.767+0000 [DEBUG] [org.gradle.internal.resources.AbstractTrackedResourceLock] Execution worker Thread 25: acquired lock on worker lease
2025-05-20T16:04:53.767+0000 [DEBUG] [org.gradle.internal.resources.AbstractTrackedResourceLock] Execution worker Thread 25: released lock on worker lease
2025-05-20T16:04:53.767+0000 [DEBUG] [org.gradle.internal.resources.AbstractTrackedResourceLock] Execution worker Thread 24: acquired lock on worker lease
2025-05-20T16:04:53.767+0000 [DEBUG] [org.gradle.internal.resources.AbstractTrackedResourceLock] Execution worker Thread 24: released lock on worker lease
2025-05-20T16:04:53.767+0000 [DEBUG] [org.gradle.internal.resources.AbstractTrackedResourceLock] Execution worker Thread 23: acquired lock on worker lease
2025-05-20T16:04:53.767+0000 [DEBUG] [org.gradle.internal.resources.AbstractTrackedResourceLock] Execution worker Thread 23: released lock on worker lease
2025-05-20T16:04:53.767+0000 [DEBUG] [org.gradle.internal.resources.AbstractTrackedResourceLock] Execution worker Thread 21: acquired lock on worker lease
2025-05-20T16:04:53.767+0000 [DEBUG] [org.gradle.internal.resources.AbstractTrackedResourceLock] Execution worker Thread 21: released lock on worker lease
2025-05-20T16:04:53.767+0000 [DEBUG] [org.gradle.execution.plan.DefaultFinalizedExecutionPlan] Node Resolve mutations for :assemble completed, executed: true
2025-05-20T16:04:53.767+0000 [DEBUG] [org.gradle.execution.plan.DefaultFinalizedExecutionPlan] Node Resolve mutations for :assemble finished executing
2025-05-20T16:04:53.767+0000 [DEBUG] [org.gradle.internal.resources.AbstractTrackedResourceLock] Execution worker: released lock on state of build :
2025-05-20T16:04:53.767+0000 [DEBUG] [org.gradle.internal.resources.AbstractTrackedResourceLock] Execution worker: released lock on task execution for build :
2025-05-20T16:04:53.767+0000 [DEBUG] [org.gradle.internal.resources.AbstractTrackedResourceLock] Execution worker: acquired lock on state of build :
2025-05-20T16:04:53.767+0000 [DEBUG] [org.gradle.internal.resources.AbstractTrackedResourceLock] Execution worker: acquired lock on task execution for build :
2025-05-20T16:04:53.767+0000 [INFO] [org.gradle.execution.plan.DefaultPlanExecutor] :assemble (Thread[Execution worker,5,main]) started.
2025-05-20T16:04:53.767+0000 [DEBUG] [org.gradle.internal.resources.AbstractTrackedResourceLock] Execution worker Thread 29: acquired lock on worker lease
2025-05-20T16:04:53.767+0000 [DEBUG] [org.gradle.internal.operations.DefaultBuildOperationRunner] Build operation 'Task :assemble' started
2025-05-20T16:04:53.767+0000 [DEBUG] [org.gradle.execution.plan.DefaultFinalizedExecutionPlan] Cannot acquire project lock for node Resolve mutations for :compileTestJava
2025-05-20T16:04:53.767+0000 [DEBUG] [org.gradle.execution.plan.DefaultFinalizedExecutionPlan] Cannot acquire project lock for node Resolve mutations for :processTestResources
2025-05-20T16:04:53.767+0000 [DEBUG] [org.gradle.internal.resources.AbstractTrackedResourceLock] Execution worker Thread 29: released lock on worker lease
2025-05-20T16:04:53.768+0000 [DEBUG] [org.gradle.internal.resources.AbstractTrackedResourceLock] Execution worker Thread 21: acquired lock on worker lease
2025-05-20T16:04:53.768+0000 [DEBUG] [org.gradle.internal.resources.AbstractTrackedResourceLock] Execution worker Thread 21: released lock on worker lease
2025-05-20T16:04:53.767+0000 [LIFECYCLE] [class org.gradle.internal.buildevents.TaskExecutionLogger] 
2025-05-20T16:04:53.767+0000 [LIFECYCLE] [class org.gradle.internal.buildevents.TaskExecutionLogger] > Task :assemble
2025-05-20T16:04:53.768+0000 [INFO] [org.gradle.api.internal.tasks.execution.SkipTaskWithNoActionsExecuter] Skipping task ':assemble' as it has no actions.
2025-05-20T16:04:53.768+0000 [DEBUG] [org.gradle.internal.operations.DefaultBuildOperationRunner] Completing Build operation 'Task :assemble'
2025-05-20T16:04:53.768+0000 [DEBUG] [org.gradle.internal.resources.AbstractTrackedResourceLock] Execution worker Thread 23: acquired lock on worker lease
2025-05-20T16:04:53.768+0000 [DEBUG] [org.gradle.internal.resources.AbstractTrackedResourceLock] Execution worker Thread 23: released lock on worker lease
2025-05-20T16:04:53.768+0000 [DEBUG] [org.gradle.internal.operations.DefaultBuildOperationRunner] Build operation 'Task :assemble' completed
2025-05-20T16:04:53.768+0000 [DEBUG] [org.gradle.internal.resources.AbstractTrackedResourceLock] Execution worker Thread 24: acquired lock on worker lease
2025-05-20T16:04:53.768+0000 [DEBUG] [org.gradle.internal.resources.AbstractTrackedResourceLock] Execution worker Thread 24: released lock on worker lease
2025-05-20T16:04:53.768+0000 [DEBUG] [org.gradle.internal.resources.AbstractTrackedResourceLock] Execution worker Thread 25: acquired lock on worker lease
2025-05-20T16:04:53.768+0000 [DEBUG] [org.gradle.internal.resources.AbstractTrackedResourceLock] Execution worker Thread 25: released lock on worker lease
2025-05-20T16:04:53.768+0000 [DEBUG] [org.gradle.internal.resources.AbstractTrackedResourceLock] Execution worker Thread 26: acquired lock on worker lease
2025-05-20T16:04:53.768+0000 [DEBUG] [org.gradle.internal.resources.AbstractTrackedResourceLock] Execution worker Thread 26: released lock on worker lease
2025-05-20T16:04:53.768+0000 [DEBUG] [org.gradle.internal.resources.AbstractTrackedResourceLock] Execution worker Thread 10: acquired lock on worker lease
2025-05-20T16:04:53.768+0000 [DEBUG] [org.gradle.internal.resources.AbstractTrackedResourceLock] Execution worker Thread 10: released lock on worker lease
2025-05-20T16:04:53.768+0000 [DEBUG] [org.gradle.internal.resources.AbstractTrackedResourceLock] Execution worker Thread 11: acquired lock on worker lease
2025-05-20T16:04:53.768+0000 [DEBUG] [org.gradle.internal.resources.AbstractTrackedResourceLock] Execution worker Thread 11: released lock on worker lease
2025-05-20T16:04:53.768+0000 [DEBUG] [org.gradle.internal.resources.AbstractTrackedResourceLock] Execution worker Thread 12: acquired lock on worker lease
2025-05-20T16:04:53.768+0000 [DEBUG] [org.gradle.internal.resources.AbstractTrackedResourceLock] Execution worker Thread 12: released lock on worker lease
2025-05-20T16:04:53.768+0000 [DEBUG] [org.gradle.internal.resources.AbstractTrackedResourceLock] Execution worker Thread 13: acquired lock on worker lease
2025-05-20T16:04:53.768+0000 [DEBUG] [org.gradle.internal.resources.AbstractTrackedResourceLock] Execution worker Thread 13: released lock on worker lease
2025-05-20T16:04:53.768+0000 [DEBUG] [org.gradle.internal.resources.AbstractTrackedResourceLock] Execution worker Thread 22: acquired lock on worker lease
2025-05-20T16:04:53.768+0000 [DEBUG] [org.gradle.internal.resources.AbstractTrackedResourceLock] Execution worker Thread 22: released lock on worker lease
2025-05-20T16:04:53.768+0000 [DEBUG] [org.gradle.internal.resources.AbstractTrackedResourceLock] Execution worker Thread 18: acquired lock on worker lease
2025-05-20T16:04:53.768+0000 [DEBUG] [org.gradle.internal.resources.AbstractTrackedResourceLock] Execution worker Thread 18: released lock on worker lease
2025-05-20T16:04:53.768+0000 [DEBUG] [org.gradle.internal.resources.AbstractTrackedResourceLock] Execution worker Thread 20: acquired lock on worker lease
2025-05-20T16:04:53.768+0000 [DEBUG] [org.gradle.internal.resources.AbstractTrackedResourceLock] Execution worker Thread 20: released lock on worker lease
2025-05-20T16:04:53.768+0000 [DEBUG] [org.gradle.internal.resources.AbstractTrackedResourceLock] Execution worker Thread 19: acquired lock on worker lease
2025-05-20T16:04:53.768+0000 [DEBUG] [org.gradle.internal.resources.AbstractTrackedResourceLock] Execution worker Thread 19: released lock on worker lease
2025-05-20T16:04:53.768+0000 [DEBUG] [org.gradle.internal.resources.AbstractTrackedResourceLock] Execution worker Thread 3: acquired lock on worker lease
2025-05-20T16:04:53.768+0000 [DEBUG] [org.gradle.internal.resources.AbstractTrackedResourceLock] Execution worker Thread 3: released lock on worker lease
2025-05-20T16:04:53.768+0000 [DEBUG] [org.gradle.internal.resources.AbstractTrackedResourceLock] Execution worker Thread 17: acquired lock on worker lease
2025-05-20T16:04:53.768+0000 [DEBUG] [org.gradle.internal.resources.AbstractTrackedResourceLock] Execution worker Thread 17: released lock on worker lease
2025-05-20T16:04:53.768+0000 [DEBUG] [org.gradle.internal.resources.AbstractTrackedResourceLock] Execution worker Thread 16: acquired lock on worker lease
2025-05-20T16:04:53.768+0000 [DEBUG] [org.gradle.internal.resources.AbstractTrackedResourceLock] Execution worker Thread 16: released lock on worker lease
2025-05-20T16:04:53.768+0000 [DEBUG] [org.gradle.internal.resources.AbstractTrackedResourceLock] Execution worker Thread 15: acquired lock on worker lease
2025-05-20T16:04:53.768+0000 [DEBUG] [org.gradle.internal.resources.AbstractTrackedResourceLock] Execution worker Thread 15: released lock on worker lease
2025-05-20T16:04:53.768+0000 [DEBUG] [org.gradle.internal.resources.AbstractTrackedResourceLock] Execution worker Thread 14: acquired lock on worker lease
2025-05-20T16:04:53.768+0000 [DEBUG] [org.gradle.internal.resources.AbstractTrackedResourceLock] Execution worker Thread 14: released lock on worker lease
2025-05-20T16:04:53.768+0000 [DEBUG] [org.gradle.internal.resources.AbstractTrackedResourceLock] Execution worker Thread 2: acquired lock on worker lease
2025-05-20T16:04:53.768+0000 [DEBUG] [org.gradle.internal.resources.AbstractTrackedResourceLock] Execution worker Thread 2: released lock on worker lease
2025-05-20T16:04:53.769+0000 [DEBUG] [org.gradle.internal.resources.AbstractTrackedResourceLock] Execution worker Thread 4: acquired lock on worker lease
2025-05-20T16:04:53.769+0000 [DEBUG] [org.gradle.internal.resources.AbstractTrackedResourceLock] Execution worker Thread 4: released lock on worker lease
2025-05-20T16:04:53.769+0000 [DEBUG] [org.gradle.internal.resources.AbstractTrackedResourceLock] Execution worker Thread 5: acquired lock on worker lease
2025-05-20T16:04:53.769+0000 [DEBUG] [org.gradle.internal.resources.AbstractTrackedResourceLock] Execution worker Thread 5: released lock on worker lease
2025-05-20T16:04:53.769+0000 [DEBUG] [org.gradle.internal.resources.AbstractTrackedResourceLock] Execution worker Thread 6: acquired lock on worker lease
2025-05-20T16:04:53.769+0000 [DEBUG] [org.gradle.internal.resources.AbstractTrackedResourceLock] Execution worker Thread 6: released lock on worker lease
2025-05-20T16:04:53.769+0000 [DEBUG] [org.gradle.internal.resources.AbstractTrackedResourceLock] Execution worker Thread 7: acquired lock on worker lease
2025-05-20T16:04:53.769+0000 [DEBUG] [org.gradle.internal.resources.AbstractTrackedResourceLock] Execution worker Thread 7: released lock on worker lease
2025-05-20T16:04:53.769+0000 [DEBUG] [org.gradle.internal.resources.AbstractTrackedResourceLock] Execution worker Thread 8: acquired lock on worker lease
2025-05-20T16:04:53.769+0000 [DEBUG] [org.gradle.internal.resources.AbstractTrackedResourceLock] Execution worker Thread 8: released lock on worker lease
2025-05-20T16:04:53.769+0000 [DEBUG] [org.gradle.internal.resources.AbstractTrackedResourceLock] Execution worker Thread 9: acquired lock on worker lease
2025-05-20T16:04:53.769+0000 [DEBUG] [org.gradle.internal.resources.AbstractTrackedResourceLock] Execution worker Thread 9: released lock on worker lease
2025-05-20T16:04:53.769+0000 [DEBUG] [org.gradle.internal.resources.AbstractTrackedResourceLock] Execution worker Thread 30: acquired lock on worker lease
2025-05-20T16:04:53.769+0000 [DEBUG] [org.gradle.internal.resources.AbstractTrackedResourceLock] Execution worker Thread 30: released lock on worker lease
2025-05-20T16:04:53.769+0000 [DEBUG] [org.gradle.internal.resources.AbstractTrackedResourceLock] Execution worker Thread 28: acquired lock on worker lease
2025-05-20T16:04:53.769+0000 [DEBUG] [org.gradle.internal.resources.AbstractTrackedResourceLock] Execution worker Thread 28: released lock on worker lease
2025-05-20T16:04:53.769+0000 [DEBUG] [org.gradle.internal.resources.AbstractTrackedResourceLock] Execution worker Thread 27: acquired lock on worker lease
2025-05-20T16:04:53.769+0000 [DEBUG] [org.gradle.internal.resources.AbstractTrackedResourceLock] Execution worker Thread 27: released lock on worker lease
2025-05-20T16:04:53.769+0000 [DEBUG] [org.gradle.internal.resources.AbstractTrackedResourceLock] Execution worker Thread 31: acquired lock on worker lease
2025-05-20T16:04:53.769+0000 [DEBUG] [org.gradle.internal.resources.AbstractTrackedResourceLock] Execution worker Thread 31: released lock on worker lease
2025-05-20T16:04:53.769+0000 [DEBUG] [org.gradle.internal.resources.AbstractTrackedResourceLock] included builds: acquired lock on worker lease
2025-05-20T16:04:53.769+0000 [DEBUG] [org.gradle.internal.resources.AbstractTrackedResourceLock] included builds: released lock on worker lease
2025-05-20T16:04:53.769+0000 [DEBUG] [org.gradle.execution.plan.DefaultFinalizedExecutionPlan] Node :assemble completed, executed: true
2025-05-20T16:04:53.769+0000 [DEBUG] [org.gradle.execution.plan.DefaultFinalizedExecutionPlan] Node :assemble finished executing
2025-05-20T16:04:53.769+0000 [DEBUG] [org.gradle.internal.resources.AbstractTrackedResourceLock] Execution worker: released lock on state of build :
2025-05-20T16:04:53.769+0000 [DEBUG] [org.gradle.internal.resources.AbstractTrackedResourceLock] Execution worker: released lock on task execution for build :
2025-05-20T16:04:53.769+0000 [DEBUG] [org.gradle.internal.resources.AbstractTrackedResourceLock] Execution worker: acquired lock on state of build :
2025-05-20T16:04:53.769+0000 [DEBUG] [org.gradle.internal.resources.AbstractTrackedResourceLock] Execution worker: acquired lock on task execution for build :
2025-05-20T16:04:53.769+0000 [INFO] [org.gradle.execution.plan.DefaultPlanExecutor] Resolve mutations for :compileTestJava (Thread[Execution worker,5,main]) started.
2025-05-20T16:04:53.769+0000 [DEBUG] [org.gradle.internal.resources.AbstractTrackedResourceLock] Execution worker Thread 29: acquired lock on worker lease
2025-05-20T16:04:53.769+0000 [DEBUG] [org.gradle.internal.operations.DefaultBuildOperationRunner] Build operation 'Resolve mutations for task :compileTestJava' started
2025-05-20T16:04:53.769+0000 [DEBUG] [org.gradle.execution.plan.DefaultFinalizedExecutionPlan] Cannot acquire project lock for node Resolve mutations for :processTestResources
2025-05-20T16:04:53.770+0000 [DEBUG] [org.gradle.internal.resources.AbstractTrackedResourceLock] Execution worker Thread 29: released lock on worker lease
2025-05-20T16:04:53.770+0000 [DEBUG] [org.gradle.internal.resources.AbstractTrackedResourceLock] included builds: acquired lock on worker lease
2025-05-20T16:04:53.770+0000 [DEBUG] [org.gradle.internal.resources.AbstractTrackedResourceLock] included builds: released lock on worker lease
2025-05-20T16:04:53.770+0000 [DEBUG] [org.gradle.internal.resources.AbstractTrackedResourceLock] Execution worker Thread 31: acquired lock on worker lease
2025-05-20T16:04:53.770+0000 [DEBUG] [org.gradle.internal.resources.AbstractTrackedResourceLock] Execution worker Thread 31: released lock on worker lease
2025-05-20T16:04:53.770+0000 [DEBUG] [org.gradle.internal.resources.AbstractTrackedResourceLock] Execution worker Thread 27: acquired lock on worker lease
2025-05-20T16:04:53.770+0000 [DEBUG] [org.gradle.internal.resources.AbstractTrackedResourceLock] Execution worker Thread 27: released lock on worker lease
2025-05-20T16:04:53.770+0000 [DEBUG] [org.gradle.internal.resources.AbstractTrackedResourceLock] Execution worker Thread 28: acquired lock on worker lease
2025-05-20T16:04:53.770+0000 [DEBUG] [org.gradle.internal.resources.AbstractTrackedResourceLock] Execution worker Thread 28: released lock on worker lease
2025-05-20T16:04:53.770+0000 [DEBUG] [org.gradle.internal.resources.AbstractTrackedResourceLock] Execution worker Thread 30: acquired lock on worker lease
2025-05-20T16:04:53.770+0000 [DEBUG] [org.gradle.internal.resources.AbstractTrackedResourceLock] Execution worker Thread 30: released lock on worker lease
2025-05-20T16:04:53.770+0000 [DEBUG] [org.gradle.internal.resources.AbstractTrackedResourceLock] Execution worker Thread 9: acquired lock on worker lease
2025-05-20T16:04:53.770+0000 [DEBUG] [org.gradle.internal.resources.AbstractTrackedResourceLock] Execution worker Thread 9: released lock on worker lease
2025-05-20T16:04:53.770+0000 [DEBUG] [org.gradle.internal.resources.AbstractTrackedResourceLock] Execution worker Thread 8: acquired lock on worker lease
2025-05-20T16:04:53.770+0000 [DEBUG] [org.gradle.internal.resources.AbstractTrackedResourceLock] Execution worker Thread 8: released lock on worker lease
2025-05-20T16:04:53.770+0000 [DEBUG] [org.gradle.internal.resources.AbstractTrackedResourceLock] Execution worker Thread 7: acquired lock on worker lease
2025-05-20T16:04:53.770+0000 [DEBUG] [org.gradle.internal.resources.AbstractTrackedResourceLock] Execution worker Thread 7: released lock on worker lease
2025-05-20T16:04:53.770+0000 [DEBUG] [org.gradle.internal.resources.AbstractTrackedResourceLock] Execution worker Thread 6: acquired lock on worker lease
2025-05-20T16:04:53.770+0000 [DEBUG] [org.gradle.internal.resources.AbstractTrackedResourceLock] Execution worker Thread 6: released lock on worker lease
2025-05-20T16:04:53.770+0000 [DEBUG] [org.gradle.internal.resources.AbstractTrackedResourceLock] Execution worker Thread 5: acquired lock on worker lease
2025-05-20T16:04:53.770+0000 [DEBUG] [org.gradle.internal.resources.AbstractTrackedResourceLock] Execution worker Thread 5: released lock on worker lease
2025-05-20T16:04:53.770+0000 [DEBUG] [org.gradle.internal.resources.AbstractTrackedResourceLock] Execution worker Thread 4: acquired lock on worker lease
2025-05-20T16:04:53.770+0000 [DEBUG] [org.gradle.internal.resources.AbstractTrackedResourceLock] Execution worker Thread 4: released lock on worker lease
2025-05-20T16:04:53.770+0000 [DEBUG] [org.gradle.internal.operations.DefaultBuildOperationRunner] Completing Build operation 'Resolve mutations for task :compileTestJava'
2025-05-20T16:04:53.770+0000 [DEBUG] [org.gradle.internal.operations.DefaultBuildOperationRunner] Build operation 'Resolve mutations for task :compileTestJava' completed
2025-05-20T16:04:53.770+0000 [DEBUG] [org.gradle.internal.resources.AbstractTrackedResourceLock] Execution worker Thread 2: acquired lock on worker lease
2025-05-20T16:04:53.770+0000 [DEBUG] [org.gradle.internal.resources.AbstractTrackedResourceLock] Execution worker Thread 2: released lock on worker lease
2025-05-20T16:04:53.770+0000 [DEBUG] [org.gradle.internal.resources.AbstractTrackedResourceLock] Execution worker Thread 14: acquired lock on worker lease
2025-05-20T16:04:53.770+0000 [DEBUG] [org.gradle.internal.resources.AbstractTrackedResourceLock] Execution worker Thread 14: released lock on worker lease
2025-05-20T16:04:53.770+0000 [DEBUG] [org.gradle.internal.resources.AbstractTrackedResourceLock] Execution worker Thread 15: acquired lock on worker lease
2025-05-20T16:04:53.770+0000 [DEBUG] [org.gradle.internal.resources.AbstractTrackedResourceLock] Execution worker Thread 15: released lock on worker lease
2025-05-20T16:04:53.770+0000 [DEBUG] [org.gradle.internal.resources.AbstractTrackedResourceLock] Execution worker Thread 16: acquired lock on worker lease
2025-05-20T16:04:53.770+0000 [DEBUG] [org.gradle.internal.resources.AbstractTrackedResourceLock] Execution worker Thread 16: released lock on worker lease
2025-05-20T16:04:53.770+0000 [DEBUG] [org.gradle.internal.resources.AbstractTrackedResourceLock] Execution worker Thread 17: acquired lock on worker lease
2025-05-20T16:04:53.770+0000 [DEBUG] [org.gradle.internal.resources.AbstractTrackedResourceLock] Execution worker Thread 17: released lock on worker lease
2025-05-20T16:04:53.770+0000 [DEBUG] [org.gradle.internal.resources.AbstractTrackedResourceLock] Execution worker Thread 3: acquired lock on worker lease
2025-05-20T16:04:53.770+0000 [DEBUG] [org.gradle.internal.resources.AbstractTrackedResourceLock] Execution worker Thread 3: released lock on worker lease
2025-05-20T16:04:53.770+0000 [DEBUG] [org.gradle.internal.resources.AbstractTrackedResourceLock] Execution worker Thread 19: acquired lock on worker lease
2025-05-20T16:04:53.770+0000 [DEBUG] [org.gradle.internal.resources.AbstractTrackedResourceLock] Execution worker Thread 19: released lock on worker lease
2025-05-20T16:04:53.770+0000 [DEBUG] [org.gradle.internal.resources.AbstractTrackedResourceLock] Execution worker Thread 20: acquired lock on worker lease
2025-05-20T16:04:53.770+0000 [DEBUG] [org.gradle.internal.resources.AbstractTrackedResourceLock] Execution worker Thread 20: released lock on worker lease
2025-05-20T16:04:53.770+0000 [DEBUG] [org.gradle.internal.resources.AbstractTrackedResourceLock] Execution worker Thread 18: acquired lock on worker lease
2025-05-20T16:04:53.770+0000 [DEBUG] [org.gradle.internal.resources.AbstractTrackedResourceLock] Execution worker Thread 18: released lock on worker lease
2025-05-20T16:04:53.771+0000 [DEBUG] [org.gradle.internal.resources.AbstractTrackedResourceLock] Execution worker Thread 22: acquired lock on worker lease
2025-05-20T16:04:53.771+0000 [DEBUG] [org.gradle.internal.resources.AbstractTrackedResourceLock] Execution worker Thread 22: released lock on worker lease
2025-05-20T16:04:53.771+0000 [DEBUG] [org.gradle.internal.resources.AbstractTrackedResourceLock] Execution worker Thread 13: acquired lock on worker lease
2025-05-20T16:04:53.771+0000 [DEBUG] [org.gradle.internal.resources.AbstractTrackedResourceLock] Execution worker Thread 13: released lock on worker lease
2025-05-20T16:04:53.771+0000 [DEBUG] [org.gradle.internal.resources.AbstractTrackedResourceLock] Execution worker Thread 12: acquired lock on worker lease
2025-05-20T16:04:53.771+0000 [DEBUG] [org.gradle.internal.resources.AbstractTrackedResourceLock] Execution worker Thread 12: released lock on worker lease
2025-05-20T16:04:53.771+0000 [DEBUG] [org.gradle.internal.resources.AbstractTrackedResourceLock] Execution worker Thread 11: acquired lock on worker lease
2025-05-20T16:04:53.771+0000 [DEBUG] [org.gradle.internal.resources.AbstractTrackedResourceLock] Execution worker Thread 11: released lock on worker lease
2025-05-20T16:04:53.771+0000 [DEBUG] [org.gradle.internal.resources.AbstractTrackedResourceLock] Execution worker Thread 10: acquired lock on worker lease
2025-05-20T16:04:53.771+0000 [DEBUG] [org.gradle.internal.resources.AbstractTrackedResourceLock] Execution worker Thread 10: released lock on worker lease
2025-05-20T16:04:53.771+0000 [DEBUG] [org.gradle.internal.resources.AbstractTrackedResourceLock] Execution worker Thread 26: acquired lock on worker lease
2025-05-20T16:04:53.771+0000 [DEBUG] [org.gradle.internal.resources.AbstractTrackedResourceLock] Execution worker Thread 26: released lock on worker lease
2025-05-20T16:04:53.771+0000 [DEBUG] [org.gradle.internal.resources.AbstractTrackedResourceLock] Execution worker Thread 25: acquired lock on worker lease
2025-05-20T16:04:53.771+0000 [DEBUG] [org.gradle.internal.resources.AbstractTrackedResourceLock] Execution worker Thread 25: released lock on worker lease
2025-05-20T16:04:53.771+0000 [DEBUG] [org.gradle.internal.resources.AbstractTrackedResourceLock] Execution worker Thread 24: acquired lock on worker lease
2025-05-20T16:04:53.771+0000 [DEBUG] [org.gradle.internal.resources.AbstractTrackedResourceLock] Execution worker Thread 24: released lock on worker lease
2025-05-20T16:04:53.771+0000 [DEBUG] [org.gradle.internal.resources.AbstractTrackedResourceLock] Execution worker Thread 23: acquired lock on worker lease
2025-05-20T16:04:53.771+0000 [DEBUG] [org.gradle.internal.resources.AbstractTrackedResourceLock] Execution worker Thread 23: released lock on worker lease
2025-05-20T16:04:53.771+0000 [DEBUG] [org.gradle.internal.resources.AbstractTrackedResourceLock] Execution worker Thread 21: acquired lock on worker lease
2025-05-20T16:04:53.771+0000 [DEBUG] [org.gradle.internal.resources.AbstractTrackedResourceLock] Execution worker Thread 21: released lock on worker lease
2025-05-20T16:04:53.771+0000 [DEBUG] [org.gradle.execution.plan.DefaultFinalizedExecutionPlan] Node Resolve mutations for :compileTestJava completed, executed: true
2025-05-20T16:04:53.771+0000 [DEBUG] [org.gradle.execution.plan.DefaultFinalizedExecutionPlan] Node Resolve mutations for :compileTestJava finished executing
2025-05-20T16:04:53.771+0000 [DEBUG] [org.gradle.internal.resources.AbstractTrackedResourceLock] Execution worker: released lock on state of build :
2025-05-20T16:04:53.771+0000 [DEBUG] [org.gradle.internal.resources.AbstractTrackedResourceLock] Execution worker: released lock on task execution for build :
2025-05-20T16:04:53.771+0000 [DEBUG] [org.gradle.internal.resources.AbstractTrackedResourceLock] Execution worker: acquired lock on state of build :
2025-05-20T16:04:53.771+0000 [DEBUG] [org.gradle.internal.resources.AbstractTrackedResourceLock] Execution worker: acquired lock on task execution for build :
2025-05-20T16:04:53.771+0000 [INFO] [org.gradle.execution.plan.DefaultPlanExecutor] :compileTestJava (Thread[Execution worker,5,main]) started.
2025-05-20T16:04:53.771+0000 [DEBUG] [org.gradle.internal.resources.AbstractTrackedResourceLock] Execution worker Thread 29: acquired lock on worker lease
2025-05-20T16:04:53.771+0000 [DEBUG] [org.gradle.internal.operations.DefaultBuildOperationRunner] Build operation 'Task :compileTestJava' started
2025-05-20T16:04:53.771+0000 [DEBUG] [org.gradle.execution.plan.DefaultFinalizedExecutionPlan] Cannot acquire project lock for node Resolve mutations for :processTestResources
2025-05-20T16:04:53.771+0000 [DEBUG] [org.gradle.internal.resources.AbstractTrackedResourceLock] Execution worker Thread 29: released lock on worker lease
2025-05-20T16:04:53.771+0000 [DEBUG] [org.gradle.internal.resources.AbstractTrackedResourceLock] Execution worker Thread 21: acquired lock on worker lease
2025-05-20T16:04:53.771+0000 [DEBUG] [org.gradle.internal.resources.AbstractTrackedResourceLock] Execution worker Thread 21: released lock on worker lease
2025-05-20T16:04:53.771+0000 [DEBUG] [org.gradle.internal.resources.AbstractTrackedResourceLock] Execution worker Thread 23: acquired lock on worker lease
2025-05-20T16:04:53.771+0000 [DEBUG] [org.gradle.internal.resources.AbstractTrackedResourceLock] Execution worker Thread 23: released lock on worker lease
2025-05-20T16:04:53.771+0000 [DEBUG] [org.gradle.internal.resources.AbstractTrackedResourceLock] Execution worker Thread 24: acquired lock on worker lease
2025-05-20T16:04:53.771+0000 [DEBUG] [org.gradle.internal.resources.AbstractTrackedResourceLock] Execution worker Thread 24: released lock on worker lease
2025-05-20T16:04:53.771+0000 [DEBUG] [org.gradle.internal.operations.DefaultBuildOperationRunner] Build operation 'Identifying work' started
2025-05-20T16:04:53.771+0000 [DEBUG] [org.gradle.internal.resources.AbstractTrackedResourceLock] Execution worker Thread 25: acquired lock on worker lease
2025-05-20T16:04:53.771+0000 [DEBUG] [org.gradle.internal.resources.AbstractTrackedResourceLock] Execution worker Thread 25: released lock on worker lease
2025-05-20T16:04:53.771+0000 [DEBUG] [org.gradle.internal.operations.DefaultBuildOperationRunner] Completing Build operation 'Identifying work'
2025-05-20T16:04:53.772+0000 [DEBUG] [org.gradle.internal.resources.AbstractTrackedResourceLock] Execution worker Thread 26: acquired lock on worker lease
2025-05-20T16:04:53.772+0000 [DEBUG] [org.gradle.internal.resources.AbstractTrackedResourceLock] Execution worker Thread 26: released lock on worker lease
2025-05-20T16:04:53.772+0000 [DEBUG] [org.gradle.internal.resources.AbstractTrackedResourceLock] Execution worker Thread 10: acquired lock on worker lease
2025-05-20T16:04:53.772+0000 [DEBUG] [org.gradle.internal.resources.AbstractTrackedResourceLock] Execution worker Thread 10: released lock on worker lease
2025-05-20T16:04:53.772+0000 [DEBUG] [org.gradle.internal.resources.AbstractTrackedResourceLock] Execution worker Thread 11: acquired lock on worker lease
2025-05-20T16:04:53.772+0000 [DEBUG] [org.gradle.internal.resources.AbstractTrackedResourceLock] Execution worker Thread 11: released lock on worker lease
2025-05-20T16:04:53.772+0000 [DEBUG] [org.gradle.internal.resources.AbstractTrackedResourceLock] Execution worker Thread 12: acquired lock on worker lease
2025-05-20T16:04:53.772+0000 [DEBUG] [org.gradle.internal.resources.AbstractTrackedResourceLock] Execution worker Thread 12: released lock on worker lease
2025-05-20T16:04:53.772+0000 [DEBUG] [org.gradle.internal.resources.AbstractTrackedResourceLock] Execution worker Thread 13: acquired lock on worker lease
2025-05-20T16:04:53.772+0000 [DEBUG] [org.gradle.internal.resources.AbstractTrackedResourceLock] Execution worker Thread 13: released lock on worker lease
2025-05-20T16:04:53.772+0000 [DEBUG] [org.gradle.internal.resources.AbstractTrackedResourceLock] Execution worker Thread 22: acquired lock on worker lease
2025-05-20T16:04:53.772+0000 [DEBUG] [org.gradle.internal.resources.AbstractTrackedResourceLock] Execution worker Thread 22: released lock on worker lease
2025-05-20T16:04:53.772+0000 [DEBUG] [org.gradle.internal.resources.AbstractTrackedResourceLock] Execution worker Thread 18: acquired lock on worker lease
2025-05-20T16:04:53.772+0000 [DEBUG] [org.gradle.internal.resources.AbstractTrackedResourceLock] Execution worker Thread 18: released lock on worker lease
2025-05-20T16:04:53.772+0000 [DEBUG] [org.gradle.internal.resources.AbstractTrackedResourceLock] Execution worker Thread 20: acquired lock on worker lease
2025-05-20T16:04:53.772+0000 [DEBUG] [org.gradle.internal.resources.AbstractTrackedResourceLock] Execution worker Thread 20: released lock on worker lease
2025-05-20T16:04:53.772+0000 [DEBUG] [org.gradle.internal.resources.AbstractTrackedResourceLock] Execution worker Thread 19: acquired lock on worker lease
2025-05-20T16:04:53.772+0000 [DEBUG] [org.gradle.internal.resources.AbstractTrackedResourceLock] Execution worker Thread 19: released lock on worker lease
2025-05-20T16:04:53.772+0000 [DEBUG] [org.gradle.internal.resources.AbstractTrackedResourceLock] Execution worker Thread 3: acquired lock on worker lease
2025-05-20T16:04:53.772+0000 [DEBUG] [org.gradle.internal.resources.AbstractTrackedResourceLock] Execution worker Thread 3: released lock on worker lease
2025-05-20T16:04:53.772+0000 [DEBUG] [org.gradle.internal.resources.AbstractTrackedResourceLock] Execution worker Thread 17: acquired lock on worker lease
2025-05-20T16:04:53.772+0000 [DEBUG] [org.gradle.internal.resources.AbstractTrackedResourceLock] Execution worker Thread 17: released lock on worker lease
2025-05-20T16:04:53.772+0000 [DEBUG] [org.gradle.internal.resources.AbstractTrackedResourceLock] Execution worker Thread 16: acquired lock on worker lease
2025-05-20T16:04:53.772+0000 [DEBUG] [org.gradle.internal.resources.AbstractTrackedResourceLock] Execution worker Thread 16: released lock on worker lease
2025-05-20T16:04:53.772+0000 [DEBUG] [org.gradle.internal.resources.AbstractTrackedResourceLock] Execution worker Thread 15: acquired lock on worker lease
2025-05-20T16:04:53.772+0000 [DEBUG] [org.gradle.internal.resources.AbstractTrackedResourceLock] Execution worker Thread 15: released lock on worker lease
2025-05-20T16:04:53.772+0000 [DEBUG] [org.gradle.internal.resources.AbstractTrackedResourceLock] Execution worker Thread 14: acquired lock on worker lease
2025-05-20T16:04:53.772+0000 [DEBUG] [org.gradle.internal.resources.AbstractTrackedResourceLock] Execution worker Thread 14: released lock on worker lease
2025-05-20T16:04:53.772+0000 [DEBUG] [org.gradle.internal.resources.AbstractTrackedResourceLock] Execution worker Thread 2: acquired lock on worker lease
2025-05-20T16:04:53.772+0000 [DEBUG] [org.gradle.internal.resources.AbstractTrackedResourceLock] Execution worker Thread 2: released lock on worker lease
2025-05-20T16:04:53.772+0000 [DEBUG] [org.gradle.internal.resources.AbstractTrackedResourceLock] Execution worker Thread 4: acquired lock on worker lease
2025-05-20T16:04:53.772+0000 [DEBUG] [org.gradle.internal.resources.AbstractTrackedResourceLock] Execution worker Thread 4: released lock on worker lease
2025-05-20T16:04:53.772+0000 [DEBUG] [org.gradle.internal.resources.AbstractTrackedResourceLock] Execution worker Thread 5: acquired lock on worker lease
2025-05-20T16:04:53.772+0000 [DEBUG] [org.gradle.internal.resources.AbstractTrackedResourceLock] Execution worker Thread 5: released lock on worker lease
2025-05-20T16:04:53.772+0000 [DEBUG] [org.gradle.internal.resources.AbstractTrackedResourceLock] Execution worker Thread 6: acquired lock on worker lease
2025-05-20T16:04:53.772+0000 [DEBUG] [org.gradle.internal.resources.AbstractTrackedResourceLock] Execution worker Thread 6: released lock on worker lease
2025-05-20T16:04:53.772+0000 [DEBUG] [org.gradle.internal.resources.AbstractTrackedResourceLock] Execution worker Thread 7: acquired lock on worker lease
2025-05-20T16:04:53.772+0000 [DEBUG] [org.gradle.internal.resources.AbstractTrackedResourceLock] Execution worker Thread 7: released lock on worker lease
2025-05-20T16:04:53.772+0000 [DEBUG] [org.gradle.internal.resources.AbstractTrackedResourceLock] Execution worker Thread 8: acquired lock on worker lease
2025-05-20T16:04:53.772+0000 [DEBUG] [org.gradle.internal.resources.AbstractTrackedResourceLock] Execution worker Thread 8: released lock on worker lease
2025-05-20T16:04:53.772+0000 [DEBUG] [org.gradle.internal.resources.AbstractTrackedResourceLock] Execution worker Thread 9: acquired lock on worker lease
2025-05-20T16:04:53.772+0000 [DEBUG] [org.gradle.internal.resources.AbstractTrackedResourceLock] Execution worker Thread 9: released lock on worker lease
2025-05-20T16:04:53.772+0000 [DEBUG] [org.gradle.internal.resources.AbstractTrackedResourceLock] Execution worker Thread 30: acquired lock on worker lease
2025-05-20T16:04:53.772+0000 [DEBUG] [org.gradle.internal.resources.AbstractTrackedResourceLock] Execution worker Thread 30: released lock on worker lease
2025-05-20T16:04:53.773+0000 [DEBUG] [org.gradle.internal.resources.AbstractTrackedResourceLock] Execution worker Thread 28: acquired lock on worker lease
2025-05-20T16:04:53.773+0000 [DEBUG] [org.gradle.internal.resources.AbstractTrackedResourceLock] Execution worker Thread 28: released lock on worker lease
2025-05-20T16:04:53.773+0000 [DEBUG] [org.gradle.internal.resources.AbstractTrackedResourceLock] Execution worker Thread 27: acquired lock on worker lease
2025-05-20T16:04:53.773+0000 [DEBUG] [org.gradle.internal.resources.AbstractTrackedResourceLock] Execution worker Thread 27: released lock on worker lease
2025-05-20T16:04:53.773+0000 [DEBUG] [org.gradle.internal.resources.AbstractTrackedResourceLock] Execution worker Thread 31: acquired lock on worker lease
2025-05-20T16:04:53.773+0000 [DEBUG] [org.gradle.internal.resources.AbstractTrackedResourceLock] Execution worker Thread 31: released lock on worker lease
2025-05-20T16:04:53.773+0000 [DEBUG] [org.gradle.internal.resources.AbstractTrackedResourceLock] included builds: acquired lock on worker lease
2025-05-20T16:04:53.773+0000 [DEBUG] [org.gradle.internal.resources.AbstractTrackedResourceLock] included builds: released lock on worker lease
2025-05-20T16:04:53.771+0000 [LIFECYCLE] [class org.gradle.internal.buildevents.TaskExecutionLogger] 
2025-05-20T16:04:53.771+0000 [LIFECYCLE] [class org.gradle.internal.buildevents.TaskExecutionLogger] > Task :compileTestJava NO-SOURCE
2025-05-20T16:04:53.771+0000 [DEBUG] [org.gradle.api.internal.tasks.execution.ResolveTaskExecutionModeExecuter] Putting task artifact state for task ':compileTestJava' into context took 0.0 secs.
2025-05-20T16:04:53.771+0000 [DEBUG] [org.gradle.internal.operations.DefaultBuildOperationRunner] Build operation 'Identifying work' completed
2025-05-20T16:04:53.813+0000 [INFO] [org.gradle.internal.execution.steps.SkipEmptyWorkStep] Skipping task ':compileTestJava' as it has no source files and no previous output files.
2025-05-20T16:04:53.813+0000 [DEBUG] [org.gradle.api.internal.tasks.execution.ResolveTaskExecutionModeExecuter] Removed task artifact state for task ':compileTestJava' from context.
2025-05-20T16:04:53.813+0000 [DEBUG] [org.gradle.internal.operations.DefaultBuildOperationRunner] Completing Build operation 'Task :compileTestJava'
2025-05-20T16:04:53.813+0000 [DEBUG] [org.gradle.internal.operations.DefaultBuildOperationRunner] Build operation 'Task :compileTestJava' completed
2025-05-20T16:04:53.813+0000 [DEBUG] [org.gradle.execution.plan.DefaultFinalizedExecutionPlan] Node :compileTestJava completed, executed: true
2025-05-20T16:04:53.813+0000 [DEBUG] [org.gradle.execution.plan.DefaultFinalizedExecutionPlan] Node :compileTestJava finished executing
2025-05-20T16:04:53.813+0000 [DEBUG] [org.gradle.internal.resources.AbstractTrackedResourceLock] Execution worker: released lock on state of build :
2025-05-20T16:04:53.813+0000 [DEBUG] [org.gradle.internal.resources.AbstractTrackedResourceLock] Execution worker: released lock on task execution for build :
2025-05-20T16:04:53.813+0000 [DEBUG] [org.gradle.internal.resources.AbstractTrackedResourceLock] Execution worker: acquired lock on state of build :
2025-05-20T16:04:53.813+0000 [DEBUG] [org.gradle.internal.resources.AbstractTrackedResourceLock] Execution worker: acquired lock on task execution for build :
2025-05-20T16:04:53.813+0000 [INFO] [org.gradle.execution.plan.DefaultPlanExecutor] Resolve mutations for :processTestResources (Thread[Execution worker,5,main]) started.
2025-05-20T16:04:53.813+0000 [DEBUG] [org.gradle.internal.operations.DefaultBuildOperationRunner] Build operation 'Resolve mutations for task :processTestResources' started
2025-05-20T16:04:53.813+0000 [DEBUG] [org.gradle.internal.resources.AbstractTrackedResourceLock] Execution worker Thread 29: acquired lock on worker lease
2025-05-20T16:04:53.813+0000 [DEBUG] [org.gradle.internal.resources.AbstractTrackedResourceLock] Execution worker Thread 29: released lock on worker lease
2025-05-20T16:04:53.813+0000 [DEBUG] [org.gradle.internal.resources.AbstractTrackedResourceLock] included builds: acquired lock on worker lease
2025-05-20T16:04:53.813+0000 [DEBUG] [org.gradle.internal.resources.AbstractTrackedResourceLock] included builds: released lock on worker lease
2025-05-20T16:04:53.813+0000 [DEBUG] [org.gradle.internal.resources.AbstractTrackedResourceLock] Execution worker Thread 31: acquired lock on worker lease
2025-05-20T16:04:53.813+0000 [DEBUG] [org.gradle.internal.resources.AbstractTrackedResourceLock] Execution worker Thread 31: released lock on worker lease
2025-05-20T16:04:53.813+0000 [DEBUG] [org.gradle.internal.operations.DefaultBuildOperationRunner] Completing Build operation 'Resolve mutations for task :processTestResources'
2025-05-20T16:04:53.813+0000 [DEBUG] [org.gradle.internal.operations.DefaultBuildOperationRunner] Build operation 'Resolve mutations for task :processTestResources' completed
2025-05-20T16:04:53.813+0000 [DEBUG] [org.gradle.internal.resources.AbstractTrackedResourceLock] Execution worker Thread 27: acquired lock on worker lease
2025-05-20T16:04:53.813+0000 [DEBUG] [org.gradle.internal.resources.AbstractTrackedResourceLock] Execution worker Thread 27: released lock on worker lease
2025-05-20T16:04:53.813+0000 [DEBUG] [org.gradle.internal.resources.AbstractTrackedResourceLock] Execution worker Thread 28: acquired lock on worker lease
2025-05-20T16:04:53.813+0000 [DEBUG] [org.gradle.internal.resources.AbstractTrackedResourceLock] Execution worker Thread 28: released lock on worker lease
2025-05-20T16:04:53.813+0000 [DEBUG] [org.gradle.internal.resources.AbstractTrackedResourceLock] Execution worker Thread 30: acquired lock on worker lease
2025-05-20T16:04:53.813+0000 [DEBUG] [org.gradle.internal.resources.AbstractTrackedResourceLock] Execution worker Thread 30: released lock on worker lease
2025-05-20T16:04:53.814+0000 [DEBUG] [org.gradle.internal.resources.AbstractTrackedResourceLock] Execution worker Thread 9: acquired lock on worker lease
2025-05-20T16:04:53.814+0000 [DEBUG] [org.gradle.internal.resources.AbstractTrackedResourceLock] Execution worker Thread 9: released lock on worker lease
2025-05-20T16:04:53.814+0000 [DEBUG] [org.gradle.internal.resources.AbstractTrackedResourceLock] Execution worker Thread 8: acquired lock on worker lease
2025-05-20T16:04:53.814+0000 [DEBUG] [org.gradle.internal.resources.AbstractTrackedResourceLock] Execution worker Thread 8: released lock on worker lease
2025-05-20T16:04:53.814+0000 [DEBUG] [org.gradle.internal.resources.AbstractTrackedResourceLock] Execution worker Thread 7: acquired lock on worker lease
2025-05-20T16:04:53.814+0000 [DEBUG] [org.gradle.internal.resources.AbstractTrackedResourceLock] Execution worker Thread 7: released lock on worker lease
2025-05-20T16:04:53.814+0000 [DEBUG] [org.gradle.internal.resources.AbstractTrackedResourceLock] Execution worker Thread 6: acquired lock on worker lease
2025-05-20T16:04:53.814+0000 [DEBUG] [org.gradle.internal.resources.AbstractTrackedResourceLock] Execution worker Thread 6: released lock on worker lease
2025-05-20T16:04:53.814+0000 [DEBUG] [org.gradle.internal.resources.AbstractTrackedResourceLock] Execution worker Thread 5: acquired lock on worker lease
2025-05-20T16:04:53.814+0000 [DEBUG] [org.gradle.internal.resources.AbstractTrackedResourceLock] Execution worker Thread 5: released lock on worker lease
2025-05-20T16:04:53.814+0000 [DEBUG] [org.gradle.internal.resources.AbstractTrackedResourceLock] Execution worker Thread 4: acquired lock on worker lease
2025-05-20T16:04:53.814+0000 [DEBUG] [org.gradle.internal.resources.AbstractTrackedResourceLock] Execution worker Thread 4: released lock on worker lease
2025-05-20T16:04:53.814+0000 [DEBUG] [org.gradle.internal.resources.AbstractTrackedResourceLock] Execution worker Thread 2: acquired lock on worker lease
2025-05-20T16:04:53.814+0000 [DEBUG] [org.gradle.internal.resources.AbstractTrackedResourceLock] Execution worker Thread 2: released lock on worker lease
2025-05-20T16:04:53.814+0000 [DEBUG] [org.gradle.internal.resources.AbstractTrackedResourceLock] Execution worker Thread 14: acquired lock on worker lease
2025-05-20T16:04:53.814+0000 [DEBUG] [org.gradle.internal.resources.AbstractTrackedResourceLock] Execution worker Thread 14: released lock on worker lease
2025-05-20T16:04:53.814+0000 [DEBUG] [org.gradle.internal.resources.AbstractTrackedResourceLock] Execution worker Thread 15: acquired lock on worker lease
2025-05-20T16:04:53.814+0000 [DEBUG] [org.gradle.internal.resources.AbstractTrackedResourceLock] Execution worker Thread 15: released lock on worker lease
2025-05-20T16:04:53.814+0000 [DEBUG] [org.gradle.internal.resources.AbstractTrackedResourceLock] Execution worker Thread 16: acquired lock on worker lease
2025-05-20T16:04:53.814+0000 [DEBUG] [org.gradle.internal.resources.AbstractTrackedResourceLock] Execution worker Thread 16: released lock on worker lease
2025-05-20T16:04:53.814+0000 [DEBUG] [org.gradle.internal.resources.AbstractTrackedResourceLock] Execution worker Thread 17: acquired lock on worker lease
2025-05-20T16:04:53.814+0000 [DEBUG] [org.gradle.internal.resources.AbstractTrackedResourceLock] Execution worker Thread 17: released lock on worker lease
2025-05-20T16:04:53.814+0000 [DEBUG] [org.gradle.internal.resources.AbstractTrackedResourceLock] Execution worker Thread 3: acquired lock on worker lease
2025-05-20T16:04:53.814+0000 [DEBUG] [org.gradle.internal.resources.AbstractTrackedResourceLock] Execution worker Thread 3: released lock on worker lease
2025-05-20T16:04:53.814+0000 [DEBUG] [org.gradle.internal.resources.AbstractTrackedResourceLock] Execution worker Thread 19: acquired lock on worker lease
2025-05-20T16:04:53.814+0000 [DEBUG] [org.gradle.internal.resources.AbstractTrackedResourceLock] Execution worker Thread 19: released lock on worker lease
2025-05-20T16:04:53.814+0000 [DEBUG] [org.gradle.internal.resources.AbstractTrackedResourceLock] Execution worker Thread 20: acquired lock on worker lease
2025-05-20T16:04:53.815+0000 [DEBUG] [org.gradle.internal.resources.AbstractTrackedResourceLock] Execution worker Thread 20: released lock on worker lease
2025-05-20T16:04:53.815+0000 [DEBUG] [org.gradle.internal.resources.AbstractTrackedResourceLock] Execution worker Thread 18: acquired lock on worker lease
2025-05-20T16:04:53.815+0000 [DEBUG] [org.gradle.internal.resources.AbstractTrackedResourceLock] Execution worker Thread 18: released lock on worker lease
2025-05-20T16:04:53.815+0000 [DEBUG] [org.gradle.internal.resources.AbstractTrackedResourceLock] Execution worker Thread 22: acquired lock on worker lease
2025-05-20T16:04:53.815+0000 [DEBUG] [org.gradle.internal.resources.AbstractTrackedResourceLock] Execution worker Thread 22: released lock on worker lease
2025-05-20T16:04:53.815+0000 [DEBUG] [org.gradle.internal.resources.AbstractTrackedResourceLock] Execution worker Thread 13: acquired lock on worker lease
2025-05-20T16:04:53.815+0000 [DEBUG] [org.gradle.internal.resources.AbstractTrackedResourceLock] Execution worker Thread 13: released lock on worker lease
2025-05-20T16:04:53.815+0000 [DEBUG] [org.gradle.internal.resources.AbstractTrackedResourceLock] Execution worker Thread 12: acquired lock on worker lease
2025-05-20T16:04:53.815+0000 [DEBUG] [org.gradle.internal.resources.AbstractTrackedResourceLock] Execution worker Thread 12: released lock on worker lease
2025-05-20T16:04:53.815+0000 [DEBUG] [org.gradle.internal.resources.AbstractTrackedResourceLock] Execution worker Thread 11: acquired lock on worker lease
2025-05-20T16:04:53.815+0000 [DEBUG] [org.gradle.internal.resources.AbstractTrackedResourceLock] Execution worker Thread 11: released lock on worker lease
2025-05-20T16:04:53.815+0000 [DEBUG] [org.gradle.internal.resources.AbstractTrackedResourceLock] Execution worker Thread 10: acquired lock on worker lease
2025-05-20T16:04:53.815+0000 [DEBUG] [org.gradle.internal.resources.AbstractTrackedResourceLock] Execution worker Thread 10: released lock on worker lease
2025-05-20T16:04:53.815+0000 [DEBUG] [org.gradle.internal.resources.AbstractTrackedResourceLock] Execution worker Thread 26: acquired lock on worker lease
2025-05-20T16:04:53.815+0000 [DEBUG] [org.gradle.internal.resources.AbstractTrackedResourceLock] Execution worker Thread 26: released lock on worker lease
2025-05-20T16:04:53.815+0000 [DEBUG] [org.gradle.internal.resources.AbstractTrackedResourceLock] Execution worker Thread 25: acquired lock on worker lease
2025-05-20T16:04:53.815+0000 [DEBUG] [org.gradle.internal.resources.AbstractTrackedResourceLock] Execution worker Thread 25: released lock on worker lease
2025-05-20T16:04:53.815+0000 [DEBUG] [org.gradle.internal.resources.AbstractTrackedResourceLock] Execution worker Thread 24: acquired lock on worker lease
2025-05-20T16:04:53.815+0000 [DEBUG] [org.gradle.internal.resources.AbstractTrackedResourceLock] Execution worker Thread 24: released lock on worker lease
2025-05-20T16:04:53.815+0000 [DEBUG] [org.gradle.internal.resources.AbstractTrackedResourceLock] Execution worker Thread 23: acquired lock on worker lease
2025-05-20T16:04:53.815+0000 [DEBUG] [org.gradle.internal.resources.AbstractTrackedResourceLock] Execution worker Thread 23: released lock on worker lease
2025-05-20T16:04:53.815+0000 [DEBUG] [org.gradle.internal.resources.AbstractTrackedResourceLock] Execution worker Thread 21: acquired lock on worker lease
2025-05-20T16:04:53.815+0000 [DEBUG] [org.gradle.internal.resources.AbstractTrackedResourceLock] Execution worker Thread 21: released lock on worker lease
2025-05-20T16:04:53.815+0000 [DEBUG] [org.gradle.execution.plan.DefaultFinalizedExecutionPlan] Node Resolve mutations for :processTestResources completed, executed: true
2025-05-20T16:04:53.815+0000 [DEBUG] [org.gradle.execution.plan.DefaultFinalizedExecutionPlan] Node Resolve mutations for :processTestResources finished executing
2025-05-20T16:04:53.815+0000 [DEBUG] [org.gradle.internal.resources.AbstractTrackedResourceLock] Execution worker: released lock on state of build :
2025-05-20T16:04:53.815+0000 [DEBUG] [org.gradle.internal.resources.AbstractTrackedResourceLock] Execution worker: released lock on task execution for build :
2025-05-20T16:04:53.815+0000 [DEBUG] [org.gradle.internal.resources.AbstractTrackedResourceLock] Execution worker: acquired lock on state of build :
2025-05-20T16:04:53.815+0000 [DEBUG] [org.gradle.internal.resources.AbstractTrackedResourceLock] Execution worker: acquired lock on task execution for build :
2025-05-20T16:04:53.815+0000 [INFO] [org.gradle.execution.plan.DefaultPlanExecutor] :processTestResources (Thread[Execution worker,5,main]) started.
2025-05-20T16:04:53.815+0000 [DEBUG] [org.gradle.internal.operations.DefaultBuildOperationRunner] Build operation 'Task :processTestResources' started
2025-05-20T16:04:53.815+0000 [DEBUG] [org.gradle.internal.resources.AbstractTrackedResourceLock] Execution worker Thread 29: acquired lock on worker lease
2025-05-20T16:04:53.815+0000 [DEBUG] [org.gradle.internal.resources.AbstractTrackedResourceLock] Execution worker Thread 29: released lock on worker lease
2025-05-20T16:04:53.815+0000 [DEBUG] [org.gradle.internal.operations.DefaultBuildOperationRunner] Build operation 'Identifying work' started
2025-05-20T16:04:53.815+0000 [DEBUG] [org.gradle.internal.resources.AbstractTrackedResourceLock] Execution worker Thread 21: acquired lock on worker lease
2025-05-20T16:04:53.815+0000 [DEBUG] [org.gradle.internal.operations.DefaultBuildOperationRunner] Completing Build operation 'Identifying work'
2025-05-20T16:04:53.815+0000 [DEBUG] [org.gradle.internal.resources.AbstractTrackedResourceLock] Execution worker Thread 21: released lock on worker lease
2025-05-20T16:04:53.816+0000 [DEBUG] [org.gradle.internal.resources.AbstractTrackedResourceLock] Execution worker Thread 23: acquired lock on worker lease
2025-05-20T16:04:53.816+0000 [DEBUG] [org.gradle.internal.resources.AbstractTrackedResourceLock] Execution worker Thread 23: released lock on worker lease
2025-05-20T16:04:53.816+0000 [DEBUG] [org.gradle.internal.resources.AbstractTrackedResourceLock] Execution worker Thread 24: acquired lock on worker lease
2025-05-20T16:04:53.816+0000 [DEBUG] [org.gradle.internal.resources.AbstractTrackedResourceLock] Execution worker Thread 24: released lock on worker lease
2025-05-20T16:04:53.816+0000 [DEBUG] [org.gradle.internal.resources.AbstractTrackedResourceLock] Execution worker Thread 25: acquired lock on worker lease
2025-05-20T16:04:53.816+0000 [DEBUG] [org.gradle.internal.resources.AbstractTrackedResourceLock] Execution worker Thread 25: released lock on worker lease
2025-05-20T16:04:53.816+0000 [DEBUG] [org.gradle.internal.resources.AbstractTrackedResourceLock] Execution worker Thread 26: acquired lock on worker lease
2025-05-20T16:04:53.816+0000 [DEBUG] [org.gradle.internal.resources.AbstractTrackedResourceLock] Execution worker Thread 26: released lock on worker lease
2025-05-20T16:04:53.816+0000 [DEBUG] [org.gradle.internal.resources.AbstractTrackedResourceLock] Execution worker Thread 10: acquired lock on worker lease
2025-05-20T16:04:53.816+0000 [DEBUG] [org.gradle.internal.resources.AbstractTrackedResourceLock] Execution worker Thread 10: released lock on worker lease
2025-05-20T16:04:53.816+0000 [DEBUG] [org.gradle.internal.resources.AbstractTrackedResourceLock] Execution worker Thread 11: acquired lock on worker lease
2025-05-20T16:04:53.816+0000 [DEBUG] [org.gradle.internal.resources.AbstractTrackedResourceLock] Execution worker Thread 11: released lock on worker lease
2025-05-20T16:04:53.816+0000 [DEBUG] [org.gradle.internal.resources.AbstractTrackedResourceLock] Execution worker Thread 12: acquired lock on worker lease
2025-05-20T16:04:53.816+0000 [DEBUG] [org.gradle.internal.resources.AbstractTrackedResourceLock] Execution worker Thread 12: released lock on worker lease
2025-05-20T16:04:53.816+0000 [DEBUG] [org.gradle.internal.resources.AbstractTrackedResourceLock] Execution worker Thread 13: acquired lock on worker lease
2025-05-20T16:04:53.816+0000 [DEBUG] [org.gradle.internal.resources.AbstractTrackedResourceLock] Execution worker Thread 13: released lock on worker lease
2025-05-20T16:04:53.816+0000 [DEBUG] [org.gradle.internal.resources.AbstractTrackedResourceLock] Execution worker Thread 22: acquired lock on worker lease
2025-05-20T16:04:53.816+0000 [DEBUG] [org.gradle.internal.resources.AbstractTrackedResourceLock] Execution worker Thread 22: released lock on worker lease
2025-05-20T16:04:53.816+0000 [DEBUG] [org.gradle.internal.resources.AbstractTrackedResourceLock] Execution worker Thread 18: acquired lock on worker lease
2025-05-20T16:04:53.816+0000 [DEBUG] [org.gradle.internal.resources.AbstractTrackedResourceLock] Execution worker Thread 18: released lock on worker lease
2025-05-20T16:04:53.816+0000 [DEBUG] [org.gradle.internal.resources.AbstractTrackedResourceLock] Execution worker Thread 20: acquired lock on worker lease
2025-05-20T16:04:53.816+0000 [DEBUG] [org.gradle.internal.resources.AbstractTrackedResourceLock] Execution worker Thread 20: released lock on worker lease
2025-05-20T16:04:53.816+0000 [DEBUG] [org.gradle.internal.resources.AbstractTrackedResourceLock] Execution worker Thread 19: acquired lock on worker lease
2025-05-20T16:04:53.816+0000 [DEBUG] [org.gradle.internal.resources.AbstractTrackedResourceLock] Execution worker Thread 19: released lock on worker lease
2025-05-20T16:04:53.816+0000 [DEBUG] [org.gradle.internal.resources.AbstractTrackedResourceLock] Execution worker Thread 3: acquired lock on worker lease
2025-05-20T16:04:53.816+0000 [DEBUG] [org.gradle.internal.resources.AbstractTrackedResourceLock] Execution worker Thread 3: released lock on worker lease
2025-05-20T16:04:53.816+0000 [DEBUG] [org.gradle.internal.resources.AbstractTrackedResourceLock] Execution worker Thread 17: acquired lock on worker lease
2025-05-20T16:04:53.816+0000 [DEBUG] [org.gradle.internal.resources.AbstractTrackedResourceLock] Execution worker Thread 17: released lock on worker lease
2025-05-20T16:04:53.817+0000 [DEBUG] [org.gradle.internal.resources.AbstractTrackedResourceLock] Execution worker Thread 16: acquired lock on worker lease
2025-05-20T16:04:53.817+0000 [DEBUG] [org.gradle.internal.resources.AbstractTrackedResourceLock] Execution worker Thread 16: released lock on worker lease
2025-05-20T16:04:53.817+0000 [DEBUG] [org.gradle.internal.resources.AbstractTrackedResourceLock] Execution worker Thread 15: acquired lock on worker lease
2025-05-20T16:04:53.817+0000 [DEBUG] [org.gradle.internal.resources.AbstractTrackedResourceLock] Execution worker Thread 15: released lock on worker lease
2025-05-20T16:04:53.817+0000 [DEBUG] [org.gradle.internal.resources.AbstractTrackedResourceLock] Execution worker Thread 14: acquired lock on worker lease
2025-05-20T16:04:53.817+0000 [DEBUG] [org.gradle.internal.resources.AbstractTrackedResourceLock] Execution worker Thread 14: released lock on worker lease
2025-05-20T16:04:53.817+0000 [DEBUG] [org.gradle.internal.resources.AbstractTrackedResourceLock] Execution worker Thread 2: acquired lock on worker lease
2025-05-20T16:04:53.817+0000 [DEBUG] [org.gradle.internal.resources.AbstractTrackedResourceLock] Execution worker Thread 2: released lock on worker lease
2025-05-20T16:04:53.817+0000 [DEBUG] [org.gradle.internal.resources.AbstractTrackedResourceLock] Execution worker Thread 4: acquired lock on worker lease
2025-05-20T16:04:53.817+0000 [DEBUG] [org.gradle.internal.resources.AbstractTrackedResourceLock] Execution worker Thread 4: released lock on worker lease
2025-05-20T16:04:53.817+0000 [DEBUG] [org.gradle.internal.resources.AbstractTrackedResourceLock] Execution worker Thread 5: acquired lock on worker lease
2025-05-20T16:04:53.817+0000 [DEBUG] [org.gradle.internal.resources.AbstractTrackedResourceLock] Execution worker Thread 5: released lock on worker lease
2025-05-20T16:04:53.817+0000 [DEBUG] [org.gradle.internal.resources.AbstractTrackedResourceLock] Execution worker Thread 6: acquired lock on worker lease
2025-05-20T16:04:53.817+0000 [DEBUG] [org.gradle.internal.resources.AbstractTrackedResourceLock] Execution worker Thread 6: released lock on worker lease
2025-05-20T16:04:53.817+0000 [DEBUG] [org.gradle.internal.resources.AbstractTrackedResourceLock] Execution worker Thread 7: acquired lock on worker lease
2025-05-20T16:04:53.817+0000 [DEBUG] [org.gradle.internal.resources.AbstractTrackedResourceLock] Execution worker Thread 7: released lock on worker lease
2025-05-20T16:04:53.817+0000 [DEBUG] [org.gradle.internal.resources.AbstractTrackedResourceLock] Execution worker Thread 8: acquired lock on worker lease
2025-05-20T16:04:53.817+0000 [DEBUG] [org.gradle.internal.resources.AbstractTrackedResourceLock] Execution worker Thread 8: released lock on worker lease
2025-05-20T16:04:53.817+0000 [DEBUG] [org.gradle.internal.resources.AbstractTrackedResourceLock] Execution worker Thread 9: acquired lock on worker lease
2025-05-20T16:04:53.817+0000 [DEBUG] [org.gradle.internal.resources.AbstractTrackedResourceLock] Execution worker Thread 9: released lock on worker lease
2025-05-20T16:04:53.817+0000 [DEBUG] [org.gradle.internal.resources.AbstractTrackedResourceLock] Execution worker Thread 30: acquired lock on worker lease
2025-05-20T16:04:53.817+0000 [DEBUG] [org.gradle.internal.resources.AbstractTrackedResourceLock] Execution worker Thread 30: released lock on worker lease
2025-05-20T16:04:53.817+0000 [DEBUG] [org.gradle.internal.resources.AbstractTrackedResourceLock] Execution worker Thread 28: acquired lock on worker lease
2025-05-20T16:04:53.817+0000 [DEBUG] [org.gradle.internal.resources.AbstractTrackedResourceLock] Execution worker Thread 28: released lock on worker lease
2025-05-20T16:04:53.817+0000 [DEBUG] [org.gradle.internal.resources.AbstractTrackedResourceLock] Execution worker Thread 27: acquired lock on worker lease
2025-05-20T16:04:53.817+0000 [DEBUG] [org.gradle.internal.resources.AbstractTrackedResourceLock] Execution worker Thread 27: released lock on worker lease
2025-05-20T16:04:53.817+0000 [DEBUG] [org.gradle.internal.resources.AbstractTrackedResourceLock] Execution worker Thread 31: acquired lock on worker lease
2025-05-20T16:04:53.817+0000 [DEBUG] [org.gradle.internal.resources.AbstractTrackedResourceLock] Execution worker Thread 31: released lock on worker lease
2025-05-20T16:04:53.817+0000 [DEBUG] [org.gradle.internal.resources.AbstractTrackedResourceLock] included builds: acquired lock on worker lease
2025-05-20T16:04:53.817+0000 [DEBUG] [org.gradle.internal.resources.AbstractTrackedResourceLock] included builds: released lock on worker lease
2025-05-20T16:04:53.815+0000 [LIFECYCLE] [class org.gradle.internal.buildevents.TaskExecutionLogger] 
2025-05-20T16:04:53.815+0000 [LIFECYCLE] [class org.gradle.internal.buildevents.TaskExecutionLogger] > Task :processTestResources NO-SOURCE
2025-05-20T16:04:53.815+0000 [DEBUG] [org.gradle.api.internal.tasks.execution.ResolveTaskExecutionModeExecuter] Putting task artifact state for task ':processTestResources' into context took 0.0 secs.
2025-05-20T16:04:53.815+0000 [DEBUG] [org.gradle.internal.operations.DefaultBuildOperationRunner] Build operation 'Identifying work' completed
2025-05-20T16:04:53.819+0000 [INFO] [org.gradle.internal.execution.steps.SkipEmptyWorkStep] Skipping task ':processTestResources' as it has no source files and no previous output files.
2025-05-20T16:04:53.819+0000 [DEBUG] [org.gradle.api.internal.tasks.execution.ResolveTaskExecutionModeExecuter] Removed task artifact state for task ':processTestResources' from context.
2025-05-20T16:04:53.819+0000 [DEBUG] [org.gradle.internal.operations.DefaultBuildOperationRunner] Completing Build operation 'Task :processTestResources'
2025-05-20T16:04:53.819+0000 [DEBUG] [org.gradle.internal.operations.DefaultBuildOperationRunner] Build operation 'Task :processTestResources' completed
2025-05-20T16:04:53.819+0000 [DEBUG] [org.gradle.execution.plan.DefaultFinalizedExecutionPlan] Node :processTestResources completed, executed: true
2025-05-20T16:04:53.819+0000 [DEBUG] [org.gradle.execution.plan.DefaultFinalizedExecutionPlan] Node :processTestResources finished executing
2025-05-20T16:04:53.819+0000 [DEBUG] [org.gradle.internal.resources.AbstractTrackedResourceLock] Execution worker: released lock on state of build :
2025-05-20T16:04:53.819+0000 [DEBUG] [org.gradle.internal.resources.AbstractTrackedResourceLock] Execution worker: released lock on task execution for build :
2025-05-20T16:04:53.819+0000 [DEBUG] [org.gradle.internal.resources.AbstractTrackedResourceLock] Execution worker: acquired lock on state of build :
2025-05-20T16:04:53.819+0000 [DEBUG] [org.gradle.internal.resources.AbstractTrackedResourceLock] Execution worker: acquired lock on task execution for build :
2025-05-20T16:04:53.820+0000 [INFO] [org.gradle.execution.plan.DefaultPlanExecutor] Resolve mutations for :testClasses (Thread[Execution worker,5,main]) started.
2025-05-20T16:04:53.820+0000 [DEBUG] [org.gradle.internal.resources.AbstractTrackedResourceLock] Execution worker Thread 29: acquired lock on worker lease
2025-05-20T16:04:53.820+0000 [DEBUG] [org.gradle.internal.resources.AbstractTrackedResourceLock] Execution worker Thread 29: released lock on worker lease
2025-05-20T16:04:53.820+0000 [DEBUG] [org.gradle.internal.operations.DefaultBuildOperationRunner] Build operation 'Resolve mutations for task :testClasses' started
2025-05-20T16:04:53.820+0000 [DEBUG] [org.gradle.internal.resources.AbstractTrackedResourceLock] included builds: acquired lock on worker lease
2025-05-20T16:04:53.820+0000 [DEBUG] [org.gradle.internal.resources.AbstractTrackedResourceLock] included builds: released lock on worker lease
2025-05-20T16:04:53.820+0000 [DEBUG] [org.gradle.internal.resources.AbstractTrackedResourceLock] Execution worker Thread 31: acquired lock on worker lease
2025-05-20T16:04:53.820+0000 [DEBUG] [org.gradle.internal.resources.AbstractTrackedResourceLock] Execution worker Thread 31: released lock on worker lease
2025-05-20T16:04:53.820+0000 [DEBUG] [org.gradle.internal.operations.DefaultBuildOperationRunner] Completing Build operation 'Resolve mutations for task :testClasses'
2025-05-20T16:04:53.820+0000 [DEBUG] [org.gradle.internal.resources.AbstractTrackedResourceLock] Execution worker Thread 27: acquired lock on worker lease
2025-05-20T16:04:53.820+0000 [DEBUG] [org.gradle.internal.resources.AbstractTrackedResourceLock] Execution worker Thread 27: released lock on worker lease
2025-05-20T16:04:53.820+0000 [DEBUG] [org.gradle.internal.operations.DefaultBuildOperationRunner] Build operation 'Resolve mutations for task :testClasses' completed
2025-05-20T16:04:53.820+0000 [DEBUG] [org.gradle.internal.resources.AbstractTrackedResourceLock] Execution worker Thread 28: acquired lock on worker lease
2025-05-20T16:04:53.820+0000 [DEBUG] [org.gradle.internal.resources.AbstractTrackedResourceLock] Execution worker Thread 28: released lock on worker lease
2025-05-20T16:04:53.820+0000 [DEBUG] [org.gradle.internal.resources.AbstractTrackedResourceLock] Execution worker Thread 30: acquired lock on worker lease
2025-05-20T16:04:53.820+0000 [DEBUG] [org.gradle.internal.resources.AbstractTrackedResourceLock] Execution worker Thread 30: released lock on worker lease
2025-05-20T16:04:53.820+0000 [DEBUG] [org.gradle.internal.resources.AbstractTrackedResourceLock] Execution worker Thread 9: acquired lock on worker lease
2025-05-20T16:04:53.820+0000 [DEBUG] [org.gradle.internal.resources.AbstractTrackedResourceLock] Execution worker Thread 9: released lock on worker lease
2025-05-20T16:04:53.820+0000 [DEBUG] [org.gradle.internal.resources.AbstractTrackedResourceLock] Execution worker Thread 8: acquired lock on worker lease
2025-05-20T16:04:53.820+0000 [DEBUG] [org.gradle.internal.resources.AbstractTrackedResourceLock] Execution worker Thread 8: released lock on worker lease
2025-05-20T16:04:53.820+0000 [DEBUG] [org.gradle.internal.resources.AbstractTrackedResourceLock] Execution worker Thread 7: acquired lock on worker lease
2025-05-20T16:04:53.820+0000 [DEBUG] [org.gradle.internal.resources.AbstractTrackedResourceLock] Execution worker Thread 7: released lock on worker lease
2025-05-20T16:04:53.820+0000 [DEBUG] [org.gradle.internal.resources.AbstractTrackedResourceLock] Execution worker Thread 6: acquired lock on worker lease
2025-05-20T16:04:53.820+0000 [DEBUG] [org.gradle.internal.resources.AbstractTrackedResourceLock] Execution worker Thread 6: released lock on worker lease
2025-05-20T16:04:53.820+0000 [DEBUG] [org.gradle.internal.resources.AbstractTrackedResourceLock] Execution worker Thread 5: acquired lock on worker lease
2025-05-20T16:04:53.820+0000 [DEBUG] [org.gradle.internal.resources.AbstractTrackedResourceLock] Execution worker Thread 5: released lock on worker lease
2025-05-20T16:04:53.820+0000 [DEBUG] [org.gradle.internal.resources.AbstractTrackedResourceLock] Execution worker Thread 4: acquired lock on worker lease
2025-05-20T16:04:53.820+0000 [DEBUG] [org.gradle.internal.resources.AbstractTrackedResourceLock] Execution worker Thread 4: released lock on worker lease
2025-05-20T16:04:53.820+0000 [DEBUG] [org.gradle.internal.resources.AbstractTrackedResourceLock] Execution worker Thread 2: acquired lock on worker lease
2025-05-20T16:04:53.820+0000 [DEBUG] [org.gradle.internal.resources.AbstractTrackedResourceLock] Execution worker Thread 2: released lock on worker lease
2025-05-20T16:04:53.820+0000 [DEBUG] [org.gradle.internal.resources.AbstractTrackedResourceLock] Execution worker Thread 14: acquired lock on worker lease
2025-05-20T16:04:53.820+0000 [DEBUG] [org.gradle.internal.resources.AbstractTrackedResourceLock] Execution worker Thread 14: released lock on worker lease
2025-05-20T16:04:53.820+0000 [DEBUG] [org.gradle.internal.resources.AbstractTrackedResourceLock] Execution worker Thread 15: acquired lock on worker lease
2025-05-20T16:04:53.820+0000 [DEBUG] [org.gradle.internal.resources.AbstractTrackedResourceLock] Execution worker Thread 15: released lock on worker lease
2025-05-20T16:04:53.820+0000 [DEBUG] [org.gradle.internal.resources.AbstractTrackedResourceLock] Execution worker Thread 16: acquired lock on worker lease
2025-05-20T16:04:53.820+0000 [DEBUG] [org.gradle.internal.resources.AbstractTrackedResourceLock] Execution worker Thread 16: released lock on worker lease
2025-05-20T16:04:53.820+0000 [DEBUG] [org.gradle.internal.resources.AbstractTrackedResourceLock] Execution worker Thread 17: acquired lock on worker lease
2025-05-20T16:04:53.820+0000 [DEBUG] [org.gradle.internal.resources.AbstractTrackedResourceLock] Execution worker Thread 17: released lock on worker lease
2025-05-20T16:04:53.820+0000 [DEBUG] [org.gradle.internal.resources.AbstractTrackedResourceLock] Execution worker Thread 3: acquired lock on worker lease
2025-05-20T16:04:53.820+0000 [DEBUG] [org.gradle.internal.resources.AbstractTrackedResourceLock] Execution worker Thread 3: released lock on worker lease
2025-05-20T16:04:53.820+0000 [DEBUG] [org.gradle.internal.resources.AbstractTrackedResourceLock] Execution worker Thread 19: acquired lock on worker lease
2025-05-20T16:04:53.820+0000 [DEBUG] [org.gradle.internal.resources.AbstractTrackedResourceLock] Execution worker Thread 19: released lock on worker lease
2025-05-20T16:04:53.821+0000 [DEBUG] [org.gradle.internal.resources.AbstractTrackedResourceLock] Execution worker Thread 20: acquired lock on worker lease
2025-05-20T16:04:53.821+0000 [DEBUG] [org.gradle.internal.resources.AbstractTrackedResourceLock] Execution worker Thread 20: released lock on worker lease
2025-05-20T16:04:53.821+0000 [DEBUG] [org.gradle.internal.resources.AbstractTrackedResourceLock] Execution worker Thread 18: acquired lock on worker lease
2025-05-20T16:04:53.821+0000 [DEBUG] [org.gradle.internal.resources.AbstractTrackedResourceLock] Execution worker Thread 18: released lock on worker lease
2025-05-20T16:04:53.821+0000 [DEBUG] [org.gradle.internal.resources.AbstractTrackedResourceLock] Execution worker Thread 22: acquired lock on worker lease
2025-05-20T16:04:53.821+0000 [DEBUG] [org.gradle.internal.resources.AbstractTrackedResourceLock] Execution worker Thread 22: released lock on worker lease
2025-05-20T16:04:53.821+0000 [DEBUG] [org.gradle.internal.resources.AbstractTrackedResourceLock] Execution worker Thread 13: acquired lock on worker lease
2025-05-20T16:04:53.821+0000 [DEBUG] [org.gradle.internal.resources.AbstractTrackedResourceLock] Execution worker Thread 13: released lock on worker lease
2025-05-20T16:04:53.821+0000 [DEBUG] [org.gradle.internal.resources.AbstractTrackedResourceLock] Execution worker Thread 12: acquired lock on worker lease
2025-05-20T16:04:53.821+0000 [DEBUG] [org.gradle.internal.resources.AbstractTrackedResourceLock] Execution worker Thread 12: released lock on worker lease
2025-05-20T16:04:53.821+0000 [DEBUG] [org.gradle.internal.resources.AbstractTrackedResourceLock] Execution worker Thread 11: acquired lock on worker lease
2025-05-20T16:04:53.821+0000 [DEBUG] [org.gradle.internal.resources.AbstractTrackedResourceLock] Execution worker Thread 11: released lock on worker lease
2025-05-20T16:04:53.821+0000 [DEBUG] [org.gradle.internal.resources.AbstractTrackedResourceLock] Execution worker Thread 10: acquired lock on worker lease
2025-05-20T16:04:53.821+0000 [DEBUG] [org.gradle.internal.resources.AbstractTrackedResourceLock] Execution worker Thread 10: released lock on worker lease
2025-05-20T16:04:53.821+0000 [DEBUG] [org.gradle.internal.resources.AbstractTrackedResourceLock] Execution worker Thread 26: acquired lock on worker lease
2025-05-20T16:04:53.821+0000 [DEBUG] [org.gradle.internal.resources.AbstractTrackedResourceLock] Execution worker Thread 26: released lock on worker lease
2025-05-20T16:04:53.821+0000 [DEBUG] [org.gradle.internal.resources.AbstractTrackedResourceLock] Execution worker Thread 25: acquired lock on worker lease
2025-05-20T16:04:53.821+0000 [DEBUG] [org.gradle.internal.resources.AbstractTrackedResourceLock] Execution worker Thread 25: released lock on worker lease
2025-05-20T16:04:53.821+0000 [DEBUG] [org.gradle.internal.resources.AbstractTrackedResourceLock] Execution worker Thread 24: acquired lock on worker lease
2025-05-20T16:04:53.821+0000 [DEBUG] [org.gradle.internal.resources.AbstractTrackedResourceLock] Execution worker Thread 24: released lock on worker lease
2025-05-20T16:04:53.821+0000 [DEBUG] [org.gradle.internal.resources.AbstractTrackedResourceLock] Execution worker Thread 23: acquired lock on worker lease
2025-05-20T16:04:53.821+0000 [DEBUG] [org.gradle.internal.resources.AbstractTrackedResourceLock] Execution worker Thread 23: released lock on worker lease
2025-05-20T16:04:53.821+0000 [DEBUG] [org.gradle.internal.resources.AbstractTrackedResourceLock] Execution worker Thread 21: acquired lock on worker lease
2025-05-20T16:04:53.821+0000 [DEBUG] [org.gradle.internal.resources.AbstractTrackedResourceLock] Execution worker Thread 21: released lock on worker lease
2025-05-20T16:04:53.821+0000 [DEBUG] [org.gradle.execution.plan.DefaultFinalizedExecutionPlan] Node Resolve mutations for :testClasses completed, executed: true
2025-05-20T16:04:53.821+0000 [DEBUG] [org.gradle.execution.plan.DefaultFinalizedExecutionPlan] Node Resolve mutations for :testClasses finished executing
2025-05-20T16:04:53.821+0000 [DEBUG] [org.gradle.internal.resources.AbstractTrackedResourceLock] Execution worker: released lock on state of build :
2025-05-20T16:04:53.821+0000 [DEBUG] [org.gradle.internal.resources.AbstractTrackedResourceLock] Execution worker: released lock on task execution for build :
2025-05-20T16:04:53.821+0000 [DEBUG] [org.gradle.internal.resources.AbstractTrackedResourceLock] Execution worker: acquired lock on state of build :
2025-05-20T16:04:53.821+0000 [DEBUG] [org.gradle.internal.resources.AbstractTrackedResourceLock] Execution worker: acquired lock on task execution for build :
2025-05-20T16:04:53.821+0000 [DEBUG] [org.gradle.internal.resources.AbstractTrackedResourceLock] Execution worker Thread 29: acquired lock on worker lease
2025-05-20T16:04:53.821+0000 [DEBUG] [org.gradle.internal.resources.AbstractTrackedResourceLock] Execution worker Thread 29: released lock on worker lease
2025-05-20T16:04:53.821+0000 [INFO] [org.gradle.execution.plan.DefaultPlanExecutor] :testClasses (Thread[Execution worker,5,main]) started.
2025-05-20T16:04:53.821+0000 [DEBUG] [org.gradle.internal.resources.AbstractTrackedResourceLock] Execution worker Thread 21: acquired lock on worker lease
2025-05-20T16:04:53.821+0000 [DEBUG] [org.gradle.internal.resources.AbstractTrackedResourceLock] Execution worker Thread 21: released lock on worker lease
2025-05-20T16:04:53.821+0000 [DEBUG] [org.gradle.internal.operations.DefaultBuildOperationRunner] Build operation 'Task :testClasses' started
2025-05-20T16:04:53.821+0000 [DEBUG] [org.gradle.internal.resources.AbstractTrackedResourceLock] Execution worker Thread 23: acquired lock on worker lease
2025-05-20T16:04:53.821+0000 [DEBUG] [org.gradle.internal.resources.AbstractTrackedResourceLock] Execution worker Thread 23: released lock on worker lease
2025-05-20T16:04:53.821+0000 [DEBUG] [org.gradle.internal.resources.AbstractTrackedResourceLock] Execution worker Thread 24: acquired lock on worker lease
2025-05-20T16:04:53.821+0000 [DEBUG] [org.gradle.internal.resources.AbstractTrackedResourceLock] Execution worker Thread 24: released lock on worker lease
2025-05-20T16:04:53.821+0000 [DEBUG] [org.gradle.internal.resources.AbstractTrackedResourceLock] Execution worker Thread 25: acquired lock on worker lease
2025-05-20T16:04:53.821+0000 [LIFECYCLE] [class org.gradle.internal.buildevents.TaskExecutionLogger] 
2025-05-20T16:04:53.821+0000 [LIFECYCLE] [class org.gradle.internal.buildevents.TaskExecutionLogger] > Task :testClasses UP-TO-DATE
2025-05-20T16:04:53.821+0000 [INFO] [org.gradle.api.internal.tasks.execution.SkipTaskWithNoActionsExecuter] Skipping task ':testClasses' as it has no actions.
2025-05-20T16:04:53.822+0000 [DEBUG] [org.gradle.internal.resources.AbstractTrackedResourceLock] Execution worker Thread 25: released lock on worker lease
2025-05-20T16:04:53.822+0000 [DEBUG] [org.gradle.internal.operations.DefaultBuildOperationRunner] Completing Build operation 'Task :testClasses'
2025-05-20T16:04:53.822+0000 [DEBUG] [org.gradle.internal.operations.DefaultBuildOperationRunner] Build operation 'Task :testClasses' completed
2025-05-20T16:04:53.822+0000 [DEBUG] [org.gradle.internal.resources.AbstractTrackedResourceLock] Execution worker Thread 26: acquired lock on worker lease
2025-05-20T16:04:53.822+0000 [DEBUG] [org.gradle.internal.resources.AbstractTrackedResourceLock] Execution worker Thread 26: released lock on worker lease
2025-05-20T16:04:53.822+0000 [DEBUG] [org.gradle.internal.resources.AbstractTrackedResourceLock] Execution worker Thread 10: acquired lock on worker lease
2025-05-20T16:04:53.822+0000 [DEBUG] [org.gradle.internal.resources.AbstractTrackedResourceLock] Execution worker Thread 10: released lock on worker lease
2025-05-20T16:04:53.822+0000 [DEBUG] [org.gradle.internal.resources.AbstractTrackedResourceLock] Execution worker Thread 11: acquired lock on worker lease
2025-05-20T16:04:53.822+0000 [DEBUG] [org.gradle.internal.resources.AbstractTrackedResourceLock] Execution worker Thread 11: released lock on worker lease
2025-05-20T16:04:53.822+0000 [DEBUG] [org.gradle.internal.resources.AbstractTrackedResourceLock] Execution worker Thread 12: acquired lock on worker lease
2025-05-20T16:04:53.822+0000 [DEBUG] [org.gradle.internal.resources.AbstractTrackedResourceLock] Execution worker Thread 12: released lock on worker lease
2025-05-20T16:04:53.822+0000 [DEBUG] [org.gradle.internal.resources.AbstractTrackedResourceLock] Execution worker Thread 13: acquired lock on worker lease
2025-05-20T16:04:53.822+0000 [DEBUG] [org.gradle.internal.resources.AbstractTrackedResourceLock] Execution worker Thread 13: released lock on worker lease
2025-05-20T16:04:53.822+0000 [DEBUG] [org.gradle.internal.resources.AbstractTrackedResourceLock] Execution worker Thread 22: acquired lock on worker lease
2025-05-20T16:04:53.822+0000 [DEBUG] [org.gradle.internal.resources.AbstractTrackedResourceLock] Execution worker Thread 22: released lock on worker lease
2025-05-20T16:04:53.822+0000 [DEBUG] [org.gradle.internal.resources.AbstractTrackedResourceLock] Execution worker Thread 18: acquired lock on worker lease
2025-05-20T16:04:53.822+0000 [DEBUG] [org.gradle.internal.resources.AbstractTrackedResourceLock] Execution worker Thread 18: released lock on worker lease
2025-05-20T16:04:53.822+0000 [DEBUG] [org.gradle.internal.resources.AbstractTrackedResourceLock] Execution worker Thread 20: acquired lock on worker lease
2025-05-20T16:04:53.822+0000 [DEBUG] [org.gradle.internal.resources.AbstractTrackedResourceLock] Execution worker Thread 20: released lock on worker lease
2025-05-20T16:04:53.822+0000 [DEBUG] [org.gradle.internal.resources.AbstractTrackedResourceLock] Execution worker Thread 19: acquired lock on worker lease
2025-05-20T16:04:53.822+0000 [DEBUG] [org.gradle.internal.resources.AbstractTrackedResourceLock] Execution worker Thread 19: released lock on worker lease
2025-05-20T16:04:53.822+0000 [DEBUG] [org.gradle.internal.resources.AbstractTrackedResourceLock] Execution worker Thread 3: acquired lock on worker lease
2025-05-20T16:04:53.822+0000 [DEBUG] [org.gradle.internal.resources.AbstractTrackedResourceLock] Execution worker Thread 3: released lock on worker lease
2025-05-20T16:04:53.822+0000 [DEBUG] [org.gradle.internal.resources.AbstractTrackedResourceLock] Execution worker Thread 17: acquired lock on worker lease
2025-05-20T16:04:53.822+0000 [DEBUG] [org.gradle.internal.resources.AbstractTrackedResourceLock] Execution worker Thread 17: released lock on worker lease
2025-05-20T16:04:53.822+0000 [DEBUG] [org.gradle.internal.resources.AbstractTrackedResourceLock] Execution worker Thread 16: acquired lock on worker lease
2025-05-20T16:04:53.822+0000 [DEBUG] [org.gradle.internal.resources.AbstractTrackedResourceLock] Execution worker Thread 16: released lock on worker lease
2025-05-20T16:04:53.822+0000 [DEBUG] [org.gradle.internal.resources.AbstractTrackedResourceLock] Execution worker Thread 15: acquired lock on worker lease
2025-05-20T16:04:53.822+0000 [DEBUG] [org.gradle.internal.resources.AbstractTrackedResourceLock] Execution worker Thread 15: released lock on worker lease
2025-05-20T16:04:53.822+0000 [DEBUG] [org.gradle.internal.resources.AbstractTrackedResourceLock] Execution worker Thread 14: acquired lock on worker lease
2025-05-20T16:04:53.822+0000 [DEBUG] [org.gradle.internal.resources.AbstractTrackedResourceLock] Execution worker Thread 14: released lock on worker lease
2025-05-20T16:04:53.822+0000 [DEBUG] [org.gradle.internal.resources.AbstractTrackedResourceLock] Execution worker Thread 2: acquired lock on worker lease
2025-05-20T16:04:53.822+0000 [DEBUG] [org.gradle.internal.resources.AbstractTrackedResourceLock] Execution worker Thread 2: released lock on worker lease
2025-05-20T16:04:53.822+0000 [DEBUG] [org.gradle.internal.resources.AbstractTrackedResourceLock] Execution worker Thread 4: acquired lock on worker lease
2025-05-20T16:04:53.822+0000 [DEBUG] [org.gradle.internal.resources.AbstractTrackedResourceLock] Execution worker Thread 4: released lock on worker lease
2025-05-20T16:04:53.822+0000 [DEBUG] [org.gradle.internal.resources.AbstractTrackedResourceLock] Execution worker Thread 5: acquired lock on worker lease
2025-05-20T16:04:53.822+0000 [DEBUG] [org.gradle.internal.resources.AbstractTrackedResourceLock] Execution worker Thread 5: released lock on worker lease
2025-05-20T16:04:53.822+0000 [DEBUG] [org.gradle.internal.resources.AbstractTrackedResourceLock] Execution worker Thread 6: acquired lock on worker lease
2025-05-20T16:04:53.822+0000 [DEBUG] [org.gradle.internal.resources.AbstractTrackedResourceLock] Execution worker Thread 6: released lock on worker lease
2025-05-20T16:04:53.822+0000 [DEBUG] [org.gradle.internal.resources.AbstractTrackedResourceLock] Execution worker Thread 7: acquired lock on worker lease
2025-05-20T16:04:53.822+0000 [DEBUG] [org.gradle.internal.resources.AbstractTrackedResourceLock] Execution worker Thread 7: released lock on worker lease
2025-05-20T16:04:53.822+0000 [DEBUG] [org.gradle.internal.resources.AbstractTrackedResourceLock] Execution worker Thread 8: acquired lock on worker lease
2025-05-20T16:04:53.822+0000 [DEBUG] [org.gradle.internal.resources.AbstractTrackedResourceLock] Execution worker Thread 8: released lock on worker lease
2025-05-20T16:04:53.822+0000 [DEBUG] [org.gradle.internal.resources.AbstractTrackedResourceLock] Execution worker Thread 9: acquired lock on worker lease
2025-05-20T16:04:53.822+0000 [DEBUG] [org.gradle.internal.resources.AbstractTrackedResourceLock] Execution worker Thread 9: released lock on worker lease
2025-05-20T16:04:53.822+0000 [DEBUG] [org.gradle.internal.resources.AbstractTrackedResourceLock] Execution worker Thread 30: acquired lock on worker lease
2025-05-20T16:04:53.823+0000 [DEBUG] [org.gradle.internal.resources.AbstractTrackedResourceLock] Execution worker Thread 30: released lock on worker lease
2025-05-20T16:04:53.823+0000 [DEBUG] [org.gradle.internal.resources.AbstractTrackedResourceLock] Execution worker Thread 28: acquired lock on worker lease
2025-05-20T16:04:53.823+0000 [DEBUG] [org.gradle.internal.resources.AbstractTrackedResourceLock] Execution worker Thread 28: released lock on worker lease
2025-05-20T16:04:53.823+0000 [DEBUG] [org.gradle.internal.resources.AbstractTrackedResourceLock] Execution worker Thread 27: acquired lock on worker lease
2025-05-20T16:04:53.823+0000 [DEBUG] [org.gradle.internal.resources.AbstractTrackedResourceLock] Execution worker Thread 27: released lock on worker lease
2025-05-20T16:04:53.823+0000 [DEBUG] [org.gradle.internal.resources.AbstractTrackedResourceLock] Execution worker Thread 31: acquired lock on worker lease
2025-05-20T16:04:53.823+0000 [DEBUG] [org.gradle.internal.resources.AbstractTrackedResourceLock] Execution worker Thread 31: released lock on worker lease
2025-05-20T16:04:53.823+0000 [DEBUG] [org.gradle.internal.resources.AbstractTrackedResourceLock] included builds: acquired lock on worker lease
2025-05-20T16:04:53.823+0000 [DEBUG] [org.gradle.internal.resources.AbstractTrackedResourceLock] included builds: released lock on worker lease
2025-05-20T16:04:53.823+0000 [DEBUG] [org.gradle.execution.plan.DefaultFinalizedExecutionPlan] Node :testClasses completed, executed: true
2025-05-20T16:04:53.823+0000 [DEBUG] [org.gradle.execution.plan.DefaultFinalizedExecutionPlan] Node :testClasses finished executing
2025-05-20T16:04:53.823+0000 [DEBUG] [org.gradle.internal.resources.AbstractTrackedResourceLock] Execution worker: released lock on state of build :
2025-05-20T16:04:53.823+0000 [DEBUG] [org.gradle.internal.resources.AbstractTrackedResourceLock] Execution worker: released lock on task execution for build :
2025-05-20T16:04:53.823+0000 [DEBUG] [org.gradle.internal.resources.AbstractTrackedResourceLock] Execution worker: acquired lock on state of build :
2025-05-20T16:04:53.823+0000 [DEBUG] [org.gradle.internal.resources.AbstractTrackedResourceLock] Execution worker: acquired lock on task execution for build :
2025-05-20T16:04:53.823+0000 [INFO] [org.gradle.execution.plan.DefaultPlanExecutor] Resolve mutations for :test (Thread[Execution worker,5,main]) started.
2025-05-20T16:04:53.823+0000 [DEBUG] [org.gradle.internal.resources.AbstractTrackedResourceLock] Execution worker Thread 29: acquired lock on worker lease
2025-05-20T16:04:53.823+0000 [DEBUG] [org.gradle.internal.resources.AbstractTrackedResourceLock] Execution worker Thread 29: released lock on worker lease
2025-05-20T16:04:53.823+0000 [DEBUG] [org.gradle.internal.operations.DefaultBuildOperationRunner] Build operation 'Resolve mutations for task :test' started
2025-05-20T16:04:53.823+0000 [DEBUG] [org.gradle.internal.resources.AbstractTrackedResourceLock] included builds: acquired lock on worker lease
2025-05-20T16:04:53.823+0000 [DEBUG] [org.gradle.internal.resources.AbstractTrackedResourceLock] included builds: released lock on worker lease
2025-05-20T16:04:53.823+0000 [DEBUG] [org.gradle.internal.resources.AbstractTrackedResourceLock] Execution worker Thread 31: acquired lock on worker lease
2025-05-20T16:04:53.823+0000 [DEBUG] [org.gradle.internal.resources.AbstractTrackedResourceLock] Execution worker Thread 31: released lock on worker lease
2025-05-20T16:04:53.823+0000 [DEBUG] [org.gradle.internal.resources.AbstractTrackedResourceLock] Execution worker Thread 27: acquired lock on worker lease
2025-05-20T16:04:53.823+0000 [DEBUG] [org.gradle.internal.resources.AbstractTrackedResourceLock] Execution worker Thread 27: released lock on worker lease
2025-05-20T16:04:53.823+0000 [DEBUG] [org.gradle.internal.resources.AbstractTrackedResourceLock] Execution worker Thread 28: acquired lock on worker lease
2025-05-20T16:04:53.823+0000 [DEBUG] [org.gradle.internal.resources.AbstractTrackedResourceLock] Execution worker Thread 28: released lock on worker lease
2025-05-20T16:04:53.823+0000 [DEBUG] [org.gradle.internal.resources.AbstractTrackedResourceLock] Execution worker Thread 30: acquired lock on worker lease
2025-05-20T16:04:53.823+0000 [DEBUG] [org.gradle.internal.resources.AbstractTrackedResourceLock] Execution worker Thread 30: released lock on worker lease
2025-05-20T16:04:53.823+0000 [DEBUG] [org.gradle.internal.resources.AbstractTrackedResourceLock] Execution worker Thread 9: acquired lock on worker lease
2025-05-20T16:04:53.823+0000 [DEBUG] [org.gradle.internal.resources.AbstractTrackedResourceLock] Execution worker Thread 9: released lock on worker lease
2025-05-20T16:04:53.823+0000 [DEBUG] [org.gradle.internal.resources.AbstractTrackedResourceLock] Execution worker Thread 8: acquired lock on worker lease
2025-05-20T16:04:53.823+0000 [DEBUG] [org.gradle.internal.resources.AbstractTrackedResourceLock] Execution worker Thread 8: released lock on worker lease
2025-05-20T16:04:53.823+0000 [DEBUG] [org.gradle.internal.resources.AbstractTrackedResourceLock] Execution worker Thread 7: acquired lock on worker lease
2025-05-20T16:04:53.823+0000 [DEBUG] [org.gradle.internal.resources.AbstractTrackedResourceLock] Execution worker Thread 7: released lock on worker lease
2025-05-20T16:04:53.823+0000 [DEBUG] [org.gradle.internal.resources.AbstractTrackedResourceLock] Execution worker Thread 6: acquired lock on worker lease
2025-05-20T16:04:53.823+0000 [DEBUG] [org.gradle.internal.resources.AbstractTrackedResourceLock] Execution worker Thread 6: released lock on worker lease
2025-05-20T16:04:53.823+0000 [DEBUG] [org.gradle.internal.resources.AbstractTrackedResourceLock] Execution worker Thread 5: acquired lock on worker lease
2025-05-20T16:04:53.823+0000 [DEBUG] [org.gradle.internal.resources.AbstractTrackedResourceLock] Execution worker Thread 5: released lock on worker lease
2025-05-20T16:04:53.824+0000 [DEBUG] [org.gradle.internal.resources.AbstractTrackedResourceLock] Execution worker Thread 4: acquired lock on worker lease
2025-05-20T16:04:53.824+0000 [DEBUG] [org.gradle.internal.resources.AbstractTrackedResourceLock] Execution worker Thread 4: released lock on worker lease
2025-05-20T16:04:53.824+0000 [DEBUG] [org.gradle.internal.operations.DefaultBuildOperationRunner] Completing Build operation 'Resolve mutations for task :test'
2025-05-20T16:04:53.824+0000 [DEBUG] [org.gradle.internal.resources.AbstractTrackedResourceLock] Execution worker Thread 2: acquired lock on worker lease
2025-05-20T16:04:53.824+0000 [DEBUG] [org.gradle.internal.resources.AbstractTrackedResourceLock] Execution worker Thread 2: released lock on worker lease
2025-05-20T16:04:53.824+0000 [DEBUG] [org.gradle.internal.operations.DefaultBuildOperationRunner] Build operation 'Resolve mutations for task :test' completed
2025-05-20T16:04:53.824+0000 [DEBUG] [org.gradle.internal.resources.AbstractTrackedResourceLock] Execution worker Thread 14: acquired lock on worker lease
2025-05-20T16:04:53.824+0000 [DEBUG] [org.gradle.internal.resources.AbstractTrackedResourceLock] Execution worker Thread 14: released lock on worker lease
2025-05-20T16:04:53.824+0000 [DEBUG] [org.gradle.internal.resources.AbstractTrackedResourceLock] Execution worker Thread 15: acquired lock on worker lease
2025-05-20T16:04:53.824+0000 [DEBUG] [org.gradle.internal.resources.AbstractTrackedResourceLock] Execution worker Thread 15: released lock on worker lease
2025-05-20T16:04:53.824+0000 [DEBUG] [org.gradle.internal.resources.AbstractTrackedResourceLock] Execution worker Thread 16: acquired lock on worker lease
2025-05-20T16:04:53.824+0000 [DEBUG] [org.gradle.internal.resources.AbstractTrackedResourceLock] Execution worker Thread 16: released lock on worker lease
2025-05-20T16:04:53.824+0000 [DEBUG] [org.gradle.internal.resources.AbstractTrackedResourceLock] Execution worker Thread 17: acquired lock on worker lease
2025-05-20T16:04:53.824+0000 [DEBUG] [org.gradle.internal.resources.AbstractTrackedResourceLock] Execution worker Thread 17: released lock on worker lease
2025-05-20T16:04:53.824+0000 [DEBUG] [org.gradle.internal.resources.AbstractTrackedResourceLock] Execution worker Thread 3: acquired lock on worker lease
2025-05-20T16:04:53.824+0000 [DEBUG] [org.gradle.internal.resources.AbstractTrackedResourceLock] Execution worker Thread 3: released lock on worker lease
2025-05-20T16:04:53.824+0000 [DEBUG] [org.gradle.internal.resources.AbstractTrackedResourceLock] Execution worker Thread 19: acquired lock on worker lease
2025-05-20T16:04:53.824+0000 [DEBUG] [org.gradle.internal.resources.AbstractTrackedResourceLock] Execution worker Thread 19: released lock on worker lease
2025-05-20T16:04:53.824+0000 [DEBUG] [org.gradle.internal.resources.AbstractTrackedResourceLock] Execution worker Thread 20: acquired lock on worker lease
2025-05-20T16:04:53.824+0000 [DEBUG] [org.gradle.internal.resources.AbstractTrackedResourceLock] Execution worker Thread 20: released lock on worker lease
2025-05-20T16:04:53.824+0000 [DEBUG] [org.gradle.internal.resources.AbstractTrackedResourceLock] Execution worker Thread 18: acquired lock on worker lease
2025-05-20T16:04:53.824+0000 [DEBUG] [org.gradle.internal.resources.AbstractTrackedResourceLock] Execution worker Thread 18: released lock on worker lease
2025-05-20T16:04:53.824+0000 [DEBUG] [org.gradle.internal.resources.AbstractTrackedResourceLock] Execution worker Thread 22: acquired lock on worker lease
2025-05-20T16:04:53.824+0000 [DEBUG] [org.gradle.internal.resources.AbstractTrackedResourceLock] Execution worker Thread 22: released lock on worker lease
2025-05-20T16:04:53.824+0000 [DEBUG] [org.gradle.internal.resources.AbstractTrackedResourceLock] Execution worker Thread 13: acquired lock on worker lease
2025-05-20T16:04:53.824+0000 [DEBUG] [org.gradle.internal.resources.AbstractTrackedResourceLock] Execution worker Thread 13: released lock on worker lease
2025-05-20T16:04:53.824+0000 [DEBUG] [org.gradle.internal.resources.AbstractTrackedResourceLock] Execution worker Thread 12: acquired lock on worker lease
2025-05-20T16:04:53.824+0000 [DEBUG] [org.gradle.internal.resources.AbstractTrackedResourceLock] Execution worker Thread 12: released lock on worker lease
2025-05-20T16:04:53.824+0000 [DEBUG] [org.gradle.internal.resources.AbstractTrackedResourceLock] Execution worker Thread 11: acquired lock on worker lease
2025-05-20T16:04:53.824+0000 [DEBUG] [org.gradle.internal.resources.AbstractTrackedResourceLock] Execution worker Thread 11: released lock on worker lease
2025-05-20T16:04:53.824+0000 [DEBUG] [org.gradle.internal.resources.AbstractTrackedResourceLock] Execution worker Thread 10: acquired lock on worker lease
2025-05-20T16:04:53.824+0000 [DEBUG] [org.gradle.internal.resources.AbstractTrackedResourceLock] Execution worker Thread 10: released lock on worker lease
2025-05-20T16:04:53.824+0000 [DEBUG] [org.gradle.internal.resources.AbstractTrackedResourceLock] Execution worker Thread 26: acquired lock on worker lease
2025-05-20T16:04:53.824+0000 [DEBUG] [org.gradle.internal.resources.AbstractTrackedResourceLock] Execution worker Thread 26: released lock on worker lease
2025-05-20T16:04:53.824+0000 [DEBUG] [org.gradle.internal.resources.AbstractTrackedResourceLock] Execution worker Thread 25: acquired lock on worker lease
2025-05-20T16:04:53.824+0000 [DEBUG] [org.gradle.internal.resources.AbstractTrackedResourceLock] Execution worker Thread 25: released lock on worker lease
2025-05-20T16:04:53.824+0000 [DEBUG] [org.gradle.internal.resources.AbstractTrackedResourceLock] Execution worker Thread 24: acquired lock on worker lease
2025-05-20T16:04:53.825+0000 [DEBUG] [org.gradle.internal.resources.AbstractTrackedResourceLock] Execution worker Thread 24: released lock on worker lease
2025-05-20T16:04:53.825+0000 [DEBUG] [org.gradle.internal.resources.AbstractTrackedResourceLock] Execution worker Thread 23: acquired lock on worker lease
2025-05-20T16:04:53.825+0000 [DEBUG] [org.gradle.internal.resources.AbstractTrackedResourceLock] Execution worker Thread 23: released lock on worker lease
2025-05-20T16:04:53.825+0000 [DEBUG] [org.gradle.internal.resources.AbstractTrackedResourceLock] Execution worker Thread 21: acquired lock on worker lease
2025-05-20T16:04:53.825+0000 [DEBUG] [org.gradle.internal.resources.AbstractTrackedResourceLock] Execution worker Thread 21: released lock on worker lease
2025-05-20T16:04:53.825+0000 [DEBUG] [org.gradle.execution.plan.DefaultFinalizedExecutionPlan] Node Resolve mutations for :test completed, executed: true
2025-05-20T16:04:53.825+0000 [DEBUG] [org.gradle.execution.plan.DefaultFinalizedExecutionPlan] Node Resolve mutations for :test finished executing
2025-05-20T16:04:53.825+0000 [DEBUG] [org.gradle.internal.resources.AbstractTrackedResourceLock] Execution worker: released lock on state of build :
2025-05-20T16:04:53.825+0000 [DEBUG] [org.gradle.internal.resources.AbstractTrackedResourceLock] Execution worker: released lock on task execution for build :
2025-05-20T16:04:53.825+0000 [DEBUG] [org.gradle.internal.resources.AbstractTrackedResourceLock] Execution worker: acquired lock on state of build :
2025-05-20T16:04:53.825+0000 [DEBUG] [org.gradle.internal.resources.AbstractTrackedResourceLock] Execution worker: acquired lock on task execution for build :
2025-05-20T16:04:53.825+0000 [INFO] [org.gradle.execution.plan.DefaultPlanExecutor] :test (Thread[Execution worker,5,main]) started.
2025-05-20T16:04:53.825+0000 [DEBUG] [org.gradle.internal.operations.DefaultBuildOperationRunner] Build operation 'Task :test' started
2025-05-20T16:04:53.825+0000 [DEBUG] [org.gradle.internal.resources.AbstractTrackedResourceLock] Execution worker Thread 29: acquired lock on worker lease
2025-05-20T16:04:53.825+0000 [DEBUG] [org.gradle.internal.resources.AbstractTrackedResourceLock] Execution worker Thread 29: released lock on worker lease
2025-05-20T16:04:53.825+0000 [DEBUG] [org.gradle.internal.resources.AbstractTrackedResourceLock] Execution worker Thread 21: acquired lock on worker lease
2025-05-20T16:04:53.825+0000 [DEBUG] [org.gradle.internal.resources.AbstractTrackedResourceLock] Execution worker Thread 21: released lock on worker lease
2025-05-20T16:04:53.825+0000 [DEBUG] [org.gradle.internal.resources.AbstractTrackedResourceLock] Execution worker Thread 23: acquired lock on worker lease
2025-05-20T16:04:53.825+0000 [DEBUG] [org.gradle.internal.resources.AbstractTrackedResourceLock] Execution worker Thread 23: released lock on worker lease
2025-05-20T16:04:53.825+0000 [DEBUG] [org.gradle.internal.resources.AbstractTrackedResourceLock] Execution worker Thread 24: acquired lock on worker lease
2025-05-20T16:04:53.825+0000 [DEBUG] [org.gradle.internal.resources.AbstractTrackedResourceLock] Execution worker Thread 24: released lock on worker lease
2025-05-20T16:04:53.826+0000 [DEBUG] [org.gradle.internal.operations.DefaultBuildOperationRunner] Build operation 'Identifying work' started
2025-05-20T16:04:53.826+0000 [DEBUG] [org.gradle.internal.resources.AbstractTrackedResourceLock] Execution worker Thread 25: acquired lock on worker lease
2025-05-20T16:04:53.826+0000 [DEBUG] [org.gradle.internal.resources.AbstractTrackedResourceLock] Execution worker Thread 25: released lock on worker lease
2025-05-20T16:04:53.826+0000 [DEBUG] [org.gradle.internal.operations.DefaultBuildOperationRunner] Completing Build operation 'Identifying work'
2025-05-20T16:04:53.826+0000 [DEBUG] [org.gradle.internal.resources.AbstractTrackedResourceLock] Execution worker Thread 26: acquired lock on worker lease
2025-05-20T16:04:53.826+0000 [DEBUG] [org.gradle.internal.resources.AbstractTrackedResourceLock] Execution worker Thread 26: released lock on worker lease
2025-05-20T16:04:53.826+0000 [DEBUG] [org.gradle.internal.resources.AbstractTrackedResourceLock] Execution worker Thread 10: acquired lock on worker lease
2025-05-20T16:04:53.826+0000 [DEBUG] [org.gradle.internal.resources.AbstractTrackedResourceLock] Execution worker Thread 10: released lock on worker lease
2025-05-20T16:04:53.826+0000 [DEBUG] [org.gradle.internal.resources.AbstractTrackedResourceLock] Execution worker Thread 11: acquired lock on worker lease
2025-05-20T16:04:53.826+0000 [DEBUG] [org.gradle.internal.resources.AbstractTrackedResourceLock] Execution worker Thread 11: released lock on worker lease
2025-05-20T16:04:53.826+0000 [DEBUG] [org.gradle.internal.resources.AbstractTrackedResourceLock] Execution worker Thread 12: acquired lock on worker lease
2025-05-20T16:04:53.826+0000 [DEBUG] [org.gradle.internal.resources.AbstractTrackedResourceLock] Execution worker Thread 12: released lock on worker lease
2025-05-20T16:04:53.826+0000 [DEBUG] [org.gradle.internal.resources.AbstractTrackedResourceLock] Execution worker Thread 13: acquired lock on worker lease
2025-05-20T16:04:53.826+0000 [DEBUG] [org.gradle.internal.resources.AbstractTrackedResourceLock] Execution worker Thread 13: released lock on worker lease
2025-05-20T16:04:53.826+0000 [DEBUG] [org.gradle.internal.resources.AbstractTrackedResourceLock] Execution worker Thread 22: acquired lock on worker lease
2025-05-20T16:04:53.826+0000 [DEBUG] [org.gradle.internal.resources.AbstractTrackedResourceLock] Execution worker Thread 22: released lock on worker lease
2025-05-20T16:04:53.826+0000 [DEBUG] [org.gradle.internal.resources.AbstractTrackedResourceLock] Execution worker Thread 18: acquired lock on worker lease
2025-05-20T16:04:53.826+0000 [DEBUG] [org.gradle.internal.resources.AbstractTrackedResourceLock] Execution worker Thread 18: released lock on worker lease
2025-05-20T16:04:53.826+0000 [DEBUG] [org.gradle.internal.resources.AbstractTrackedResourceLock] Execution worker Thread 20: acquired lock on worker lease
2025-05-20T16:04:53.826+0000 [DEBUG] [org.gradle.internal.resources.AbstractTrackedResourceLock] Execution worker Thread 20: released lock on worker lease
2025-05-20T16:04:53.826+0000 [DEBUG] [org.gradle.internal.resources.AbstractTrackedResourceLock] Execution worker Thread 19: acquired lock on worker lease
2025-05-20T16:04:53.826+0000 [DEBUG] [org.gradle.internal.resources.AbstractTrackedResourceLock] Execution worker Thread 19: released lock on worker lease
2025-05-20T16:04:53.826+0000 [DEBUG] [org.gradle.internal.resources.AbstractTrackedResourceLock] Execution worker Thread 3: acquired lock on worker lease
2025-05-20T16:04:53.826+0000 [DEBUG] [org.gradle.internal.resources.AbstractTrackedResourceLock] Execution worker Thread 3: released lock on worker lease
2025-05-20T16:04:53.826+0000 [DEBUG] [org.gradle.internal.resources.AbstractTrackedResourceLock] Execution worker Thread 17: acquired lock on worker lease
2025-05-20T16:04:53.826+0000 [DEBUG] [org.gradle.internal.resources.AbstractTrackedResourceLock] Execution worker Thread 17: released lock on worker lease
2025-05-20T16:04:53.826+0000 [DEBUG] [org.gradle.internal.resources.AbstractTrackedResourceLock] Execution worker Thread 16: acquired lock on worker lease
2025-05-20T16:04:53.826+0000 [DEBUG] [org.gradle.internal.resources.AbstractTrackedResourceLock] Execution worker Thread 16: released lock on worker lease
2025-05-20T16:04:53.826+0000 [DEBUG] [org.gradle.internal.resources.AbstractTrackedResourceLock] Execution worker Thread 15: acquired lock on worker lease
2025-05-20T16:04:53.826+0000 [DEBUG] [org.gradle.internal.resources.AbstractTrackedResourceLock] Execution worker Thread 15: released lock on worker lease
2025-05-20T16:04:53.826+0000 [DEBUG] [org.gradle.internal.resources.AbstractTrackedResourceLock] Execution worker Thread 14: acquired lock on worker lease
2025-05-20T16:04:53.826+0000 [DEBUG] [org.gradle.internal.resources.AbstractTrackedResourceLock] Execution worker Thread 14: released lock on worker lease
2025-05-20T16:04:53.826+0000 [DEBUG] [org.gradle.internal.resources.AbstractTrackedResourceLock] Execution worker Thread 2: acquired lock on worker lease
2025-05-20T16:04:53.826+0000 [DEBUG] [org.gradle.internal.resources.AbstractTrackedResourceLock] Execution worker Thread 2: released lock on worker lease
2025-05-20T16:04:53.826+0000 [DEBUG] [org.gradle.internal.resources.AbstractTrackedResourceLock] Execution worker Thread 4: acquired lock on worker lease
2025-05-20T16:04:53.826+0000 [DEBUG] [org.gradle.internal.resources.AbstractTrackedResourceLock] Execution worker Thread 4: released lock on worker lease
2025-05-20T16:04:53.826+0000 [DEBUG] [org.gradle.internal.resources.AbstractTrackedResourceLock] Execution worker Thread 5: acquired lock on worker lease
2025-05-20T16:04:53.826+0000 [DEBUG] [org.gradle.internal.resources.AbstractTrackedResourceLock] Execution worker Thread 5: released lock on worker lease
2025-05-20T16:04:53.827+0000 [DEBUG] [org.gradle.internal.resources.AbstractTrackedResourceLock] Execution worker Thread 6: acquired lock on worker lease
2025-05-20T16:04:53.827+0000 [DEBUG] [org.gradle.internal.resources.AbstractTrackedResourceLock] Execution worker Thread 6: released lock on worker lease
2025-05-20T16:04:53.827+0000 [DEBUG] [org.gradle.internal.resources.AbstractTrackedResourceLock] Execution worker Thread 7: acquired lock on worker lease
2025-05-20T16:04:53.827+0000 [DEBUG] [org.gradle.internal.resources.AbstractTrackedResourceLock] Execution worker Thread 7: released lock on worker lease
2025-05-20T16:04:53.827+0000 [DEBUG] [org.gradle.internal.resources.AbstractTrackedResourceLock] Execution worker Thread 8: acquired lock on worker lease
2025-05-20T16:04:53.827+0000 [DEBUG] [org.gradle.internal.resources.AbstractTrackedResourceLock] Execution worker Thread 8: released lock on worker lease
2025-05-20T16:04:53.827+0000 [DEBUG] [org.gradle.internal.resources.AbstractTrackedResourceLock] Execution worker Thread 9: acquired lock on worker lease
2025-05-20T16:04:53.827+0000 [DEBUG] [org.gradle.internal.resources.AbstractTrackedResourceLock] Execution worker Thread 9: released lock on worker lease
2025-05-20T16:04:53.827+0000 [DEBUG] [org.gradle.internal.resources.AbstractTrackedResourceLock] Execution worker Thread 30: acquired lock on worker lease
2025-05-20T16:04:53.827+0000 [DEBUG] [org.gradle.internal.resources.AbstractTrackedResourceLock] Execution worker Thread 30: released lock on worker lease
2025-05-20T16:04:53.827+0000 [DEBUG] [org.gradle.internal.resources.AbstractTrackedResourceLock] Execution worker Thread 28: acquired lock on worker lease
2025-05-20T16:04:53.827+0000 [DEBUG] [org.gradle.internal.resources.AbstractTrackedResourceLock] Execution worker Thread 28: released lock on worker lease
2025-05-20T16:04:53.827+0000 [DEBUG] [org.gradle.internal.resources.AbstractTrackedResourceLock] Execution worker Thread 27: acquired lock on worker lease
2025-05-20T16:04:53.827+0000 [DEBUG] [org.gradle.internal.resources.AbstractTrackedResourceLock] Execution worker Thread 27: released lock on worker lease
2025-05-20T16:04:53.827+0000 [DEBUG] [org.gradle.internal.resources.AbstractTrackedResourceLock] Execution worker Thread 31: acquired lock on worker lease
2025-05-20T16:04:53.827+0000 [DEBUG] [org.gradle.internal.resources.AbstractTrackedResourceLock] Execution worker Thread 31: released lock on worker lease
2025-05-20T16:04:53.827+0000 [DEBUG] [org.gradle.internal.resources.AbstractTrackedResourceLock] included builds: acquired lock on worker lease
2025-05-20T16:04:53.827+0000 [DEBUG] [org.gradle.internal.resources.AbstractTrackedResourceLock] included builds: released lock on worker lease
2025-05-20T16:04:53.825+0000 [LIFECYCLE] [class org.gradle.internal.buildevents.TaskExecutionLogger] 
2025-05-20T16:04:53.825+0000 [LIFECYCLE] [class org.gradle.internal.buildevents.TaskExecutionLogger] > Task :test NO-SOURCE
2025-05-20T16:04:53.825+0000 [DEBUG] [org.gradle.api.internal.tasks.execution.ResolveTaskExecutionModeExecuter] Putting task artifact state for task ':test' into context took 0.0 secs.
2025-05-20T16:04:53.826+0000 [DEBUG] [org.gradle.internal.operations.DefaultBuildOperationRunner] Build operation 'Identifying work' completed
2025-05-20T16:04:53.836+0000 [INFO] [org.gradle.internal.execution.steps.SkipEmptyWorkStep] Skipping task ':test' as it has no source files and no previous output files.
2025-05-20T16:04:53.836+0000 [DEBUG] [org.gradle.api.internal.tasks.execution.ResolveTaskExecutionModeExecuter] Removed task artifact state for task ':test' from context.
2025-05-20T16:04:53.836+0000 [DEBUG] [org.gradle.internal.operations.DefaultBuildOperationRunner] Completing Build operation 'Task :test'
2025-05-20T16:04:53.836+0000 [DEBUG] [org.gradle.internal.operations.DefaultBuildOperationRunner] Build operation 'Task :test' completed
2025-05-20T16:04:53.836+0000 [DEBUG] [org.gradle.execution.plan.DefaultFinalizedExecutionPlan] Node :test completed, executed: true
2025-05-20T16:04:53.836+0000 [DEBUG] [org.gradle.execution.plan.DefaultFinalizedExecutionPlan] Node :test finished executing
2025-05-20T16:04:53.836+0000 [DEBUG] [org.gradle.internal.resources.AbstractTrackedResourceLock] Execution worker: released lock on state of build :
2025-05-20T16:04:53.836+0000 [DEBUG] [org.gradle.internal.resources.AbstractTrackedResourceLock] Execution worker: released lock on task execution for build :
2025-05-20T16:04:53.836+0000 [DEBUG] [org.gradle.internal.resources.AbstractTrackedResourceLock] Execution worker: acquired lock on state of build :
2025-05-20T16:04:53.837+0000 [DEBUG] [org.gradle.internal.resources.AbstractTrackedResourceLock] Execution worker: acquired lock on task execution for build :
2025-05-20T16:04:53.837+0000 [INFO] [org.gradle.execution.plan.DefaultPlanExecutor] Resolve mutations for :check (Thread[Execution worker,5,main]) started.
2025-05-20T16:04:53.837+0000 [DEBUG] [org.gradle.internal.resources.AbstractTrackedResourceLock] Execution worker Thread 29: acquired lock on worker lease
2025-05-20T16:04:53.837+0000 [DEBUG] [org.gradle.internal.resources.AbstractTrackedResourceLock] Execution worker Thread 29: released lock on worker lease
2025-05-20T16:04:53.837+0000 [DEBUG] [org.gradle.internal.operations.DefaultBuildOperationRunner] Build operation 'Resolve mutations for task :check' started
2025-05-20T16:04:53.837+0000 [DEBUG] [org.gradle.internal.resources.AbstractTrackedResourceLock] included builds: acquired lock on worker lease
2025-05-20T16:04:53.837+0000 [DEBUG] [org.gradle.internal.resources.AbstractTrackedResourceLock] included builds: released lock on worker lease
2025-05-20T16:04:53.837+0000 [DEBUG] [org.gradle.internal.resources.AbstractTrackedResourceLock] Execution worker Thread 31: acquired lock on worker lease
2025-05-20T16:04:53.837+0000 [DEBUG] [org.gradle.internal.resources.AbstractTrackedResourceLock] Execution worker Thread 31: released lock on worker lease
2025-05-20T16:04:53.837+0000 [DEBUG] [org.gradle.internal.operations.DefaultBuildOperationRunner] Completing Build operation 'Resolve mutations for task :check'
2025-05-20T16:04:53.837+0000 [DEBUG] [org.gradle.internal.resources.AbstractTrackedResourceLock] Execution worker Thread 27: acquired lock on worker lease
2025-05-20T16:04:53.837+0000 [DEBUG] [org.gradle.internal.resources.AbstractTrackedResourceLock] Execution worker Thread 27: released lock on worker lease
2025-05-20T16:04:53.837+0000 [DEBUG] [org.gradle.internal.operations.DefaultBuildOperationRunner] Build operation 'Resolve mutations for task :check' completed
2025-05-20T16:04:53.837+0000 [DEBUG] [org.gradle.internal.resources.AbstractTrackedResourceLock] Execution worker Thread 28: acquired lock on worker lease
2025-05-20T16:04:53.837+0000 [DEBUG] [org.gradle.internal.resources.AbstractTrackedResourceLock] Execution worker Thread 28: released lock on worker lease
2025-05-20T16:04:53.837+0000 [DEBUG] [org.gradle.internal.resources.AbstractTrackedResourceLock] Execution worker Thread 30: acquired lock on worker lease
2025-05-20T16:04:53.837+0000 [DEBUG] [org.gradle.internal.resources.AbstractTrackedResourceLock] Execution worker Thread 30: released lock on worker lease
2025-05-20T16:04:53.837+0000 [DEBUG] [org.gradle.internal.resources.AbstractTrackedResourceLock] Execution worker Thread 9: acquired lock on worker lease
2025-05-20T16:04:53.837+0000 [DEBUG] [org.gradle.internal.resources.AbstractTrackedResourceLock] Execution worker Thread 9: released lock on worker lease
2025-05-20T16:04:53.837+0000 [DEBUG] [org.gradle.internal.resources.AbstractTrackedResourceLock] Execution worker Thread 8: acquired lock on worker lease
2025-05-20T16:04:53.837+0000 [DEBUG] [org.gradle.internal.resources.AbstractTrackedResourceLock] Execution worker Thread 8: released lock on worker lease
2025-05-20T16:04:53.837+0000 [DEBUG] [org.gradle.internal.resources.AbstractTrackedResourceLock] Execution worker Thread 7: acquired lock on worker lease
2025-05-20T16:04:53.837+0000 [DEBUG] [org.gradle.internal.resources.AbstractTrackedResourceLock] Execution worker Thread 7: released lock on worker lease
2025-05-20T16:04:53.837+0000 [DEBUG] [org.gradle.internal.resources.AbstractTrackedResourceLock] Execution worker Thread 6: acquired lock on worker lease
2025-05-20T16:04:53.837+0000 [DEBUG] [org.gradle.internal.resources.AbstractTrackedResourceLock] Execution worker Thread 6: released lock on worker lease
2025-05-20T16:04:53.837+0000 [DEBUG] [org.gradle.internal.resources.AbstractTrackedResourceLock] Execution worker Thread 5: acquired lock on worker lease
2025-05-20T16:04:53.837+0000 [DEBUG] [org.gradle.internal.resources.AbstractTrackedResourceLock] Execution worker Thread 5: released lock on worker lease
2025-05-20T16:04:53.837+0000 [DEBUG] [org.gradle.internal.resources.AbstractTrackedResourceLock] Execution worker Thread 4: acquired lock on worker lease
2025-05-20T16:04:53.837+0000 [DEBUG] [org.gradle.internal.resources.AbstractTrackedResourceLock] Execution worker Thread 4: released lock on worker lease
2025-05-20T16:04:53.838+0000 [DEBUG] [org.gradle.internal.resources.AbstractTrackedResourceLock] Execution worker Thread 2: acquired lock on worker lease
2025-05-20T16:04:53.838+0000 [DEBUG] [org.gradle.internal.resources.AbstractTrackedResourceLock] Execution worker Thread 2: released lock on worker lease
2025-05-20T16:04:53.838+0000 [DEBUG] [org.gradle.internal.resources.AbstractTrackedResourceLock] Execution worker Thread 14: acquired lock on worker lease
2025-05-20T16:04:53.838+0000 [DEBUG] [org.gradle.internal.resources.AbstractTrackedResourceLock] Execution worker Thread 14: released lock on worker lease
2025-05-20T16:04:53.838+0000 [DEBUG] [org.gradle.internal.resources.AbstractTrackedResourceLock] Execution worker Thread 15: acquired lock on worker lease
2025-05-20T16:04:53.838+0000 [DEBUG] [org.gradle.internal.resources.AbstractTrackedResourceLock] Execution worker Thread 15: released lock on worker lease
2025-05-20T16:04:53.838+0000 [DEBUG] [org.gradle.internal.resources.AbstractTrackedResourceLock] Execution worker Thread 16: acquired lock on worker lease
2025-05-20T16:04:53.838+0000 [DEBUG] [org.gradle.internal.resources.AbstractTrackedResourceLock] Execution worker Thread 16: released lock on worker lease
2025-05-20T16:04:53.838+0000 [DEBUG] [org.gradle.internal.resources.AbstractTrackedResourceLock] Execution worker Thread 17: acquired lock on worker lease
2025-05-20T16:04:53.838+0000 [DEBUG] [org.gradle.internal.resources.AbstractTrackedResourceLock] Execution worker Thread 17: released lock on worker lease
2025-05-20T16:04:53.838+0000 [DEBUG] [org.gradle.internal.resources.AbstractTrackedResourceLock] Execution worker Thread 3: acquired lock on worker lease
2025-05-20T16:04:53.838+0000 [DEBUG] [org.gradle.internal.resources.AbstractTrackedResourceLock] Execution worker Thread 3: released lock on worker lease
2025-05-20T16:04:53.838+0000 [DEBUG] [org.gradle.internal.resources.AbstractTrackedResourceLock] Execution worker Thread 19: acquired lock on worker lease
2025-05-20T16:04:53.838+0000 [DEBUG] [org.gradle.internal.resources.AbstractTrackedResourceLock] Execution worker Thread 19: released lock on worker lease
2025-05-20T16:04:53.838+0000 [DEBUG] [org.gradle.internal.resources.AbstractTrackedResourceLock] Execution worker Thread 20: acquired lock on worker lease
2025-05-20T16:04:53.838+0000 [DEBUG] [org.gradle.internal.resources.AbstractTrackedResourceLock] Execution worker Thread 20: released lock on worker lease
2025-05-20T16:04:53.838+0000 [DEBUG] [org.gradle.internal.resources.AbstractTrackedResourceLock] Execution worker Thread 18: acquired lock on worker lease
2025-05-20T16:04:53.838+0000 [DEBUG] [org.gradle.internal.resources.AbstractTrackedResourceLock] Execution worker Thread 18: released lock on worker lease
2025-05-20T16:04:53.838+0000 [DEBUG] [org.gradle.internal.resources.AbstractTrackedResourceLock] Execution worker Thread 22: acquired lock on worker lease
2025-05-20T16:04:53.838+0000 [DEBUG] [org.gradle.internal.resources.AbstractTrackedResourceLock] Execution worker Thread 22: released lock on worker lease
2025-05-20T16:04:53.838+0000 [DEBUG] [org.gradle.internal.resources.AbstractTrackedResourceLock] Execution worker Thread 13: acquired lock on worker lease
2025-05-20T16:04:53.838+0000 [DEBUG] [org.gradle.internal.resources.AbstractTrackedResourceLock] Execution worker Thread 13: released lock on worker lease
2025-05-20T16:04:53.838+0000 [DEBUG] [org.gradle.internal.resources.AbstractTrackedResourceLock] Execution worker Thread 12: acquired lock on worker lease
2025-05-20T16:04:53.838+0000 [DEBUG] [org.gradle.internal.resources.AbstractTrackedResourceLock] Execution worker Thread 12: released lock on worker lease
2025-05-20T16:04:53.838+0000 [DEBUG] [org.gradle.internal.resources.AbstractTrackedResourceLock] Execution worker Thread 11: acquired lock on worker lease
2025-05-20T16:04:53.838+0000 [DEBUG] [org.gradle.internal.resources.AbstractTrackedResourceLock] Execution worker Thread 11: released lock on worker lease
2025-05-20T16:04:53.838+0000 [DEBUG] [org.gradle.internal.resources.AbstractTrackedResourceLock] Execution worker Thread 10: acquired lock on worker lease
2025-05-20T16:04:53.838+0000 [DEBUG] [org.gradle.internal.resources.AbstractTrackedResourceLock] Execution worker Thread 10: released lock on worker lease
2025-05-20T16:04:53.838+0000 [DEBUG] [org.gradle.internal.resources.AbstractTrackedResourceLock] Execution worker Thread 26: acquired lock on worker lease
2025-05-20T16:04:53.838+0000 [DEBUG] [org.gradle.internal.resources.AbstractTrackedResourceLock] Execution worker Thread 26: released lock on worker lease
2025-05-20T16:04:53.838+0000 [DEBUG] [org.gradle.internal.resources.AbstractTrackedResourceLock] Execution worker Thread 25: acquired lock on worker lease
2025-05-20T16:04:53.838+0000 [DEBUG] [org.gradle.internal.resources.AbstractTrackedResourceLock] Execution worker Thread 25: released lock on worker lease
2025-05-20T16:04:53.838+0000 [DEBUG] [org.gradle.internal.resources.AbstractTrackedResourceLock] Execution worker Thread 24: acquired lock on worker lease
2025-05-20T16:04:53.838+0000 [DEBUG] [org.gradle.internal.resources.AbstractTrackedResourceLock] Execution worker Thread 24: released lock on worker lease
2025-05-20T16:04:53.838+0000 [DEBUG] [org.gradle.internal.resources.AbstractTrackedResourceLock] Execution worker Thread 23: acquired lock on worker lease
2025-05-20T16:04:53.838+0000 [DEBUG] [org.gradle.internal.resources.AbstractTrackedResourceLock] Execution worker Thread 23: released lock on worker lease
2025-05-20T16:04:53.838+0000 [DEBUG] [org.gradle.internal.resources.AbstractTrackedResourceLock] Execution worker Thread 21: acquired lock on worker lease
2025-05-20T16:04:53.838+0000 [DEBUG] [org.gradle.internal.resources.AbstractTrackedResourceLock] Execution worker Thread 21: released lock on worker lease
2025-05-20T16:04:53.838+0000 [DEBUG] [org.gradle.execution.plan.DefaultFinalizedExecutionPlan] Node Resolve mutations for :check completed, executed: true
2025-05-20T16:04:53.838+0000 [DEBUG] [org.gradle.execution.plan.DefaultFinalizedExecutionPlan] Node Resolve mutations for :check finished executing
2025-05-20T16:04:53.838+0000 [DEBUG] [org.gradle.internal.resources.AbstractTrackedResourceLock] Execution worker: released lock on state of build :
2025-05-20T16:04:53.838+0000 [DEBUG] [org.gradle.internal.resources.AbstractTrackedResourceLock] Execution worker: released lock on task execution for build :
2025-05-20T16:04:53.839+0000 [DEBUG] [org.gradle.internal.resources.AbstractTrackedResourceLock] Execution worker: acquired lock on state of build :
2025-05-20T16:04:53.839+0000 [DEBUG] [org.gradle.internal.resources.AbstractTrackedResourceLock] Execution worker: acquired lock on task execution for build :
2025-05-20T16:04:53.839+0000 [INFO] [org.gradle.execution.plan.DefaultPlanExecutor] :check (Thread[Execution worker,5,main]) started.
2025-05-20T16:04:53.839+0000 [DEBUG] [org.gradle.internal.resources.AbstractTrackedResourceLock] Execution worker Thread 29: acquired lock on worker lease
2025-05-20T16:04:53.839+0000 [DEBUG] [org.gradle.internal.resources.AbstractTrackedResourceLock] Execution worker Thread 29: released lock on worker lease
2025-05-20T16:04:53.839+0000 [DEBUG] [org.gradle.internal.operations.DefaultBuildOperationRunner] Build operation 'Task :check' started
2025-05-20T16:04:53.839+0000 [DEBUG] [org.gradle.internal.resources.AbstractTrackedResourceLock] Execution worker Thread 21: acquired lock on worker lease
2025-05-20T16:04:53.839+0000 [DEBUG] [org.gradle.internal.resources.AbstractTrackedResourceLock] Execution worker Thread 21: released lock on worker lease
2025-05-20T16:04:53.839+0000 [DEBUG] [org.gradle.internal.resources.AbstractTrackedResourceLock] Execution worker Thread 23: acquired lock on worker lease
2025-05-20T16:04:53.839+0000 [DEBUG] [org.gradle.internal.resources.AbstractTrackedResourceLock] Execution worker Thread 23: released lock on worker lease
2025-05-20T16:04:53.839+0000 [DEBUG] [org.gradle.internal.resources.AbstractTrackedResourceLock] Execution worker Thread 24: acquired lock on worker lease
2025-05-20T16:04:53.839+0000 [DEBUG] [org.gradle.internal.resources.AbstractTrackedResourceLock] Execution worker Thread 24: released lock on worker lease
2025-05-20T16:04:53.839+0000 [LIFECYCLE] [class org.gradle.internal.buildevents.TaskExecutionLogger] 
2025-05-20T16:04:53.839+0000 [LIFECYCLE] [class org.gradle.internal.buildevents.TaskExecutionLogger] > Task :check UP-TO-DATE
2025-05-20T16:04:53.839+0000 [INFO] [org.gradle.api.internal.tasks.execution.SkipTaskWithNoActionsExecuter] Skipping task ':check' as it has no actions.
2025-05-20T16:04:53.839+0000 [DEBUG] [org.gradle.internal.operations.DefaultBuildOperationRunner] Completing Build operation 'Task :check'
2025-05-20T16:04:53.839+0000 [DEBUG] [org.gradle.internal.operations.DefaultBuildOperationRunner] Build operation 'Task :check' completed
2025-05-20T16:04:53.839+0000 [DEBUG] [org.gradle.internal.resources.AbstractTrackedResourceLock] Execution worker Thread 25: acquired lock on worker lease
2025-05-20T16:04:53.839+0000 [DEBUG] [org.gradle.internal.resources.AbstractTrackedResourceLock] Execution worker Thread 25: released lock on worker lease
2025-05-20T16:04:53.839+0000 [DEBUG] [org.gradle.internal.resources.AbstractTrackedResourceLock] Execution worker Thread 26: acquired lock on worker lease
2025-05-20T16:04:53.839+0000 [DEBUG] [org.gradle.internal.resources.AbstractTrackedResourceLock] Execution worker Thread 26: released lock on worker lease
2025-05-20T16:04:53.839+0000 [DEBUG] [org.gradle.internal.resources.AbstractTrackedResourceLock] Execution worker Thread 10: acquired lock on worker lease
2025-05-20T16:04:53.839+0000 [DEBUG] [org.gradle.internal.resources.AbstractTrackedResourceLock] Execution worker Thread 10: released lock on worker lease
2025-05-20T16:04:53.839+0000 [DEBUG] [org.gradle.internal.resources.AbstractTrackedResourceLock] Execution worker Thread 11: acquired lock on worker lease
2025-05-20T16:04:53.839+0000 [DEBUG] [org.gradle.internal.resources.AbstractTrackedResourceLock] Execution worker Thread 11: released lock on worker lease
2025-05-20T16:04:53.839+0000 [DEBUG] [org.gradle.internal.resources.AbstractTrackedResourceLock] Execution worker Thread 12: acquired lock on worker lease
2025-05-20T16:04:53.839+0000 [DEBUG] [org.gradle.internal.resources.AbstractTrackedResourceLock] Execution worker Thread 12: released lock on worker lease
2025-05-20T16:04:53.839+0000 [DEBUG] [org.gradle.internal.resources.AbstractTrackedResourceLock] Execution worker Thread 13: acquired lock on worker lease
2025-05-20T16:04:53.839+0000 [DEBUG] [org.gradle.internal.resources.AbstractTrackedResourceLock] Execution worker Thread 13: released lock on worker lease
2025-05-20T16:04:53.839+0000 [DEBUG] [org.gradle.internal.resources.AbstractTrackedResourceLock] Execution worker Thread 22: acquired lock on worker lease
2025-05-20T16:04:53.839+0000 [DEBUG] [org.gradle.internal.resources.AbstractTrackedResourceLock] Execution worker Thread 22: released lock on worker lease
2025-05-20T16:04:53.839+0000 [DEBUG] [org.gradle.internal.resources.AbstractTrackedResourceLock] Execution worker Thread 18: acquired lock on worker lease
2025-05-20T16:04:53.839+0000 [DEBUG] [org.gradle.internal.resources.AbstractTrackedResourceLock] Execution worker Thread 18: released lock on worker lease
2025-05-20T16:04:53.839+0000 [DEBUG] [org.gradle.internal.resources.AbstractTrackedResourceLock] Execution worker Thread 20: acquired lock on worker lease
2025-05-20T16:04:53.839+0000 [DEBUG] [org.gradle.internal.resources.AbstractTrackedResourceLock] Execution worker Thread 20: released lock on worker lease
2025-05-20T16:04:53.839+0000 [DEBUG] [org.gradle.internal.resources.AbstractTrackedResourceLock] Execution worker Thread 19: acquired lock on worker lease
2025-05-20T16:04:53.839+0000 [DEBUG] [org.gradle.internal.resources.AbstractTrackedResourceLock] Execution worker Thread 19: released lock on worker lease
2025-05-20T16:04:53.839+0000 [DEBUG] [org.gradle.internal.resources.AbstractTrackedResourceLock] Execution worker Thread 3: acquired lock on worker lease
2025-05-20T16:04:53.839+0000 [DEBUG] [org.gradle.internal.resources.AbstractTrackedResourceLock] Execution worker Thread 3: released lock on worker lease
2025-05-20T16:04:53.839+0000 [DEBUG] [org.gradle.internal.resources.AbstractTrackedResourceLock] Execution worker Thread 17: acquired lock on worker lease
2025-05-20T16:04:53.839+0000 [DEBUG] [org.gradle.internal.resources.AbstractTrackedResourceLock] Execution worker Thread 17: released lock on worker lease
2025-05-20T16:04:53.839+0000 [DEBUG] [org.gradle.internal.resources.AbstractTrackedResourceLock] Execution worker Thread 16: acquired lock on worker lease
2025-05-20T16:04:53.839+0000 [DEBUG] [org.gradle.internal.resources.AbstractTrackedResourceLock] Execution worker Thread 16: released lock on worker lease
2025-05-20T16:04:53.839+0000 [DEBUG] [org.gradle.internal.resources.AbstractTrackedResourceLock] Execution worker Thread 15: acquired lock on worker lease
2025-05-20T16:04:53.839+0000 [DEBUG] [org.gradle.internal.resources.AbstractTrackedResourceLock] Execution worker Thread 15: released lock on worker lease
2025-05-20T16:04:53.839+0000 [DEBUG] [org.gradle.internal.resources.AbstractTrackedResourceLock] Execution worker Thread 14: acquired lock on worker lease
2025-05-20T16:04:53.839+0000 [DEBUG] [org.gradle.internal.resources.AbstractTrackedResourceLock] Execution worker Thread 14: released lock on worker lease
2025-05-20T16:04:53.840+0000 [DEBUG] [org.gradle.internal.resources.AbstractTrackedResourceLock] Execution worker Thread 2: acquired lock on worker lease
2025-05-20T16:04:53.840+0000 [DEBUG] [org.gradle.internal.resources.AbstractTrackedResourceLock] Execution worker Thread 2: released lock on worker lease
2025-05-20T16:04:53.840+0000 [DEBUG] [org.gradle.internal.resources.AbstractTrackedResourceLock] Execution worker Thread 4: acquired lock on worker lease
2025-05-20T16:04:53.840+0000 [DEBUG] [org.gradle.internal.resources.AbstractTrackedResourceLock] Execution worker Thread 4: released lock on worker lease
2025-05-20T16:04:53.840+0000 [DEBUG] [org.gradle.internal.resources.AbstractTrackedResourceLock] Execution worker Thread 5: acquired lock on worker lease
2025-05-20T16:04:53.840+0000 [DEBUG] [org.gradle.internal.resources.AbstractTrackedResourceLock] Execution worker Thread 5: released lock on worker lease
2025-05-20T16:04:53.840+0000 [DEBUG] [org.gradle.internal.resources.AbstractTrackedResourceLock] Execution worker Thread 6: acquired lock on worker lease
2025-05-20T16:04:53.840+0000 [DEBUG] [org.gradle.internal.resources.AbstractTrackedResourceLock] Execution worker Thread 6: released lock on worker lease
2025-05-20T16:04:53.840+0000 [DEBUG] [org.gradle.internal.resources.AbstractTrackedResourceLock] Execution worker Thread 7: acquired lock on worker lease
2025-05-20T16:04:53.840+0000 [DEBUG] [org.gradle.internal.resources.AbstractTrackedResourceLock] Execution worker Thread 7: released lock on worker lease
2025-05-20T16:04:53.840+0000 [DEBUG] [org.gradle.internal.resources.AbstractTrackedResourceLock] Execution worker Thread 8: acquired lock on worker lease
2025-05-20T16:04:53.840+0000 [DEBUG] [org.gradle.internal.resources.AbstractTrackedResourceLock] Execution worker Thread 8: released lock on worker lease
2025-05-20T16:04:53.840+0000 [DEBUG] [org.gradle.internal.resources.AbstractTrackedResourceLock] Execution worker Thread 9: acquired lock on worker lease
2025-05-20T16:04:53.840+0000 [DEBUG] [org.gradle.internal.resources.AbstractTrackedResourceLock] Execution worker Thread 9: released lock on worker lease
2025-05-20T16:04:53.840+0000 [DEBUG] [org.gradle.internal.resources.AbstractTrackedResourceLock] Execution worker Thread 30: acquired lock on worker lease
2025-05-20T16:04:53.840+0000 [DEBUG] [org.gradle.internal.resources.AbstractTrackedResourceLock] Execution worker Thread 30: released lock on worker lease
2025-05-20T16:04:53.840+0000 [DEBUG] [org.gradle.internal.resources.AbstractTrackedResourceLock] Execution worker Thread 28: acquired lock on worker lease
2025-05-20T16:04:53.840+0000 [DEBUG] [org.gradle.internal.resources.AbstractTrackedResourceLock] Execution worker Thread 28: released lock on worker lease
2025-05-20T16:04:53.840+0000 [DEBUG] [org.gradle.internal.resources.AbstractTrackedResourceLock] Execution worker Thread 27: acquired lock on worker lease
2025-05-20T16:04:53.840+0000 [DEBUG] [org.gradle.internal.resources.AbstractTrackedResourceLock] Execution worker Thread 27: released lock on worker lease
2025-05-20T16:04:53.840+0000 [DEBUG] [org.gradle.internal.resources.AbstractTrackedResourceLock] Execution worker Thread 31: acquired lock on worker lease
2025-05-20T16:04:53.840+0000 [DEBUG] [org.gradle.internal.resources.AbstractTrackedResourceLock] Execution worker Thread 31: released lock on worker lease
2025-05-20T16:04:53.840+0000 [DEBUG] [org.gradle.internal.resources.AbstractTrackedResourceLock] included builds: acquired lock on worker lease
2025-05-20T16:04:53.840+0000 [DEBUG] [org.gradle.internal.resources.AbstractTrackedResourceLock] included builds: released lock on worker lease
2025-05-20T16:04:53.840+0000 [DEBUG] [org.gradle.execution.plan.DefaultFinalizedExecutionPlan] Node :check completed, executed: true
2025-05-20T16:04:53.840+0000 [DEBUG] [org.gradle.execution.plan.DefaultFinalizedExecutionPlan] Node :check finished executing
2025-05-20T16:04:53.840+0000 [DEBUG] [org.gradle.internal.resources.AbstractTrackedResourceLock] Execution worker: released lock on state of build :
2025-05-20T16:04:53.840+0000 [DEBUG] [org.gradle.internal.resources.AbstractTrackedResourceLock] Execution worker: released lock on task execution for build :
2025-05-20T16:04:53.840+0000 [DEBUG] [org.gradle.internal.resources.AbstractTrackedResourceLock] Execution worker: acquired lock on state of build :
2025-05-20T16:04:53.840+0000 [DEBUG] [org.gradle.internal.resources.AbstractTrackedResourceLock] Execution worker: acquired lock on task execution for build :
2025-05-20T16:04:53.840+0000 [INFO] [org.gradle.execution.plan.DefaultPlanExecutor] Resolve mutations for :build (Thread[Execution worker,5,main]) started.
2025-05-20T16:04:53.840+0000 [DEBUG] [org.gradle.internal.resources.AbstractTrackedResourceLock] Execution worker Thread 29: acquired lock on worker lease
2025-05-20T16:04:53.840+0000 [DEBUG] [org.gradle.internal.resources.AbstractTrackedResourceLock] Execution worker Thread 29: released lock on worker lease
2025-05-20T16:04:53.840+0000 [DEBUG] [org.gradle.internal.operations.DefaultBuildOperationRunner] Build operation 'Resolve mutations for task :build' started
2025-05-20T16:04:53.840+0000 [DEBUG] [org.gradle.internal.resources.AbstractTrackedResourceLock] included builds: acquired lock on worker lease
2025-05-20T16:04:53.840+0000 [DEBUG] [org.gradle.internal.resources.AbstractTrackedResourceLock] included builds: released lock on worker lease
2025-05-20T16:04:53.840+0000 [DEBUG] [org.gradle.internal.resources.AbstractTrackedResourceLock] Execution worker Thread 31: acquired lock on worker lease
2025-05-20T16:04:53.840+0000 [DEBUG] [org.gradle.internal.resources.AbstractTrackedResourceLock] Execution worker Thread 31: released lock on worker lease
2025-05-20T16:04:53.840+0000 [DEBUG] [org.gradle.internal.operations.DefaultBuildOperationRunner] Completing Build operation 'Resolve mutations for task :build'
2025-05-20T16:04:53.841+0000 [DEBUG] [org.gradle.internal.operations.DefaultBuildOperationRunner] Build operation 'Resolve mutations for task :build' completed
2025-05-20T16:04:53.840+0000 [DEBUG] [org.gradle.internal.resources.AbstractTrackedResourceLock] Execution worker Thread 27: acquired lock on worker lease
2025-05-20T16:04:53.841+0000 [DEBUG] [org.gradle.internal.resources.AbstractTrackedResourceLock] Execution worker Thread 27: released lock on worker lease
2025-05-20T16:04:53.841+0000 [DEBUG] [org.gradle.internal.resources.AbstractTrackedResourceLock] Execution worker Thread 28: acquired lock on worker lease
2025-05-20T16:04:53.841+0000 [DEBUG] [org.gradle.internal.resources.AbstractTrackedResourceLock] Execution worker Thread 28: released lock on worker lease
2025-05-20T16:04:53.841+0000 [DEBUG] [org.gradle.internal.resources.AbstractTrackedResourceLock] Execution worker Thread 30: acquired lock on worker lease
2025-05-20T16:04:53.841+0000 [DEBUG] [org.gradle.internal.resources.AbstractTrackedResourceLock] Execution worker Thread 30: released lock on worker lease
2025-05-20T16:04:53.841+0000 [DEBUG] [org.gradle.internal.resources.AbstractTrackedResourceLock] Execution worker Thread 9: acquired lock on worker lease
2025-05-20T16:04:53.841+0000 [DEBUG] [org.gradle.internal.resources.AbstractTrackedResourceLock] Execution worker Thread 9: released lock on worker lease
2025-05-20T16:04:53.841+0000 [DEBUG] [org.gradle.internal.resources.AbstractTrackedResourceLock] Execution worker Thread 8: acquired lock on worker lease
2025-05-20T16:04:53.841+0000 [DEBUG] [org.gradle.internal.resources.AbstractTrackedResourceLock] Execution worker Thread 8: released lock on worker lease
2025-05-20T16:04:53.841+0000 [DEBUG] [org.gradle.internal.resources.AbstractTrackedResourceLock] Execution worker Thread 7: acquired lock on worker lease
2025-05-20T16:04:53.841+0000 [DEBUG] [org.gradle.internal.resources.AbstractTrackedResourceLock] Execution worker Thread 7: released lock on worker lease
2025-05-20T16:04:53.841+0000 [DEBUG] [org.gradle.internal.resources.AbstractTrackedResourceLock] Execution worker Thread 6: acquired lock on worker lease
2025-05-20T16:04:53.841+0000 [DEBUG] [org.gradle.internal.resources.AbstractTrackedResourceLock] Execution worker Thread 6: released lock on worker lease
2025-05-20T16:04:53.841+0000 [DEBUG] [org.gradle.internal.resources.AbstractTrackedResourceLock] Execution worker Thread 5: acquired lock on worker lease
2025-05-20T16:04:53.841+0000 [DEBUG] [org.gradle.internal.resources.AbstractTrackedResourceLock] Execution worker Thread 5: released lock on worker lease
2025-05-20T16:04:53.841+0000 [DEBUG] [org.gradle.internal.resources.AbstractTrackedResourceLock] Execution worker Thread 4: acquired lock on worker lease
2025-05-20T16:04:53.841+0000 [DEBUG] [org.gradle.internal.resources.AbstractTrackedResourceLock] Execution worker Thread 4: released lock on worker lease
2025-05-20T16:04:53.841+0000 [DEBUG] [org.gradle.internal.resources.AbstractTrackedResourceLock] Execution worker Thread 2: acquired lock on worker lease
2025-05-20T16:04:53.841+0000 [DEBUG] [org.gradle.internal.resources.AbstractTrackedResourceLock] Execution worker Thread 2: released lock on worker lease
2025-05-20T16:04:53.841+0000 [DEBUG] [org.gradle.internal.resources.AbstractTrackedResourceLock] Execution worker Thread 14: acquired lock on worker lease
2025-05-20T16:04:53.841+0000 [DEBUG] [org.gradle.internal.resources.AbstractTrackedResourceLock] Execution worker Thread 14: released lock on worker lease
2025-05-20T16:04:53.841+0000 [DEBUG] [org.gradle.internal.resources.AbstractTrackedResourceLock] Execution worker Thread 15: acquired lock on worker lease
2025-05-20T16:04:53.841+0000 [DEBUG] [org.gradle.internal.resources.AbstractTrackedResourceLock] Execution worker Thread 15: released lock on worker lease
2025-05-20T16:04:53.841+0000 [DEBUG] [org.gradle.internal.resources.AbstractTrackedResourceLock] Execution worker Thread 16: acquired lock on worker lease
2025-05-20T16:04:53.841+0000 [DEBUG] [org.gradle.internal.resources.AbstractTrackedResourceLock] Execution worker Thread 16: released lock on worker lease
2025-05-20T16:04:53.841+0000 [DEBUG] [org.gradle.internal.resources.AbstractTrackedResourceLock] Execution worker Thread 17: acquired lock on worker lease
2025-05-20T16:04:53.841+0000 [DEBUG] [org.gradle.internal.resources.AbstractTrackedResourceLock] Execution worker Thread 17: released lock on worker lease
2025-05-20T16:04:53.841+0000 [DEBUG] [org.gradle.internal.resources.AbstractTrackedResourceLock] Execution worker Thread 3: acquired lock on worker lease
2025-05-20T16:04:53.841+0000 [DEBUG] [org.gradle.internal.resources.AbstractTrackedResourceLock] Execution worker Thread 3: released lock on worker lease
2025-05-20T16:04:53.841+0000 [DEBUG] [org.gradle.internal.resources.AbstractTrackedResourceLock] Execution worker Thread 19: acquired lock on worker lease
2025-05-20T16:04:53.841+0000 [DEBUG] [org.gradle.internal.resources.AbstractTrackedResourceLock] Execution worker Thread 19: released lock on worker lease
2025-05-20T16:04:53.841+0000 [DEBUG] [org.gradle.internal.resources.AbstractTrackedResourceLock] Execution worker Thread 20: acquired lock on worker lease
2025-05-20T16:04:53.841+0000 [DEBUG] [org.gradle.internal.resources.AbstractTrackedResourceLock] Execution worker Thread 20: released lock on worker lease
2025-05-20T16:04:53.841+0000 [DEBUG] [org.gradle.internal.resources.AbstractTrackedResourceLock] Execution worker Thread 18: acquired lock on worker lease
2025-05-20T16:04:53.841+0000 [DEBUG] [org.gradle.internal.resources.AbstractTrackedResourceLock] Execution worker Thread 18: released lock on worker lease
2025-05-20T16:04:53.842+0000 [DEBUG] [org.gradle.internal.resources.AbstractTrackedResourceLock] Execution worker Thread 22: acquired lock on worker lease
2025-05-20T16:04:53.842+0000 [DEBUG] [org.gradle.internal.resources.AbstractTrackedResourceLock] Execution worker Thread 22: released lock on worker lease
2025-05-20T16:04:53.842+0000 [DEBUG] [org.gradle.internal.resources.AbstractTrackedResourceLock] Execution worker Thread 13: acquired lock on worker lease
2025-05-20T16:04:53.842+0000 [DEBUG] [org.gradle.internal.resources.AbstractTrackedResourceLock] Execution worker Thread 13: released lock on worker lease
2025-05-20T16:04:53.842+0000 [DEBUG] [org.gradle.internal.resources.AbstractTrackedResourceLock] Execution worker Thread 12: acquired lock on worker lease
2025-05-20T16:04:53.842+0000 [DEBUG] [org.gradle.internal.resources.AbstractTrackedResourceLock] Execution worker Thread 12: released lock on worker lease
2025-05-20T16:04:53.842+0000 [DEBUG] [org.gradle.internal.resources.AbstractTrackedResourceLock] Execution worker Thread 11: acquired lock on worker lease
2025-05-20T16:04:53.842+0000 [DEBUG] [org.gradle.internal.resources.AbstractTrackedResourceLock] Execution worker Thread 11: released lock on worker lease
2025-05-20T16:04:53.842+0000 [DEBUG] [org.gradle.internal.resources.AbstractTrackedResourceLock] Execution worker Thread 10: acquired lock on worker lease
2025-05-20T16:04:53.842+0000 [DEBUG] [org.gradle.internal.resources.AbstractTrackedResourceLock] Execution worker Thread 10: released lock on worker lease
2025-05-20T16:04:53.842+0000 [DEBUG] [org.gradle.internal.resources.AbstractTrackedResourceLock] Execution worker Thread 26: acquired lock on worker lease
2025-05-20T16:04:53.842+0000 [DEBUG] [org.gradle.internal.resources.AbstractTrackedResourceLock] Execution worker Thread 26: released lock on worker lease
2025-05-20T16:04:53.842+0000 [DEBUG] [org.gradle.internal.resources.AbstractTrackedResourceLock] Execution worker Thread 25: acquired lock on worker lease
2025-05-20T16:04:53.842+0000 [DEBUG] [org.gradle.internal.resources.AbstractTrackedResourceLock] Execution worker Thread 25: released lock on worker lease
2025-05-20T16:04:53.842+0000 [DEBUG] [org.gradle.internal.resources.AbstractTrackedResourceLock] Execution worker Thread 24: acquired lock on worker lease
2025-05-20T16:04:53.842+0000 [DEBUG] [org.gradle.internal.resources.AbstractTrackedResourceLock] Execution worker Thread 24: released lock on worker lease
2025-05-20T16:04:53.842+0000 [DEBUG] [org.gradle.internal.resources.AbstractTrackedResourceLock] Execution worker Thread 23: acquired lock on worker lease
2025-05-20T16:04:53.842+0000 [DEBUG] [org.gradle.internal.resources.AbstractTrackedResourceLock] Execution worker Thread 23: released lock on worker lease
2025-05-20T16:04:53.842+0000 [DEBUG] [org.gradle.internal.resources.AbstractTrackedResourceLock] Execution worker Thread 21: acquired lock on worker lease
2025-05-20T16:04:53.842+0000 [DEBUG] [org.gradle.internal.resources.AbstractTrackedResourceLock] Execution worker Thread 21: released lock on worker lease
2025-05-20T16:04:53.842+0000 [DEBUG] [org.gradle.execution.plan.DefaultFinalizedExecutionPlan] Node Resolve mutations for :build completed, executed: true
2025-05-20T16:04:53.842+0000 [DEBUG] [org.gradle.execution.plan.DefaultFinalizedExecutionPlan] Node Resolve mutations for :build finished executing
2025-05-20T16:04:53.842+0000 [DEBUG] [org.gradle.internal.resources.AbstractTrackedResourceLock] Execution worker: released lock on state of build :
2025-05-20T16:04:53.842+0000 [DEBUG] [org.gradle.internal.resources.AbstractTrackedResourceLock] Execution worker: released lock on task execution for build :
2025-05-20T16:04:53.842+0000 [DEBUG] [org.gradle.internal.resources.AbstractTrackedResourceLock] Execution worker: acquired lock on state of build :
2025-05-20T16:04:53.842+0000 [DEBUG] [org.gradle.internal.resources.AbstractTrackedResourceLock] Execution worker: acquired lock on task execution for build :
2025-05-20T16:04:53.842+0000 [INFO] [org.gradle.execution.plan.DefaultPlanExecutor] :build (Thread[Execution worker,5,main]) started.
2025-05-20T16:04:53.842+0000 [DEBUG] [org.gradle.internal.resources.AbstractTrackedResourceLock] Execution worker Thread 29: acquired lock on worker lease
2025-05-20T16:04:53.842+0000 [DEBUG] [org.gradle.internal.resources.AbstractTrackedResourceLock] Execution worker Thread 29: released lock on worker lease
2025-05-20T16:04:53.842+0000 [DEBUG] [org.gradle.internal.operations.DefaultBuildOperationRunner] Build operation 'Task :build' started
2025-05-20T16:04:53.842+0000 [DEBUG] [org.gradle.internal.resources.AbstractTrackedResourceLock] Execution worker Thread 21: acquired lock on worker lease
2025-05-20T16:04:53.842+0000 [DEBUG] [org.gradle.internal.resources.AbstractTrackedResourceLock] Execution worker Thread 21: released lock on worker lease
2025-05-20T16:04:53.842+0000 [DEBUG] [org.gradle.internal.resources.AbstractTrackedResourceLock] Execution worker Thread 23: acquired lock on worker lease
2025-05-20T16:04:53.842+0000 [DEBUG] [org.gradle.internal.resources.AbstractTrackedResourceLock] Execution worker Thread 23: released lock on worker lease
2025-05-20T16:04:53.842+0000 [LIFECYCLE] [class org.gradle.internal.buildevents.TaskExecutionLogger] 
2025-05-20T16:04:53.842+0000 [LIFECYCLE] [class org.gradle.internal.buildevents.TaskExecutionLogger] > Task :build
2025-05-20T16:04:53.842+0000 [INFO] [org.gradle.api.internal.tasks.execution.SkipTaskWithNoActionsExecuter] Skipping task ':build' as it has no actions.
2025-05-20T16:04:53.842+0000 [DEBUG] [org.gradle.internal.operations.DefaultBuildOperationRunner] Completing Build operation 'Task :build'
2025-05-20T16:04:53.842+0000 [DEBUG] [org.gradle.internal.operations.DefaultBuildOperationRunner] Build operation 'Task :build' completed
2025-05-20T16:04:53.842+0000 [DEBUG] [org.gradle.internal.resources.AbstractTrackedResourceLock] Execution worker Thread 24: acquired lock on worker lease
2025-05-20T16:04:53.842+0000 [DEBUG] [org.gradle.internal.resources.AbstractTrackedResourceLock] Execution worker Thread 24: released lock on worker lease
2025-05-20T16:04:53.842+0000 [DEBUG] [org.gradle.internal.resources.AbstractTrackedResourceLock] Execution worker Thread 25: acquired lock on worker lease
2025-05-20T16:04:53.842+0000 [DEBUG] [org.gradle.internal.resources.AbstractTrackedResourceLock] Execution worker Thread 25: released lock on worker lease
2025-05-20T16:04:53.842+0000 [DEBUG] [org.gradle.internal.resources.AbstractTrackedResourceLock] Execution worker Thread 26: acquired lock on worker lease
2025-05-20T16:04:53.842+0000 [DEBUG] [org.gradle.internal.resources.AbstractTrackedResourceLock] Execution worker Thread 26: released lock on worker lease
2025-05-20T16:04:53.843+0000 [DEBUG] [org.gradle.internal.resources.AbstractTrackedResourceLock] Execution worker Thread 10: acquired lock on worker lease
2025-05-20T16:04:53.843+0000 [DEBUG] [org.gradle.internal.resources.AbstractTrackedResourceLock] Execution worker Thread 10: released lock on worker lease
2025-05-20T16:04:53.843+0000 [DEBUG] [org.gradle.internal.resources.AbstractTrackedResourceLock] Execution worker Thread 11: acquired lock on worker lease
2025-05-20T16:04:53.843+0000 [DEBUG] [org.gradle.internal.resources.AbstractTrackedResourceLock] Execution worker Thread 11: released lock on worker lease
2025-05-20T16:04:53.843+0000 [DEBUG] [org.gradle.internal.resources.AbstractTrackedResourceLock] Execution worker Thread 12: acquired lock on worker lease
2025-05-20T16:04:53.843+0000 [DEBUG] [org.gradle.internal.resources.AbstractTrackedResourceLock] Execution worker Thread 12: released lock on worker lease
2025-05-20T16:04:53.843+0000 [DEBUG] [org.gradle.internal.resources.AbstractTrackedResourceLock] Execution worker Thread 13: acquired lock on worker lease
2025-05-20T16:04:53.843+0000 [DEBUG] [org.gradle.internal.resources.AbstractTrackedResourceLock] Execution worker Thread 13: released lock on worker lease
2025-05-20T16:04:53.843+0000 [DEBUG] [org.gradle.internal.resources.AbstractTrackedResourceLock] Execution worker Thread 22: acquired lock on worker lease
2025-05-20T16:04:53.843+0000 [DEBUG] [org.gradle.internal.resources.AbstractTrackedResourceLock] Execution worker Thread 22: released lock on worker lease
2025-05-20T16:04:53.843+0000 [DEBUG] [org.gradle.internal.resources.AbstractTrackedResourceLock] Execution worker Thread 18: acquired lock on worker lease
2025-05-20T16:04:53.843+0000 [DEBUG] [org.gradle.internal.resources.AbstractTrackedResourceLock] Execution worker Thread 18: released lock on worker lease
2025-05-20T16:04:53.843+0000 [DEBUG] [org.gradle.internal.resources.AbstractTrackedResourceLock] Execution worker Thread 20: acquired lock on worker lease
2025-05-20T16:04:53.843+0000 [DEBUG] [org.gradle.internal.resources.AbstractTrackedResourceLock] Execution worker Thread 20: released lock on worker lease
2025-05-20T16:04:53.843+0000 [DEBUG] [org.gradle.internal.resources.AbstractTrackedResourceLock] Execution worker Thread 19: acquired lock on worker lease
2025-05-20T16:04:53.843+0000 [DEBUG] [org.gradle.internal.resources.AbstractTrackedResourceLock] Execution worker Thread 19: released lock on worker lease
2025-05-20T16:04:53.843+0000 [DEBUG] [org.gradle.internal.resources.AbstractTrackedResourceLock] Execution worker Thread 3: acquired lock on worker lease
2025-05-20T16:04:53.843+0000 [DEBUG] [org.gradle.internal.resources.AbstractTrackedResourceLock] Execution worker Thread 3: released lock on worker lease
2025-05-20T16:04:53.843+0000 [DEBUG] [org.gradle.internal.resources.AbstractTrackedResourceLock] Execution worker Thread 17: acquired lock on worker lease
2025-05-20T16:04:53.843+0000 [DEBUG] [org.gradle.internal.resources.AbstractTrackedResourceLock] Execution worker Thread 17: released lock on worker lease
2025-05-20T16:04:53.843+0000 [DEBUG] [org.gradle.internal.resources.AbstractTrackedResourceLock] Execution worker Thread 16: acquired lock on worker lease
2025-05-20T16:04:53.843+0000 [DEBUG] [org.gradle.internal.resources.AbstractTrackedResourceLock] Execution worker Thread 16: released lock on worker lease
2025-05-20T16:04:53.843+0000 [DEBUG] [org.gradle.internal.resources.AbstractTrackedResourceLock] Execution worker Thread 15: acquired lock on worker lease
2025-05-20T16:04:53.843+0000 [DEBUG] [org.gradle.internal.resources.AbstractTrackedResourceLock] Execution worker Thread 15: released lock on worker lease
2025-05-20T16:04:53.843+0000 [DEBUG] [org.gradle.internal.resources.AbstractTrackedResourceLock] Execution worker Thread 14: acquired lock on worker lease
2025-05-20T16:04:53.843+0000 [DEBUG] [org.gradle.internal.resources.AbstractTrackedResourceLock] Execution worker Thread 14: released lock on worker lease
2025-05-20T16:04:53.843+0000 [DEBUG] [org.gradle.internal.resources.AbstractTrackedResourceLock] Execution worker Thread 2: acquired lock on worker lease
2025-05-20T16:04:53.843+0000 [DEBUG] [org.gradle.internal.resources.AbstractTrackedResourceLock] Execution worker Thread 2: released lock on worker lease
2025-05-20T16:04:53.843+0000 [DEBUG] [org.gradle.internal.resources.AbstractTrackedResourceLock] Execution worker Thread 4: acquired lock on worker lease
2025-05-20T16:04:53.843+0000 [DEBUG] [org.gradle.internal.resources.AbstractTrackedResourceLock] Execution worker Thread 4: released lock on worker lease
2025-05-20T16:04:53.843+0000 [DEBUG] [org.gradle.internal.resources.AbstractTrackedResourceLock] Execution worker Thread 5: acquired lock on worker lease
2025-05-20T16:04:53.843+0000 [DEBUG] [org.gradle.internal.resources.AbstractTrackedResourceLock] Execution worker Thread 5: released lock on worker lease
2025-05-20T16:04:53.843+0000 [DEBUG] [org.gradle.internal.resources.AbstractTrackedResourceLock] Execution worker Thread 6: acquired lock on worker lease
2025-05-20T16:04:53.843+0000 [DEBUG] [org.gradle.internal.resources.AbstractTrackedResourceLock] Execution worker Thread 6: released lock on worker lease
2025-05-20T16:04:53.843+0000 [DEBUG] [org.gradle.internal.resources.AbstractTrackedResourceLock] Execution worker Thread 7: acquired lock on worker lease
2025-05-20T16:04:53.843+0000 [DEBUG] [org.gradle.internal.resources.AbstractTrackedResourceLock] Execution worker Thread 7: released lock on worker lease
2025-05-20T16:04:53.843+0000 [DEBUG] [org.gradle.internal.resources.AbstractTrackedResourceLock] Execution worker Thread 8: acquired lock on worker lease
2025-05-20T16:04:53.843+0000 [DEBUG] [org.gradle.internal.resources.AbstractTrackedResourceLock] Execution worker Thread 8: released lock on worker lease
2025-05-20T16:04:53.843+0000 [DEBUG] [org.gradle.internal.resources.AbstractTrackedResourceLock] Execution worker Thread 9: acquired lock on worker lease
2025-05-20T16:04:53.843+0000 [DEBUG] [org.gradle.internal.resources.AbstractTrackedResourceLock] Execution worker Thread 9: released lock on worker lease
2025-05-20T16:04:53.844+0000 [DEBUG] [org.gradle.internal.resources.AbstractTrackedResourceLock] Execution worker Thread 30: acquired lock on worker lease
2025-05-20T16:04:53.844+0000 [DEBUG] [org.gradle.internal.resources.AbstractTrackedResourceLock] Execution worker Thread 30: released lock on worker lease
2025-05-20T16:04:53.844+0000 [DEBUG] [org.gradle.internal.resources.AbstractTrackedResourceLock] Execution worker Thread 28: acquired lock on worker lease
2025-05-20T16:04:53.844+0000 [DEBUG] [org.gradle.internal.resources.AbstractTrackedResourceLock] Execution worker Thread 28: released lock on worker lease
2025-05-20T16:04:53.844+0000 [DEBUG] [org.gradle.internal.resources.AbstractTrackedResourceLock] Execution worker Thread 27: acquired lock on worker lease
2025-05-20T16:04:53.844+0000 [DEBUG] [org.gradle.internal.resources.AbstractTrackedResourceLock] Execution worker Thread 27: released lock on worker lease
2025-05-20T16:04:53.844+0000 [DEBUG] [org.gradle.internal.resources.AbstractTrackedResourceLock] Execution worker Thread 31: acquired lock on worker lease
2025-05-20T16:04:53.844+0000 [DEBUG] [org.gradle.internal.resources.AbstractTrackedResourceLock] Execution worker Thread 31: released lock on worker lease
2025-05-20T16:04:53.844+0000 [DEBUG] [org.gradle.internal.resources.AbstractTrackedResourceLock] included builds: acquired lock on worker lease
2025-05-20T16:04:53.844+0000 [DEBUG] [org.gradle.internal.resources.AbstractTrackedResourceLock] included builds: released lock on worker lease
2025-05-20T16:04:53.844+0000 [DEBUG] [org.gradle.execution.plan.DefaultFinalizedExecutionPlan] Node :build completed, executed: true
2025-05-20T16:04:53.844+0000 [DEBUG] [org.gradle.execution.plan.DefaultFinalizedExecutionPlan] Node :build finished executing
2025-05-20T16:04:53.844+0000 [DEBUG] [org.gradle.internal.resources.AbstractTrackedResourceLock] Execution worker: released lock on state of build :
2025-05-20T16:04:53.844+0000 [DEBUG] [org.gradle.internal.resources.AbstractTrackedResourceLock] Execution worker: released lock on task execution for build :
2025-05-20T16:04:53.844+0000 [DEBUG] [org.gradle.internal.resources.AbstractTrackedResourceLock] Execution worker: released lock on worker lease
2025-05-20T16:04:53.844+0000 [DEBUG] [org.gradle.internal.resources.AbstractTrackedResourceLock] Execution worker Thread 29: acquired lock on worker lease
2025-05-20T16:04:53.844+0000 [DEBUG] [org.gradle.internal.resources.AbstractTrackedResourceLock] Execution worker Thread 29: released lock on worker lease
2025-05-20T16:04:53.844+0000 [DEBUG] [org.gradle.internal.resources.AbstractTrackedResourceLock] Execution worker Thread 31: acquired lock on worker lease
2025-05-20T16:04:53.844+0000 [DEBUG] [org.gradle.internal.resources.AbstractTrackedResourceLock] Execution worker Thread 31: released lock on worker lease
2025-05-20T16:04:53.844+0000 [DEBUG] [org.gradle.internal.resources.AbstractTrackedResourceLock] Execution worker Thread 27: acquired lock on worker lease
2025-05-20T16:04:53.844+0000 [DEBUG] [org.gradle.internal.resources.AbstractTrackedResourceLock] Execution worker Thread 27: released lock on worker lease
2025-05-20T16:04:53.844+0000 [DEBUG] [org.gradle.internal.resources.AbstractTrackedResourceLock] Execution worker Thread 28: acquired lock on worker lease
2025-05-20T16:04:53.844+0000 [DEBUG] [org.gradle.internal.resources.AbstractTrackedResourceLock] Execution worker Thread 28: released lock on worker lease
2025-05-20T16:04:53.844+0000 [DEBUG] [org.gradle.internal.resources.AbstractTrackedResourceLock] Execution worker Thread 30: acquired lock on worker lease
2025-05-20T16:04:53.844+0000 [DEBUG] [org.gradle.internal.resources.AbstractTrackedResourceLock] Execution worker Thread 30: released lock on worker lease
2025-05-20T16:04:53.844+0000 [DEBUG] [org.gradle.internal.resources.AbstractTrackedResourceLock] Execution worker Thread 9: acquired lock on worker lease
2025-05-20T16:04:53.844+0000 [DEBUG] [org.gradle.internal.resources.AbstractTrackedResourceLock] Execution worker Thread 9: released lock on worker lease
2025-05-20T16:04:53.844+0000 [DEBUG] [org.gradle.internal.resources.AbstractTrackedResourceLock] Execution worker Thread 8: acquired lock on worker lease
2025-05-20T16:04:53.844+0000 [DEBUG] [org.gradle.internal.resources.AbstractTrackedResourceLock] Execution worker Thread 8: released lock on worker lease
2025-05-20T16:04:53.844+0000 [DEBUG] [org.gradle.internal.resources.AbstractTrackedResourceLock] Execution worker Thread 7: acquired lock on worker lease
2025-05-20T16:04:53.844+0000 [DEBUG] [org.gradle.internal.resources.AbstractTrackedResourceLock] Execution worker Thread 7: released lock on worker lease
2025-05-20T16:04:53.844+0000 [DEBUG] [org.gradle.internal.resources.AbstractTrackedResourceLock] Execution worker Thread 6: acquired lock on worker lease
2025-05-20T16:04:53.844+0000 [DEBUG] [org.gradle.internal.resources.AbstractTrackedResourceLock] Execution worker Thread 6: released lock on worker lease
2025-05-20T16:04:53.845+0000 [DEBUG] [org.gradle.internal.resources.AbstractTrackedResourceLock] Execution worker Thread 5: acquired lock on worker lease
2025-05-20T16:04:53.845+0000 [DEBUG] [org.gradle.internal.resources.AbstractTrackedResourceLock] Execution worker Thread 5: released lock on worker lease
2025-05-20T16:04:53.845+0000 [DEBUG] [org.gradle.internal.resources.AbstractTrackedResourceLock] Execution worker Thread 4: acquired lock on worker lease
2025-05-20T16:04:53.845+0000 [DEBUG] [org.gradle.internal.resources.AbstractTrackedResourceLock] Execution worker Thread 4: released lock on worker lease
2025-05-20T16:04:53.845+0000 [DEBUG] [org.gradle.internal.resources.AbstractTrackedResourceLock] Execution worker Thread 2: acquired lock on worker lease
2025-05-20T16:04:53.845+0000 [DEBUG] [org.gradle.internal.resources.AbstractTrackedResourceLock] Execution worker Thread 2: released lock on worker lease
2025-05-20T16:04:53.845+0000 [DEBUG] [org.gradle.internal.resources.AbstractTrackedResourceLock] Execution worker Thread 14: acquired lock on worker lease
2025-05-20T16:04:53.845+0000 [DEBUG] [org.gradle.internal.resources.AbstractTrackedResourceLock] Execution worker Thread 14: released lock on worker lease
2025-05-20T16:04:53.845+0000 [DEBUG] [org.gradle.internal.resources.AbstractTrackedResourceLock] Execution worker Thread 15: acquired lock on worker lease
2025-05-20T16:04:53.845+0000 [DEBUG] [org.gradle.internal.resources.AbstractTrackedResourceLock] Execution worker Thread 15: released lock on worker lease
2025-05-20T16:04:53.845+0000 [DEBUG] [org.gradle.internal.resources.AbstractTrackedResourceLock] Execution worker Thread 16: acquired lock on worker lease
2025-05-20T16:04:53.845+0000 [DEBUG] [org.gradle.internal.resources.AbstractTrackedResourceLock] Execution worker Thread 16: released lock on worker lease
2025-05-20T16:04:53.845+0000 [DEBUG] [org.gradle.internal.resources.AbstractTrackedResourceLock] Execution worker Thread 17: acquired lock on worker lease
2025-05-20T16:04:53.845+0000 [DEBUG] [org.gradle.internal.resources.AbstractTrackedResourceLock] Execution worker Thread 17: released lock on worker lease
2025-05-20T16:04:53.845+0000 [DEBUG] [org.gradle.internal.resources.AbstractTrackedResourceLock] Execution worker Thread 3: acquired lock on worker lease
2025-05-20T16:04:53.845+0000 [DEBUG] [org.gradle.internal.resources.AbstractTrackedResourceLock] Execution worker Thread 3: released lock on worker lease
2025-05-20T16:04:53.845+0000 [DEBUG] [org.gradle.internal.resources.AbstractTrackedResourceLock] Execution worker Thread 19: acquired lock on worker lease
2025-05-20T16:04:53.845+0000 [DEBUG] [org.gradle.internal.resources.AbstractTrackedResourceLock] Execution worker Thread 19: released lock on worker lease
2025-05-20T16:04:53.845+0000 [DEBUG] [org.gradle.internal.resources.AbstractTrackedResourceLock] Execution worker Thread 20: acquired lock on worker lease
2025-05-20T16:04:53.845+0000 [DEBUG] [org.gradle.internal.resources.AbstractTrackedResourceLock] Execution worker Thread 20: released lock on worker lease
2025-05-20T16:04:53.845+0000 [DEBUG] [org.gradle.internal.resources.AbstractTrackedResourceLock] Execution worker Thread 18: acquired lock on worker lease
2025-05-20T16:04:53.845+0000 [DEBUG] [org.gradle.internal.resources.AbstractTrackedResourceLock] Execution worker Thread 18: released lock on worker lease
2025-05-20T16:04:53.845+0000 [DEBUG] [org.gradle.internal.resources.AbstractTrackedResourceLock] Execution worker Thread 22: acquired lock on worker lease
2025-05-20T16:04:53.845+0000 [DEBUG] [org.gradle.internal.resources.AbstractTrackedResourceLock] Execution worker Thread 22: released lock on worker lease
2025-05-20T16:04:53.845+0000 [DEBUG] [org.gradle.internal.resources.AbstractTrackedResourceLock] Execution worker Thread 13: acquired lock on worker lease
2025-05-20T16:04:53.845+0000 [DEBUG] [org.gradle.internal.resources.AbstractTrackedResourceLock] Execution worker Thread 13: released lock on worker lease
2025-05-20T16:04:53.845+0000 [DEBUG] [org.gradle.internal.resources.AbstractTrackedResourceLock] Execution worker Thread 12: acquired lock on worker lease
2025-05-20T16:04:53.845+0000 [DEBUG] [org.gradle.internal.resources.AbstractTrackedResourceLock] Execution worker Thread 12: released lock on worker lease
2025-05-20T16:04:53.845+0000 [DEBUG] [org.gradle.internal.resources.AbstractTrackedResourceLock] Execution worker Thread 11: acquired lock on worker lease
2025-05-20T16:04:53.845+0000 [DEBUG] [org.gradle.internal.resources.AbstractTrackedResourceLock] Execution worker Thread 11: released lock on worker lease
2025-05-20T16:04:53.845+0000 [DEBUG] [org.gradle.internal.resources.AbstractTrackedResourceLock] Execution worker Thread 10: acquired lock on worker lease
2025-05-20T16:04:53.845+0000 [DEBUG] [org.gradle.internal.resources.AbstractTrackedResourceLock] Execution worker Thread 10: released lock on worker lease
2025-05-20T16:04:53.845+0000 [DEBUG] [org.gradle.internal.resources.AbstractTrackedResourceLock] Execution worker Thread 26: acquired lock on worker lease
2025-05-20T16:04:53.845+0000 [DEBUG] [org.gradle.internal.resources.AbstractTrackedResourceLock] Execution worker Thread 26: released lock on worker lease
2025-05-20T16:04:53.845+0000 [DEBUG] [org.gradle.internal.resources.AbstractTrackedResourceLock] Execution worker Thread 25: acquired lock on worker lease
2025-05-20T16:04:53.845+0000 [DEBUG] [org.gradle.internal.resources.AbstractTrackedResourceLock] Execution worker Thread 25: released lock on worker lease
2025-05-20T16:04:53.845+0000 [DEBUG] [org.gradle.internal.resources.AbstractTrackedResourceLock] Execution worker Thread 24: acquired lock on worker lease
2025-05-20T16:04:53.845+0000 [DEBUG] [org.gradle.internal.resources.AbstractTrackedResourceLock] Execution worker Thread 24: released lock on worker lease
2025-05-20T16:04:53.845+0000 [DEBUG] [org.gradle.internal.resources.AbstractTrackedResourceLock] Execution worker Thread 23: acquired lock on worker lease
2025-05-20T16:04:53.845+0000 [DEBUG] [org.gradle.internal.resources.AbstractTrackedResourceLock] Execution worker Thread 23: released lock on worker lease
2025-05-20T16:04:53.845+0000 [DEBUG] [org.gradle.internal.resources.AbstractTrackedResourceLock] Execution worker Thread 21: acquired lock on worker lease
2025-05-20T16:04:53.845+0000 [DEBUG] [org.gradle.internal.resources.AbstractTrackedResourceLock] Execution worker Thread 21: released lock on worker lease
2025-05-20T16:04:53.845+0000 [DEBUG] [org.gradle.internal.resources.AbstractTrackedResourceLock] included builds: acquired lock on worker lease
2025-05-20T16:04:53.850+0000 [DEBUG] [org.gradle.internal.operations.DefaultBuildOperationRunner] Completing Build operation 'Run tasks'
2025-05-20T16:04:53.850+0000 [DEBUG] [org.gradle.internal.operations.DefaultBuildOperationRunner] Build operation 'Run tasks' completed
2025-05-20T16:04:53.850+0000 [DEBUG] [org.gradle.internal.resources.AbstractTrackedResourceLock] included builds: released lock on worker lease
2025-05-20T16:04:53.850+0000 [DEBUG] [org.gradle.internal.resources.AbstractTrackedResourceLock] Execution worker: acquired lock on worker lease
2025-05-20T16:04:53.850+0000 [DEBUG] [org.gradle.internal.resources.AbstractTrackedResourceLock] Execution worker: released lock on worker lease
2025-05-20T16:04:53.850+0000 [DEBUG] [org.gradle.internal.resources.AbstractTrackedResourceLock] Daemon worker: acquired lock on worker lease
2025-05-20T16:04:53.850+0000 [DEBUG] [org.gradle.internal.resources.AbstractTrackedResourceLock] Execution worker Thread 21: acquired lock on worker lease
2025-05-20T16:04:53.850+0000 [DEBUG] [org.gradle.internal.resources.AbstractTrackedResourceLock] Execution worker Thread 21: released lock on worker lease
2025-05-20T16:04:53.850+0000 [DEBUG] [org.gradle.internal.operations.DefaultBuildOperationRunner] Completing Build operation 'Run main tasks'
2025-05-20T16:04:53.850+0000 [DEBUG] [org.gradle.internal.operations.DefaultBuildOperationRunner] Build operation 'Run main tasks' completed
2025-05-20T16:04:53.850+0000 [DEBUG] [org.gradle.internal.resources.AbstractTrackedResourceLock] Execution worker Thread 23: acquired lock on worker lease
2025-05-20T16:04:53.850+0000 [DEBUG] [org.gradle.internal.resources.AbstractTrackedResourceLock] Execution worker Thread 23: released lock on worker lease
2025-05-20T16:04:53.850+0000 [DEBUG] [org.gradle.internal.resources.AbstractTrackedResourceLock] Execution worker Thread 24: acquired lock on worker lease
2025-05-20T16:04:53.850+0000 [DEBUG] [org.gradle.internal.resources.AbstractTrackedResourceLock] Execution worker Thread 24: released lock on worker lease
2025-05-20T16:04:53.850+0000 [DEBUG] [org.gradle.internal.resources.AbstractTrackedResourceLock] Execution worker Thread 25: acquired lock on worker lease
2025-05-20T16:04:53.850+0000 [DEBUG] [org.gradle.internal.resources.AbstractTrackedResourceLock] Execution worker Thread 25: released lock on worker lease
2025-05-20T16:04:53.850+0000 [DEBUG] [org.gradle.internal.resources.AbstractTrackedResourceLock] Execution worker Thread 26: acquired lock on worker lease
2025-05-20T16:04:53.850+0000 [DEBUG] [org.gradle.internal.resources.AbstractTrackedResourceLock] Execution worker Thread 26: released lock on worker lease
2025-05-20T16:04:53.851+0000 [DEBUG] [org.gradle.internal.resources.AbstractTrackedResourceLock] Execution worker Thread 10: acquired lock on worker lease
2025-05-20T16:04:53.851+0000 [DEBUG] [org.gradle.internal.resources.AbstractTrackedResourceLock] Execution worker Thread 10: released lock on worker lease
2025-05-20T16:04:53.851+0000 [DEBUG] [org.gradle.internal.resources.AbstractTrackedResourceLock] Execution worker Thread 11: acquired lock on worker lease
2025-05-20T16:04:53.851+0000 [DEBUG] [org.gradle.internal.resources.AbstractTrackedResourceLock] Execution worker Thread 11: released lock on worker lease
2025-05-20T16:04:53.851+0000 [DEBUG] [org.gradle.internal.resources.AbstractTrackedResourceLock] Execution worker Thread 12: acquired lock on worker lease
2025-05-20T16:04:53.851+0000 [DEBUG] [org.gradle.internal.resources.AbstractTrackedResourceLock] Execution worker Thread 12: released lock on worker lease
2025-05-20T16:04:53.851+0000 [DEBUG] [org.gradle.internal.resources.AbstractTrackedResourceLock] Execution worker Thread 13: acquired lock on worker lease
2025-05-20T16:04:53.851+0000 [DEBUG] [org.gradle.internal.resources.AbstractTrackedResourceLock] Execution worker Thread 13: released lock on worker lease
2025-05-20T16:04:53.851+0000 [DEBUG] [org.gradle.internal.resources.AbstractTrackedResourceLock] Execution worker Thread 22: acquired lock on worker lease
2025-05-20T16:04:53.851+0000 [DEBUG] [org.gradle.internal.resources.AbstractTrackedResourceLock] Execution worker Thread 22: released lock on worker lease
2025-05-20T16:04:53.851+0000 [DEBUG] [org.gradle.internal.resources.AbstractTrackedResourceLock] Execution worker Thread 18: acquired lock on worker lease
2025-05-20T16:04:53.851+0000 [DEBUG] [org.gradle.internal.resources.AbstractTrackedResourceLock] Execution worker Thread 18: released lock on worker lease
2025-05-20T16:04:53.851+0000 [DEBUG] [org.gradle.internal.resources.AbstractTrackedResourceLock] Execution worker Thread 20: acquired lock on worker lease
2025-05-20T16:04:53.851+0000 [DEBUG] [org.gradle.internal.resources.AbstractTrackedResourceLock] Execution worker Thread 20: released lock on worker lease
2025-05-20T16:04:53.851+0000 [DEBUG] [org.gradle.internal.resources.AbstractTrackedResourceLock] Execution worker Thread 19: acquired lock on worker lease
2025-05-20T16:04:53.851+0000 [DEBUG] [org.gradle.internal.resources.AbstractTrackedResourceLock] Execution worker Thread 19: released lock on worker lease
2025-05-20T16:04:53.851+0000 [DEBUG] [org.gradle.internal.resources.AbstractTrackedResourceLock] Execution worker Thread 3: acquired lock on worker lease
2025-05-20T16:04:53.851+0000 [DEBUG] [org.gradle.internal.resources.AbstractTrackedResourceLock] Execution worker Thread 3: released lock on worker lease
2025-05-20T16:04:53.851+0000 [DEBUG] [org.gradle.internal.resources.AbstractTrackedResourceLock] Execution worker Thread 17: acquired lock on worker lease
2025-05-20T16:04:53.851+0000 [DEBUG] [org.gradle.internal.resources.AbstractTrackedResourceLock] Execution worker Thread 17: released lock on worker lease
2025-05-20T16:04:53.851+0000 [DEBUG] [org.gradle.internal.resources.AbstractTrackedResourceLock] Execution worker Thread 16: acquired lock on worker lease
2025-05-20T16:04:53.851+0000 [DEBUG] [org.gradle.internal.resources.AbstractTrackedResourceLock] Execution worker Thread 16: released lock on worker lease
2025-05-20T16:04:53.851+0000 [DEBUG] [org.gradle.internal.resources.AbstractTrackedResourceLock] Execution worker Thread 15: acquired lock on worker lease
2025-05-20T16:04:53.851+0000 [DEBUG] [org.gradle.internal.resources.AbstractTrackedResourceLock] Execution worker Thread 15: released lock on worker lease
2025-05-20T16:04:53.851+0000 [DEBUG] [org.gradle.internal.resources.AbstractTrackedResourceLock] Execution worker Thread 14: acquired lock on worker lease
2025-05-20T16:04:53.851+0000 [DEBUG] [org.gradle.internal.resources.AbstractTrackedResourceLock] Execution worker Thread 14: released lock on worker lease
2025-05-20T16:04:53.851+0000 [DEBUG] [org.gradle.internal.resources.AbstractTrackedResourceLock] Execution worker Thread 2: acquired lock on worker lease
2025-05-20T16:04:53.851+0000 [DEBUG] [org.gradle.internal.resources.AbstractTrackedResourceLock] Execution worker Thread 2: released lock on worker lease
2025-05-20T16:04:53.851+0000 [DEBUG] [org.gradle.internal.resources.AbstractTrackedResourceLock] Execution worker Thread 4: acquired lock on worker lease
2025-05-20T16:04:53.851+0000 [DEBUG] [org.gradle.internal.resources.AbstractTrackedResourceLock] Execution worker Thread 4: released lock on worker lease
2025-05-20T16:04:53.851+0000 [DEBUG] [org.gradle.internal.resources.AbstractTrackedResourceLock] Execution worker Thread 5: acquired lock on worker lease
2025-05-20T16:04:53.851+0000 [DEBUG] [org.gradle.internal.resources.AbstractTrackedResourceLock] Execution worker Thread 5: released lock on worker lease
2025-05-20T16:04:53.851+0000 [DEBUG] [org.gradle.internal.resources.AbstractTrackedResourceLock] Execution worker Thread 6: acquired lock on worker lease
2025-05-20T16:04:53.851+0000 [DEBUG] [org.gradle.internal.resources.AbstractTrackedResourceLock] Execution worker Thread 6: released lock on worker lease
2025-05-20T16:04:53.851+0000 [DEBUG] [org.gradle.internal.resources.AbstractTrackedResourceLock] Execution worker Thread 7: acquired lock on worker lease
2025-05-20T16:04:53.851+0000 [DEBUG] [org.gradle.internal.resources.AbstractTrackedResourceLock] Execution worker Thread 7: released lock on worker lease
2025-05-20T16:04:53.851+0000 [DEBUG] [org.gradle.internal.resources.AbstractTrackedResourceLock] Execution worker Thread 8: acquired lock on worker lease
2025-05-20T16:04:53.851+0000 [DEBUG] [org.gradle.internal.resources.AbstractTrackedResourceLock] Execution worker Thread 8: released lock on worker lease
2025-05-20T16:04:53.851+0000 [DEBUG] [org.gradle.internal.resources.AbstractTrackedResourceLock] Execution worker Thread 9: acquired lock on worker lease
2025-05-20T16:04:53.851+0000 [DEBUG] [org.gradle.internal.resources.AbstractTrackedResourceLock] Execution worker Thread 9: released lock on worker lease
2025-05-20T16:04:53.851+0000 [DEBUG] [org.gradle.internal.resources.AbstractTrackedResourceLock] Execution worker Thread 30: acquired lock on worker lease
2025-05-20T16:04:53.851+0000 [DEBUG] [org.gradle.internal.resources.AbstractTrackedResourceLock] Execution worker Thread 30: released lock on worker lease
2025-05-20T16:04:53.851+0000 [DEBUG] [org.gradle.internal.resources.AbstractTrackedResourceLock] Execution worker Thread 28: acquired lock on worker lease
2025-05-20T16:04:53.851+0000 [DEBUG] [org.gradle.internal.resources.AbstractTrackedResourceLock] Execution worker Thread 28: released lock on worker lease
2025-05-20T16:04:53.851+0000 [DEBUG] [org.gradle.internal.resources.AbstractTrackedResourceLock] Execution worker Thread 27: acquired lock on worker lease
2025-05-20T16:04:53.851+0000 [DEBUG] [org.gradle.internal.resources.AbstractTrackedResourceLock] Execution worker Thread 27: released lock on worker lease
2025-05-20T16:04:53.851+0000 [DEBUG] [org.gradle.internal.resources.AbstractTrackedResourceLock] Execution worker Thread 31: acquired lock on worker lease
2025-05-20T16:04:53.851+0000 [DEBUG] [org.gradle.internal.resources.AbstractTrackedResourceLock] Execution worker Thread 31: released lock on worker lease
2025-05-20T16:04:53.852+0000 [DEBUG] [org.gradle.internal.resources.AbstractTrackedResourceLock] Execution worker Thread 29: acquired lock on worker lease
2025-05-20T16:04:53.852+0000 [DEBUG] [org.gradle.internal.resources.AbstractTrackedResourceLock] Execution worker Thread 29: released lock on worker lease
2025-05-20T16:04:53.854+0000 [LIFECYCLE] [org.gradle.internal.buildevents.BuildResultLogger] 
2025-05-20T16:04:53.855+0000 [LIFECYCLE] [org.gradle.internal.buildevents.BuildResultLogger] BUILD SUCCESSFUL in 6s
2025-05-20T16:04:53.856+0000 [LIFECYCLE] [org.gradle.internal.buildevents.TaskExecutionStatisticsReporter] 2 actionable tasks: 2 executed
2025-05-20T16:04:53.856+0000 [DEBUG] [org.gradle.internal.operations.DefaultBuildOperationRunner] Build operation 'Build finished for file system watching' started
2025-05-20T16:04:53.858+0000 [INFO] [org.gradle.internal.watch.registry.impl.WatchableHierarchies] Some of the file system contents retained in the virtual file system are on file systems that Gradle doesn't support watching. The relevant state was discarded to ensure changes to these locations are properly detected. You can override this by explicitly enabling file system watching.
2025-05-20T16:04:53.859+0000 [DEBUG] [org.gradle.internal.operations.DefaultBuildOperationRunner] Completing Build operation 'Build finished for file system watching'
2025-05-20T16:04:53.859+0000 [DEBUG] [org.gradle.internal.operations.DefaultBuildOperationRunner] Build operation 'Build finished for file system watching' completed
2025-05-20T16:04:53.871+0000 [DEBUG] [org.gradle.cache.internal.LockOnDemandCrossProcessCacheAccess] Releasing file lock for cache directory md-supplier (/root/.gradle/caches/8.2/md-supplier)
2025-05-20T16:04:53.871+0000 [DEBUG] [org.gradle.cache.internal.DefaultFileLockManager] Releasing lock on cache directory md-supplier (/root/.gradle/caches/8.2/md-supplier).
2025-05-20T16:04:53.872+0000 [DEBUG] [org.gradle.cache.internal.LockOnDemandCrossProcessCacheAccess] Releasing file lock for execution history cache (/ws-code/.gradle/8.2/executionHistory)
2025-05-20T16:04:53.873+0000 [DEBUG] [org.gradle.cache.internal.btree.BTreePersistentIndexedCache] Closing cache executionHistory.bin (/ws-code/.gradle/8.2/executionHistory/executionHistory.bin)
2025-05-20T16:04:53.874+0000 [DEBUG] [org.gradle.cache.internal.DefaultFileLockManager] Releasing lock on execution history cache (/ws-code/.gradle/8.2/executionHistory).
2025-05-20T16:04:53.877+0000 [DEBUG] [org.gradle.cache.internal.LockOnDemandCrossProcessCacheAccess] Releasing file lock for Build Output Cleanup Cache (/ws-code/.gradle/buildOutputCleanup)
2025-05-20T16:04:53.878+0000 [DEBUG] [org.gradle.cache.internal.btree.BTreePersistentIndexedCache] Closing cache outputFiles.bin (/ws-code/.gradle/buildOutputCleanup/outputFiles.bin)
2025-05-20T16:04:53.878+0000 [DEBUG] [org.gradle.cache.internal.DefaultFileLockManager] Releasing lock on Build Output Cleanup Cache (/ws-code/.gradle/buildOutputCleanup).
2025-05-20T16:04:53.882+0000 [DEBUG] [org.gradle.cache.internal.LockOnDemandCrossProcessCacheAccess] Releasing file lock for cache directory md-rule (/root/.gradle/caches/8.2/md-rule)
2025-05-20T16:04:53.882+0000 [DEBUG] [org.gradle.cache.internal.DefaultFileLockManager] Releasing lock on cache directory md-rule (/root/.gradle/caches/8.2/md-rule).
2025-05-20T16:04:53.887+0000 [DEBUG] [org.gradle.api.internal.artifacts.ivyservice.resolveengine.store.CachedStoreFactory] Resolution result cache closed. Cache reads: 0, disk reads: 0 (avg: 0.0 secs, total: 0.0 secs)
2025-05-20T16:04:53.888+0000 [DEBUG] [org.gradle.api.internal.artifacts.ivyservice.resolveengine.store.CachedStoreFactory] Resolution result cache closed. Cache reads: 0, disk reads: 0 (avg: 0.0 secs, total: 0.0 secs)
2025-05-20T16:04:53.888+0000 [DEBUG] [org.gradle.api.internal.artifacts.ivyservice.resolveengine.store.ResolutionResultsStoreFactory] Deleted 2 resolution results binary files in 0.001 secs
2025-05-20T16:04:53.889+0000 [DEBUG] [org.gradle.internal.operations.DefaultBuildOperationRunner] Completing Build operation 'Run build'
2025-05-20T16:04:53.889+0000 [DEBUG] [org.gradle.internal.operations.DefaultBuildOperationRunner] Build operation 'Run build' completed
2025-05-20T16:04:53.889+0000 [DEBUG] [org.gradle.internal.resources.AbstractTrackedResourceLock] Daemon worker: released lock on worker lease
2025-05-20T16:04:53.890+0000 [DEBUG] [org.gradle.deployment.internal.DefaultDeploymentRegistry] Stopping 0 deployment handles
2025-05-20T16:04:53.890+0000 [DEBUG] [org.gradle.deployment.internal.DefaultDeploymentRegistry] Stopped deployment handles
2025-05-20T16:04:53.890+0000 [DEBUG] [org.gradle.cache.internal.LockOnDemandCrossProcessCacheAccess] Releasing file lock for checksums cache (/ws-code/.gradle/8.2/checksums)
2025-05-20T16:04:53.891+0000 [DEBUG] [org.gradle.cache.internal.btree.BTreePersistentIndexedCache] Closing cache md5-checksums.bin (/ws-code/.gradle/8.2/checksums/md5-checksums.bin)
2025-05-20T16:04:53.892+0000 [DEBUG] [org.gradle.cache.internal.btree.BTreePersistentIndexedCache] Closing cache sha1-checksums.bin (/ws-code/.gradle/8.2/checksums/sha1-checksums.bin)
2025-05-20T16:04:53.892+0000 [DEBUG] [org.gradle.cache.internal.DefaultFileLockManager] Releasing lock on checksums cache (/ws-code/.gradle/8.2/checksums).
2025-05-20T16:04:53.894+0000 [DEBUG] [org.gradle.cache.internal.LockOnDemandCrossProcessCacheAccess] Releasing file lock for file hash cache (/ws-code/.gradle/8.2/fileHashes)
2025-05-20T16:04:53.894+0000 [DEBUG] [org.gradle.cache.internal.btree.BTreePersistentIndexedCache] Closing cache fileHashes.bin (/ws-code/.gradle/8.2/fileHashes/fileHashes.bin)
2025-05-20T16:04:53.895+0000 [DEBUG] [org.gradle.cache.internal.btree.BTreePersistentIndexedCache] Closing cache resourceHashesCache.bin (/ws-code/.gradle/8.2/fileHashes/resourceHashesCache.bin)
2025-05-20T16:04:53.896+0000 [DEBUG] [org.gradle.cache.internal.DefaultFileLockManager] Releasing lock on file hash cache (/ws-code/.gradle/8.2/fileHashes).
2025-05-20T16:04:53.904+0000 [DEBUG] [org.gradle.cache.internal.DefaultCacheCoordinator] Cache VCS Checkout Cache (/ws-code/.gradle/vcs-1) was closed 0 times.
2025-05-20T16:04:53.905+0000 [DEBUG] [org.gradle.cache.internal.DefaultCacheCoordinator] Cache VCS metadata (/ws-code/.gradle/8.2/vcsMetadata) was closed 0 times.
2025-05-20T16:04:53.905+0000 [DEBUG] [org.gradle.cache.internal.LockOnDemandCrossProcessCacheAccess] Releasing file lock for dependencies-accessors (/ws-code/.gradle/8.2/dependencies-accessors)
2025-05-20T16:04:53.905+0000 [DEBUG] [org.gradle.cache.internal.DefaultFileLockManager] Releasing lock on dependencies-accessors (/ws-code/.gradle/8.2/dependencies-accessors).
2025-05-20T16:04:53.936+0000 [DEBUG] [org.gradle.cache.internal.VersionSpecificCacheCleanupAction] Processed version-specific caches at /ws-code/.gradle for cleanup in 0.013 secs
2025-05-20T16:04:53.946+0000 [DEBUG] [org.gradle.launcher.daemon.server.exec.ExecuteBuild] The daemon has finished executing the build.
2025-05-20T16:04:55.654+0000 [DEBUG] [org.gradle.launcher.daemon.client.DaemonClientInputForwarder] Dispatching close input message: org.gradle.launcher.daemon.protocol.CloseInput@61b3164a
2025-05-20T16:04:55.654+0000 [DEBUG] [org.gradle.launcher.daemon.client.DaemonClientConnection] thread 31: dispatching class org.gradle.launcher.daemon.protocol.CloseInput
2025-05-20T16:04:55.654+0000 [DEBUG] [org.gradle.launcher.daemon.client.DaemonClient] Received result Success[value=org.gradle.launcher.exec.BuildActionResult@4d722ac9] from daemon DaemonInfo{pid=134, address=[486b8d65-e797-4f6a-82f3-0e66ba175d07 port:44419, addresses:[/127.0.0.1]], state=Busy, lastBusy=1747757088167, context=DefaultDaemonContext[uid=3cc85f89-84f9-4268-b889-52f1271f32cf,javaHome=/usr/lib/jvm/java-11-openjdk-amd64,daemonRegistryDir=/root/.gradle/daemon,pid=134,idleTimeout=10800000,priority=NORMAL,applyInstrumentationAgent=true,daemonOpts=--add-opens=java.base/java.util=ALL-UNNAMED,--add-opens=java.base/java.lang=ALL-UNNAMED,--add-opens=java.base/java.lang.invoke=ALL-UNNAMED,--add-opens=java.prefs/java.util.prefs=ALL-UNNAMED,--add-opens=java.base/java.nio.charset=ALL-UNNAMED,--add-opens=java.base/java.net=ALL-UNNAMED,--add-opens=java.base/java.util.concurrent.atomic=ALL-UNNAMED,-XX:MaxMetaspaceSize=384m,-XX:+HeapDumpOnOutOfMemoryError,-Xms256m,-Xmx512m,-Dfile.encoding=US-ASCII,-Duser.country=US,-Duser.language=en,-Duser.variant]} (build should be done).
2025-05-20T16:04:55.654+0000 [DEBUG] [org.gradle.launcher.daemon.client.DaemonClientConnection] thread 1: dispatching class org.gradle.launcher.daemon.protocol.Finished
2025-05-20T16:04:55.654+0000 [DEBUG] [org.gradle.launcher.daemon.client.DaemonClientConnection] thread 1: connection stop
2025-05-20T16:04:55.655+0000 [LIFECYCLE] [org.gradle.launcher.cli.DebugLoggerWarningAction] 
#############################################################################
   WARNING WARNING WARNING WARNING WARNING WARNING WARNING WARNING WARNING

   Debug level logging will leak security sensitive information!

   For more details, please refer to https://docs.gradle.org/8.2/userguide/logging.html#sec:debug_security in the Gradle documentation.
#############################################################################

